x_mm,y_mm,z_mm,position_found,pose_found,best_position_error_mm,rcond,joint_margin_deg,orientation_error_deg,position_error_mm,status,q1_rad,q2_rad,q3_rad,q4_rad,q5_rad,q6_rad,target_roll_deg,target_pitch_deg,target_yaw_deg
-450,-150.00000000000003,-100,0,0,132.98115424125697,,,,,position_unresolved,,,,,,,0,0,-161.56505117707798
-450,-150.00000000000003,-50,0,0,116.35219522536805,,,,,position_unresolved,,,,,,,0,0,-161.56505117707798
-450,-150.00000000000003,0,0,0,104.23353077108979,,,,,position_unresolved,,,,,,,0,0,-161.56505117707798
-450,-150.00000000000003,50,0,0,96.961320188393529,,,,,position_unresolved,,,,,,,0,0,-161.56505117707798
-450,-150.00000000000003,100,0,0,94.753280997668526,,,,,position_unresolved,,,,,,,0,0,-161.56505117707798
-450,-100,-150.00000000000003,0,0,142.20862970164913,,,,,position_unresolved,,,,,,,0,0,-167.47119229084848
-450,-100,-100,0,0,120.91429946818239,,,,,position_unresolved,,,,,,,0,0,-167.47119229084848
-450,-100,-50,0,0,103.8800359683142,,,,,position_unresolved,,,,,,,0,0,-167.47119229084848
-450,-100,0,0,0,91.448183746192527,,,,,position_unresolved,,,,,,,0,0,-167.47119229084848
-450,-100,50,0,0,83.980262747832413,,,,,position_unresolved,,,,,,,0,0,-167.47119229084848
-450,-100,100,0,0,81.711592834362307,,,,,position_unresolved,,,,,,,0,0,-167.47119229084848
-450,-100,150.00000000000003,0,0,84.716564773605441,,,,,position_unresolved,,,,,,,0,0,-167.47119229084848
-450,-50,-150.00000000000003,0,0,135.22418530182497,,,,,position_unresolved,,,,,,,0,0,-173.65980825409011
-450,-50,-100,0,0,113.53567762845071,,,,,position_unresolved,,,,,,,0,0,-173.65980825409011
-450,-50,-50,0,0,96.24352227607902,,,,,position_unresolved,,,,,,,0,0,-173.65980825409011
-450,-50,0,0,0,83.611683379159899,,,,,position_unresolved,,,,,,,0,0,-173.65980825409011
-450,-50,50,0,0,76.018468585558111,,,,,position_unresolved,,,,,,,0,0,-173.65980825409011
-450,-50,100,0,0,73.71093165536783,,,,,position_unresolved,,,,,,,0,0,-173.65980825409011
-450,-50,150.00000000000003,0,0,76.767303260926866,,,,,position_unresolved,,,,,,,0,0,-173.65980825409011
-450,0,-150.00000000000003,0,0,132.87573150928915,,,,,position_unresolved,,,,,,,0,0,180
-450,0,-100,0,0,111.05203913538679,,,,,position_unresolved,,,,,,,0,0,180
-450,0,-50,0,0,93.671280354014726,,,,,position_unresolved,,,,,,,0,0,180
-450,0,0,0,0,80.970602898104161,,,,,position_unresolved,,,,,,,0,0,180
-450,0,50,0,0,73.334200764923125,,,,,position_unresolved,,,,,,,0,0,180
-450,0,100,0,0,71.013257385542943,,,,,position_unresolved,,,,,,,0,0,180
-450,0,150.00000000000003,0,0,74.087357385685067,,,,,position_unresolved,,,,,,,0,0,180
-450,50,-150.00000000000003,0,0,135.22413704235274,,,,,position_unresolved,,,,,,,0,0,173.65980825409011
-450,50,-100,0,0,113.53567762845073,,,,,position_unresolved,,,,,,,0,0,173.65980825409011
-450,50,-50,0,0,96.243522276079034,,,,,position_unresolved,,,,,,,0,0,173.65980825409011
-450,50,0,0,0,83.611683379159885,,,,,position_unresolved,,,,,,,0,0,173.65980825409011
-450,50,50,0,0,76.018468585558125,,,,,position_unresolved,,,,,,,0,0,173.65980825409011
-450,50,100,0,0,73.71093165536783,,,,,position_unresolved,,,,,,,0,0,173.65980825409011
-450,50,150.00000000000003,0,0,76.76730326092688,,,,,position_unresolved,,,,,,,0,0,173.65980825409011
-450,100,-150.00000000000003,0,0,142.20239635285924,,,,,position_unresolved,,,,,,,0,0,167.47119229084848
-450,100,-100,0,0,120.91429946818239,,,,,position_unresolved,,,,,,,0,0,167.47119229084848
-450,100,-50,0,0,103.8800359683142,,,,,position_unresolved,,,,,,,0,0,167.47119229084848
-450,100,0,0,0,91.448183746192512,,,,,position_unresolved,,,,,,,0,0,167.47119229084848
-450,100,50,0,0,83.980262747832441,,,,,position_unresolved,,,,,,,0,0,167.47119229084848
-450,100,100,0,0,81.711592834362321,,,,,position_unresolved,,,,,,,0,0,167.47119229084848
-450,100,150.00000000000003,0,0,84.716564773605441,,,,,position_unresolved,,,,,,,0,0,167.47119229084848
-450,150.00000000000003,-100,0,0,132.98115424125697,,,,,position_unresolved,,,,,,,0,0,161.56505117707798
-450,150.00000000000003,-50,0,0,116.35219522536804,,,,,position_unresolved,,,,,,,0,0,161.56505117707798
-450,150.00000000000003,0,0,0,104.23353077108979,,,,,position_unresolved,,,,,,,0,0,161.56505117707798
-450,150.00000000000003,50,0,0,96.961320188393572,,,,,position_unresolved,,,,,,,0,0,161.56505117707798
-450,150.00000000000003,100,0,0,94.75328099766854,,,,,position_unresolved,,,,,,,0,0,161.56505117707798
-400,-250,-100,0,0,129.43851702194371,,,,,position_unresolved,,,,,,,0,0,-147.99461679191648
-400,-250,-50,0,0,112.69261459743473,,,,,position_unresolved,,,,,,,0,0,-147.99461679191648
-400,-250,0,0,0,100.48372302651073,,,,,position_unresolved,,,,,,,0,0,-147.99461679191648
-400,-250,50,0,0,93.155192061388448,,,,,position_unresolved,,,,,,,0,0,-147.99461679191648
-400,-250,100,0,0,90.929714792520286,,,,,position_unresolved,,,,,,,0,0,-147.99461679191648
-400,-200,-200,0,0,155.84627993311986,,,,,position_unresolved,,,,,,,0,0,-153.43494882292202
-400,-200,-150.00000000000003,0,0,129.26481426870413,,,,,position_unresolved,,,,,,,0,0,-153.43494882292202
-400,-200,-100,0,0,107.35353916672445,,,,,position_unresolved,,,,,,,0,0,-153.43494882292202
-400,-200,-50,0,0,89.839110306139688,,,,,position_unresolved,,,,,,,0,0,-153.43494882292202
-400,-200,0,0,0,77.034453859969545,,,,,position_unresolved,,,,,,,0,0,-153.43494882292202
-400,-200,50,0,0,69.332760076881712,,,,,position_unresolved,,,,,,,0,0,-153.43494882292202
-400,-200,100,0,0,66.9915392231607,,,,,position_unresolved,,,,,,,0,0,-153.43494882292202
-400,-200,150.00000000000003,0,0,70.092452768422532,,,,,position_unresolved,,,,,,,0,0,-153.43494882292202
-400,-200,200,0,0,78.527688214443813,,,,,position_unresolved,,,,,,,0,0,-153.43494882292202
-400,-150.00000000000003,-200,0,0,140.2486943966384,,,,,position_unresolved,,,,,,,0,0,-159.44395478041653
-400,-150.00000000000003,-150.00000000000003,0,0,112.30821871489094,,,,,position_unresolved,,,,,,,0,0,-159.44395478041653
-400,-150.00000000000003,-100,0,0,89.475025365522967,,,,,position_unresolved,,,,,,,0,0,-159.44395478041653
-400,-150.00000000000003,-50,0,0,71.283733220194506,,,,,position_unresolved,,,,,,,0,0,-159.44395478041653
-400,-150.00000000000003,0,0,0,57.950164272160535,,,,,position_unresolved,,,,,,,0,0,-159.44395478041653
-400,-150.00000000000003,50,0,0,49.91524128793727,,,,,position_unresolved,,,,,,,0,0,-159.44395478041653
-400,-150.00000000000003,100,0,0,47.470352475512243,,,,,position_unresolved,,,,,,,0,0,-159.44395478041653
-400,-150.00000000000003,150.00000000000003,0,0,50.708331368109889,,,,,position_unresolved,,,,,,,0,0,-159.44395478041653
-400,-150.00000000000003,200,0,0,59.50665921826279,,,,,position_unresolved,,,,,,,0,0,-159.44395478041653
-400,-100,-250,0,0,161.34898119346539,,,,,position_unresolved,,,,,,,0,0,-165.96375653207352
-400,-100,-200,0,0,128.92897527074371,,,,,position_unresolved,,,,,,,0,0,-165.96375653207352
-400,-100,-150.00000000000003,0,0,99.917733730194328,,,,,position_unresolved,,,,,,,0,0,-165.96375653207352
-400,-100,-100,0,0,76.286047298654054,,,,,position_unresolved,,,,,,,0,0,-165.96375653207352
-400,-100,-50,0,0,57.560196629170299,,,,,position_unresolved,,,,,,,0,0,-165.96375653207352
-400,-100,0,0,0,43.805991219072283,,,,,position_unresolved,,,,,,,0,0,-165.96375653207352
-400,-100,50,0,0,35.504689305991036,,,,,position_unresolved,,,,,,,0,0,-165.96375653207352
-400,-100,100,0,0,32.976709265968935,,,,,position_unresolved,,,,,,,0,0,-165.96375653207352
-400,-100,150.00000000000003,0,0,36.324525390247111,,,,,position_unresolved,,,,,,,0,0,-165.96375653207352
-400,-100,200,0,0,45.412935188681097,,,,,position_unresolved,,,,,,,0,0,-165.96375653207352
-400,-100,250,0,0,59.894943418087095,,,,,position_unresolved,,,,,,,0,0,-165.96375653207352
-400,-50,-250,0,0,154.71260783676411,,,,,position_unresolved,,,,,,,0,0,-172.8749836510982
-400,-50,-200,0,0,121.700498562492,,,,,position_unresolved,,,,,,,0,0,-172.8749836510982
-400,-50,-150.00000000000003,0,0,92.77499020790566,,,,,position_unresolved,,,,,,,0,0,-172.8749836510982
-400,-50,-100,0,0,68.190864456164817,,,,,position_unresolved,,,,,,,0,0,-172.8749836510982
-400,-50,-50,0,0,49.120722075205123,,,,,position_unresolved,,,,,,,0,0,-172.8749836510982
-400,-50,0,0,0,35.0941797302563,,,,,position_unresolved,,,,,,,0,0,-172.8749836510982
-400,-50,50,0,0,26.619743307233911,,,,,position_unresolved,,,,,,,0,0,-172.8749836510982
-400,-50,100,0,0,24.037648894651426,,,,,position_unresolved,,,,,,,0,0,-172.8749836510982
-400,-50,150.00000000000003,0,0,27.456987036899573,,,,,position_unresolved,,,,,,,0,0,-172.8749836510982
-400,-50,200,0,0,36.733854166349495,,,,,position_unresolved,,,,,,,0,0,-172.8749836510982
-400,-50,250,0,0,51.499999999999957,,,,,position_unresolved,,,,,,,0,0,-172.8749836510982
-400,0,-250,0,0,152.7721955111505,,,,,position_unresolved,,,,,,,0,0,180
-400,0,-200,0,0,119.31842436436472,,,,,position_unresolved,,,,,,,0,0,180
-400,0,-150.00000000000003,0,0,90.359962114965867,,,,,position_unresolved,,,,,,,0,0,180
-400,0,-100,0,0,65.460567847870038,,,,,position_unresolved,,,,,,,0,0,180
-400,0,-50,0,0,46.271368831758714,,,,,position_unresolved,,,,,,,0,0,180
-400,0,0,0,0,32.150386978435783,,,,,position_unresolved,,,,,,,0,0,180
-400,0,50,0,0,23.615785999520213,,,,,position_unresolved,,,,,,,0,0,180
-400,0,100,0,0,21.014866236644387,,,,,position_unresolved,,,,,,,0,0,180
-400,0,150.00000000000003,0,0,24.459083424589455,,,,,position_unresolved,,,,,,,0,0,180
-400,0,200,0,0,33.801424197235903,,,,,position_unresolved,,,,,,,0,0,180
-400,0,250,0,0,48.666066464083578,,,,,position_unresolved,,,,,,,0,0,180
-400,50,-250,0,0,154.71260783676411,,,,,position_unresolved,,,,,,,0,0,172.8749836510982
-400,50,-200,0,0,121.55252615648484,,,,,position_unresolved,,,,,,,0,0,172.8749836510982
-400,50,-150.00000000000003,0,0,92.320750524968645,,,,,position_unresolved,,,,,,,0,0,172.8749836510982
-400,50,-100,0,0,68.190864456164832,,,,,position_unresolved,,,,,,,0,0,172.8749836510982
-400,50,-50,0,0,49.120722075205137,,,,,position_unresolved,,,,,,,0,0,172.8749836510982
-400,50,0,0,0,35.094179730256251,,,,,position_unresolved,,,,,,,0,0,172.8749836510982
-400,50,50,0,0,26.6197433072339,,,,,position_unresolved,,,,,,,0,0,172.8749836510982
-400,50,100,0,0,24.037648894651419,,,,,position_unresolved,,,,,,,0,0,172.8749836510982
-400,50,150.00000000000003,0,0,27.456987036899577,,,,,position_unresolved,,,,,,,0,0,172.8749836510982
-400,50,200,0,0,36.733854166349495,,,,,position_unresolved,,,,,,,0,0,172.8749836510982
-400,50,250,0,0,51.499999999999936,,,,,position_unresolved,,,,,,,0,0,172.8749836510982
-400,100,-250,0,0,161.18544255399578,,,,,position_unresolved,,,,,,,0,0,165.96375653207352
-400,100,-200,0,0,128.92897527074371,,,,,position_unresolved,,,,,,,0,0,165.96375653207352
-400,100,-150.00000000000003,0,0,100.22669105569088,,,,,position_unresolved,,,,,,,0,0,165.96375653207352
-400,100,-100,0,0,76.286047298654069,,,,,position_unresolved,,,,,,,0,0,165.96375653207352
-400,100,-50,0,0,57.560196629170299,,,,,position_unresolved,,,,,,,0,0,165.96375653207352
-400,100,0,0,0,43.805991219072268,,,,,position_unresolved,,,,,,,0,0,165.96375653207352
-400,100,50,0,0,35.504689305991043,,,,,position_unresolved,,,,,,,0,0,165.96375653207352
-400,100,100,0,0,32.976709265968935,,,,,position_unresolved,,,,,,,0,0,165.96375653207352
-400,100,150.00000000000003,0,0,36.324525390247111,,,,,position_unresolved,,,,,,,0,0,165.96375653207352
-400,100,200,0,0,45.412935188681082,,,,,position_unresolved,,,,,,,0,0,165.96375653207352
-400,100,250,0,0,59.894943418087095,,,,,position_unresolved,,,,,,,0,0,165.96375653207352
-400,150.00000000000003,-200,0,0,140.56894817111586,,,,,position_unresolved,,,,,,,0,0,159.44395478041653
-400,150.00000000000003,-150.00000000000003,0,0,112.32106526742595,,,,,position_unresolved,,,,,,,0,0,159.44395478041653
-400,150.00000000000003,-100,0,0,89.475025365522995,,,,,position_unresolved,,,,,,,0,0,159.44395478041653
-400,150.00000000000003,-50,0,0,71.283733220194478,,,,,position_unresolved,,,,,,,0,0,159.44395478041653
-400,150.00000000000003,0,0,0,57.950164272160578,,,,,position_unresolved,,,,,,,0,0,159.44395478041653
-400,150.00000000000003,50,0,0,49.915241287937285,,,,,position_unresolved,,,,,,,0,0,159.44395478041653
-400,150.00000000000003,100,0,0,47.470352475512257,,,,,position_unresolved,,,,,,,0,0,159.44395478041653
-400,150.00000000000003,150.00000000000003,0,0,50.708331368109874,,,,,position_unresolved,,,,,,,0,0,159.44395478041653
-400,150.00000000000003,200,0,0,59.506659218262783,,,,,position_unresolved,,,,,,,0,0,159.44395478041653
-400,200,-200,0,0,155.82594802221541,,,,,position_unresolved,,,,,,,0,0,153.43494882292202
-400,200,-150.00000000000003,0,0,129.26359847633543,,,,,position_unresolved,,,,,,,0,0,153.43494882292202
-400,200,-100,0,0,107.35353916672445,,,,,position_unresolved,,,,,,,0,0,153.43494882292202
-400,200,-50,0,0,89.839110306139673,,,,,position_unresolved,,,,,,,0,0,153.43494882292202
-400,200,0,0,0,77.03445385996956,,,,,position_unresolved,,,,,,,0,0,153.43494882292202
-400,200,50,0,0,69.332760076881712,,,,,position_unresolved,,,,,,,0,0,153.43494882292202
-400,200,100,0,0,66.9915392231607,,,,,position_unresolved,,,,,,,0,0,153.43494882292202
-400,200,150.00000000000003,0,0,70.092452768422504,,,,,position_unresolved,,,,,,,0,0,153.43494882292202
-400,200,200,0,0,78.527688214443828,,,,,position_unresolved,,,,,,,0,0,153.43494882292202
-400,250,-100,0,0,129.43851702194368,,,,,position_unresolved,,,,,,,0,0,147.99461679191648
-400,250,-50,0,0,112.69261459743478,,,,,position_unresolved,,,,,,,0,0,147.99461679191648
-400,250,0,0,0,100.48372302651073,,,,,position_unresolved,,,,,,,0,0,147.99461679191648
-400,250,50,0,0,93.155192061388462,,,,,position_unresolved,,,,,,,0,0,147.99461679191648
-400,250,100,0,0,90.929714792520272,,,,,position_unresolved,,,,,,,0,0,147.99461679191648
-350.00000000000006,-300.00000000000006,-150.00000000000003,0,0,140.01136099046829,,,,,position_unresolved,,,,,,,0,0,-139.39870535499551
-350.00000000000006,-300.00000000000006,-100,0,0,118.56476526541745,,,,,position_unresolved,,,,,,,0,0,-139.39870535499551
-350.00000000000006,-300.00000000000006,-50,0,0,101.44923596244922,,,,,position_unresolved,,,,,,,0,0,-139.39870535499551
-350.00000000000006,-300.00000000000006,0,0,0,88.954424919700031,,,,,position_unresolved,,,,,,,0,0,-139.39870535499551
-350.00000000000006,-300.00000000000006,50,0,0,81.447086984352126,,,,,position_unresolved,,,,,,,0,0,-139.39870535499551
-350.00000000000006,-300.00000000000006,100,0,0,79.16619402079516,,,,,position_unresolved,,,,,,,0,0,-139.39870535499551
-350.00000000000006,-300.00000000000006,150.00000000000003,0,0,82.187330768692505,,,,,position_unresolved,,,,,,,0,0,-139.39870535499551
-350.00000000000006,-250,-200,0,0,141.34455562544076,,,,,position_unresolved,,,,,,,0,0,-144.46232220802563
-350.00000000000006,-250,-150.00000000000003,0,0,113.58390131160048,,,,,position_unresolved,,,,,,,0,0,-144.46232220802563
-350.00000000000006,-250,-100,0,0,90.825954053950852,,,,,position_unresolved,,,,,,,0,0,-144.46232220802563
-350.00000000000006,-250,-50,0,0,72.687664274131805,,,,,position_unresolved,,,,,,,0,0,-144.46232220802563
-350.00000000000006,-250,0,0,0,59.39565939293859,,,,,position_unresolved,,,,,,,0,0,-144.46232220802563
-350.00000000000006,-250,50,0,0,51.386991219226474,,,,,position_unresolved,,,,,,,0,0,-144.46232220802563
-350.00000000000006,-250,100,0,0,48.950281281873913,,,,,position_unresolved,,,,,,,0,0,-144.46232220802563
-350.00000000000006,-250,150.00000000000003,0,0,52.177447530895876,,,,,position_unresolved,,,,,,,0,0,-144.46232220802563
-350.00000000000006,-250,200,0,0,60.947176116855452,,,,,position_unresolved,,,,,,,0,0,-144.46232220802563
-350.00000000000006,-200,-250,0,0,153.637607004053,,,,,position_unresolved,,,,,,,0,0,-150.25511870305778
-350.00000000000006,-200,-200,0,0,120.46162114390523,,,,,position_unresolved,,,,,,,0,0,-150.25511870305778
-350.00000000000006,-200,-150.00000000000003,0,0,91.223463832223359,,,,,position_unresolved,,,,,,,0,0,-150.25511870305778
-350.00000000000006,-200,-100,0,0,66.882353885798864,,,,,position_unresolved,,,,,,,0,0,-150.25511870305778
-350.00000000000006,-200,-50,0,0,47.75534184782294,,,,,position_unresolved,,,,,,,0,0,-150.25511870305778
-350.00000000000006,-200,0,0,0,33.683705832940994,,,,,position_unresolved,,,,,,,0,0,-150.25511870305778
-350.00000000000006,-200,50,0,0,25.180549761759028,,,,,position_unresolved,,,,,,,0,0,-150.25511870305778
-350.00000000000006,-200,100,0,0,22.589470368867044,,,,,position_unresolved,,,,,,,0,0,-150.25511870305778
-350.00000000000006,-200,150.00000000000003,0,0,26.020682940306909,,,,,position_unresolved,,,,,,,0,0,-150.25511870305778
-350.00000000000006,-200,200,0,0,35.328805031984622,,,,,position_unresolved,,,,,,,0,0,-150.25511870305778
-350.00000000000006,-200,250,0,0,50.141983946212022,,,,,position_unresolved,,,,,,,0,0,-150.25511870305778
-350.00000000000006,-150.00000000000003,-300.00000000000006,0,0,175.77207091308614,,,,,position_unresolved,,,,,,,0,0,-156.80140948635182
-350.00000000000006,-150.00000000000003,-250,0,0,138.2618322634504,,,,,position_unresolved,,,,,,,0,0,-156.80140948635182
-350.00000000000006,-150.00000000000003,-200,0,0,103.99632987801834,,,,,position_unresolved,,,,,,,0,0,-156.80140948635182
-350.00000000000006,-150.00000000000003,-150.00000000000003,0,0,73.625357472589883,,,,,position_unresolved,,,,,,,0,0,-156.80140948635182
-350.00000000000006,-150.00000000000003,-100,0,0,47.392622849492923,,,,,position_unresolved,,,,,,,0,0,-156.80140948635182
-350.00000000000006,-150.00000000000003,-50,0,0,27.337483379149248,,,,,position_unresolved,,,,,,,0,0,-156.80140948635182
-350.00000000000006,-150.00000000000003,0,0,0,12.554519241204847,,,,,position_unresolved,,,,,,,0,0,-156.80140948635182
-350.00000000000006,-150.00000000000003,50,0,0,3.596312704515753,,,,,position_unresolved,,,,,,,0,0,-156.80140948635182
-350.00000000000006,-150.00000000000003,100,1,0,0.86253976880243022,,4.707556498712671e-05,109.14517773352465,0.86253976880243022,orientation_unresolved,0.39283458124880938,-1.5618945184251418,4.7268464694956189e-05,-1.236636239812311,-1.6684422433496483e-05,2.5947075087020394e-18,0,0,-156.80140948635182
-350.00000000000006,-150.00000000000003,150.00000000000003,0,0,4.4823004889093232,,,,,position_unresolved,,,,,,,0,0,-156.80140948635182
-350.00000000000006,-150.00000000000003,200,0,0,14.285393272444475,,,,,position_unresolved,,,,,,,0,0,-156.80140948635182
-350.00000000000006,-150.00000000000003,250,0,0,29.839933941635273,,,,,position_unresolved,,,,,,,0,0,-156.80140948635182
-350.00000000000006,-150.00000000000003,300.00000000000006,0,0,50.538503417312363,,,,,position_unresolved,,,,,,,0,0,-156.80140948635182
-350.00000000000006,-100,-300.00000000000006,0,0,165.48073962368656,,,,,position_unresolved,,,,,,,0,0,-164.05460409907718
-350.00000000000006,-100,-250,0,0,127.05694562953995,,,,,position_unresolved,,,,,,,0,0,-164.05460409907718
-350.00000000000006,-100,-200,0,0,92.645807956318734,,,,,position_unresolved,,,,,,,0,0,-164.05460409907718
-350.00000000000006,-100,-150.00000000000003,0,0,59.835321259156338,,,,,position_unresolved,,,,,,,0,0,-164.05460409907718
-350.00000000000006,-100,-100,0,0,32.945595264067755,,,,,position_unresolved,,,,,,,0,0,-164.05460409907718
-350.00000000000006,-100,-50,0,0,12.120639511300599,,,,,position_unresolved,,,,,,,0,0,-164.05460409907718
-350.00000000000006,-100,0,1,0,0.00039680134689601269,,12.921511305716219,75.863120109606754,0.00039680134689601269,orientation_unresolved,0.36068279145699772,-1.7965123082149459,0.070714545079409399,-0.87000438256386925,-0.2788647505396662,-0.95915410650965904,0,0,-164.05460409907718
-350.00000000000006,-100,50,1,0,0.00016979868705890372,,3.2721265677357629,173.48856279608961,0.00016979868705890372,orientation_unresolved,0.069247070999371912,-1.6287768932810691,-0.22651033043699195,-1.1795276792869469,0.52055191896348585,1.2181273854366204,0,0,-164.05460409907718
-350.00000000000006,-100,100,1,0,0.00021097854198670377,,49.453994625989523,177.84427977448584,0.00021097854198670377,orientation_unresolved,0.26670256310327844,-1.1589001903462666,-0.47634732336820174,0.036268538155951748,-0.18065257434995122,1.1196107316356619e-18,0,0,-164.05460409907718
-350.00000000000006,-100,150.00000000000003,1,0,0.00017631422811930348,,6.032732613671393,176.48512564717899,0.00017631422811930348,orientation_unresolved,0.076206644527346601,-1.4268894300866595,-0.13659369360723725,-1.1313460144349083,0.51279298008565288,1.2181273854366204,0,0,-164.05460409907718
-350.00000000000006,-100,200,1,0,0.00041146800416633022,,43.508340252569482,141.06784785166215,0.00041146800416633022,orientation_unresolved,0.23805096979370968,-1.2626714353480468,0.053375911372660706,0.38294414620366146,-0.19587019410418299,0.31630461155417039,0,0,-164.05460409907718
-350.00000000000006,-100,250,0,0,14.716957989187293,,,,,position_unresolved,,,,,,,0,0,-164.05460409907718
-350.00000000000006,-100,300.00000000000006,0,0,36.148978694787445,,,,,position_unresolved,,,,,,,0,0,-164.05460409907718
-350.00000000000006,-50,-300.00000000000006,0,0,160.3119217987562,,,,,position_unresolved,,,,,,,0,0,-171.86989764584405
-350.00000000000006,-50,-250,0,0,121.24482667846551,,,,,position_unresolved,,,,,,,0,0,-171.86989764584405
-350.00000000000006,-50,-200,0,0,84.222605678771743,,,,,position_unresolved,,,,,,,0,0,-171.86989764584405
-350.00000000000006,-50,-150.00000000000003,0,0,52.865417693296379,,,,,position_unresolved,,,,,,,0,0,-171.86989764584405
-350.00000000000006,-50,-100,0,0,24.08208614534022,,,,,position_unresolved,,,,,,,0,0,-171.86989764584405
-350.00000000000006,-50,-50,0,0,2.7083311285144713,,,,,position_unresolved,,,,,,,0,0,-171.86989764584405
-350.00000000000006,-50,0,1,0,0.00013740866128302543,,8.3618361950800946,112.32401124040035,0.00013740866128302543,orientation_unresolved,-0.057763205326092117,-1.876093651716783,-0.12944278016719665,-0.98030105766720343,0.55227284708261737,-0.3232551866533292,0,0,-171.86989764584405
-350.00000000000006,-50,50,1,0,0.00010836727970147879,,24.557747977165615,132.64977400120159,0.00010836727970147879,orientation_unresolved,0.20720460094917859,-1.5934216657568483,0.33865726625865966,-0.21618797694590786,-0.82235979830357864,1.0592426495547025,0,0,-171.86989764584405
-350.00000000000006,-50,100,1,0,0.00011334553763219773,,28.16395110999899,131.40369638827525,0.00011334553763219773,orientation_unresolved,0.21506753371358342,-1.4706226649840373,0.39374655199906056,-0.22864929646922,-0.88081953613279651,1.0592426495547025,0,0,-171.86989764584405
-350.00000000000006,-50,150.00000000000003,1,0,0.0001218032942335426,,11.287388509395349,158.73028126921997,0.0001218032942335426,orientation_unresolved,0.066585752064489703,-1.8250331313926418,0.31871963774401357,-0.35902343813966991,0.46891889190105546,1.776376753552959e-17,0,0,-171.86989764584405
-350.00000000000006,-50,200,1,0,0.00018233495653221011,,23.493508745335539,163.20733818991096,0.00018233495653221011,orientation_unresolved,0.1057423253661031,-1.6119961443811783,0.31427538767520669,-0.28369011854867471,0.25591385716892867,5.892836612210041e-18,0,0,-171.86989764584405
-350.00000000000006,-50,250,0,0,5.3663078517143115,,,,,position_unresolved,,,,,,,0,0,-171.86989764584405
-350.00000000000006,-50,300.00000000000006,0,0,27.277718746767562,,,,,position_unresolved,,,,,,,0,0,-171.86989764584405
-350.00000000000006,0,-300.00000000000006,0,0,157.28818695470275,,,,,position_unresolved,,,,,,,0,0,180
-350.00000000000006,0,-250,0,0,119.91872962895644,,,,,position_unresolved,,,,,,,0,0,180
-350.00000000000006,0,-200,0,0,81.656587921166036,,,,,position_unresolved,,,,,,,0,0,180
-350.00000000000006,0,-150.00000000000003,0,0,48.887991873589932,,,,,position_unresolved,,,,,,,0,0,180
-350.00000000000006,0,-100,0,0,21.092708954971553,,,,,position_unresolved,,,,,,,0,0,180
-350.00000000000006,0,-50,1,0,0.0005109119706385994,,3.7969456836299238,76.203390296611801,0.0005109119706385994,orientation_unresolved,0.037481320879164608,-1.9557660211346364,0.041828376780691505,-0.88651436021074859,-0.10793959059559179,-0.95915410650965904,0,0,180
-350.00000000000006,0,0,1,0,0.00013744857153237351,,17.418404140152287,74.272798231482668,0.00013744857153237351,orientation_unresolved,0.20390437417580942,-1.7180267221446963,0.053808463502770368,-0.91550105156638828,-0.6052178388640983,-0.95915410650965904,0,0,180
-350.00000000000006,0,50,1,0,0.00015864857014663656,,2.9760472571431245,179.99999999999997,0.00015864857014663656,orientation_unresolved,0,-1.9700934015012717,-0.075111213377723737,0,0.78358405332181169,0,0,0,180
-350.00000000000006,0,100,1,0,0.00011723062215252346,,2.894584504381732,180.00000000000003,0.00011723062215252346,orientation_unresolved,0,-1.9715151947546961,0.20128977474229201,0,0.66239026526277045,0,0,0,180
-350.00000000000006,0,150.00000000000003,1,0,0.0001182597745979389,,57.398347937551641,180,0.0001182597745979389,orientation_unresolved,0,-0.92092131002845756,-0.54900617007932384,0,-0.29942453021551957,0,0,0,180
-350.00000000000006,0,200,1,0,0.00017170571674083365,,21.067132359712012,180,0.00017170571674083365,orientation_unresolved,0,-1.6543444012029485,0.34860491448917286,0,0.29606823545836125,0,0,0,180
-350.00000000000006,0,250,0,0,2.2000127161748231,,,,,position_unresolved,,,,,,,0,0,180
-350.00000000000006,0,300.00000000000006,0,0,24.278520995247202,,,,,position_unresolved,,,,,,,0,0,180
-350.00000000000006,50,-300.00000000000006,0,0,160.3119217987562,,,,,position_unresolved,,,,,,,0,0,171.86989764584405
-350.00000000000006,50,-250,0,0,121.45033523148598,,,,,position_unresolved,,,,,,,0,0,171.86989764584405
-350.00000000000006,50,-200,0,0,84.222605678771743,,,,,position_unresolved,,,,,,,0,0,171.86989764584405
-350.00000000000006,50,-150.00000000000003,0,0,51.635871545447728,,,,,position_unresolved,,,,,,,0,0,171.86989764584405
-350.00000000000006,50,-100,0,0,24.394298817614285,,,,,position_unresolved,,,,,,,0,0,171.86989764584405
-350.00000000000006,50,-50,0,0,2.7083311285145055,,,,,position_unresolved,,,,,,,0,0,171.86989764584405
-350.00000000000006,50,0,1,0,0.00013288304298794053,,16.036572135111136,72.90428180392739,0.00013288304298794053,orientation_unresolved,0.048488946432086677,-1.7421442403420992,0.066686074735330669,-0.93136007547396293,-0.54399647822006236,-0.95915410650965904,0,0,171.86989764584405
-350.00000000000006,50,50,1,0,8.6236480996142688e-05,,0.95936575897786214,132.64064393791139,8.6236480996142688e-05,orientation_unresolved,-0.31197708366203847,-1.4686558770682803,-0.0043123807638059926,0.65935329408351451,-0.69208446441265392,-1.5340522355698385,0,0,171.86989764584405
-350.00000000000006,50,100,1,0,0.00016058248311838402,,8.6278080833694961,76.727577575402492,0.00016058248311838402,orientation_unresolved,-0.30487177793507736,-1.4980094077230068,-0.5591804107662105,-0.52302493954756124,0.84975171542332861,-1.4002126685099174,0,0,171.86989764584405
-350.00000000000006,50,150.00000000000003,1,0,0.0001218032942335426,,11.287388509395349,158.73028126921997,0.0001218032942335426,orientation_unresolved,-0.066585752064489703,-1.8250331313926418,0.31871963774401357,0.35902343813966991,0.46891889190105546,-1.776376753552959e-17,0,0,171.86989764584405
-350.00000000000006,50,200,1,0,0.00018233495653221011,,23.493508745335539,163.20733818991096,0.00018233495653221011,orientation_unresolved,-0.1057423253661031,-1.6119961443811783,0.31427538767520669,0.28369011854867471,0.25591385716892867,-5.892836612210041e-18,0,0,171.86989764584405
-350.00000000000006,50,250,0,0,5.3663078517143115,,,,,position_unresolved,,,,,,,0,0,171.86989764584405
-350.00000000000006,50,300.00000000000006,0,0,27.277718746767572,,,,,position_unresolved,,,,,,,0,0,171.86989764584405
-350.00000000000006,100,-300.00000000000006,0,0,165.48073962368656,,,,,position_unresolved,,,,,,,0,0,164.05460409907718
-350.00000000000006,100,-250,0,0,127.05694562953995,,,,,position_unresolved,,,,,,,0,0,164.05460409907718
-350.00000000000006,100,-200,0,0,91.684007141164642,,,,,position_unresolved,,,,,,,0,0,164.05460409907718
-350.00000000000006,100,-150.00000000000003,0,0,60.019377422689885,,,,,position_unresolved,,,,,,,0,0,164.05460409907718
-350.00000000000006,100,-100,0,0,32.991143978820901,,,,,position_unresolved,,,,,,,0,0,164.05460409907718
-350.00000000000006,100,-50,0,0,12.120639511300617,,,,,position_unresolved,,,,,,,0,0,164.05460409907718
-350.00000000000006,100,0,1,0,0.00035717665092132905,,12.925716162967758,114.17782830821488,0.00035717665092132905,orientation_unresolved,-0.21055949304139712,-1.7964389196113302,0.12492152989640248,-0.47660722346380552,-0.30140298259507492,-0.67566464046810026,0,0,164.05460409907718
-350.00000000000006,100,50,1,0,0.00022554825788130941,,0,111.02795933184061,0.00022554825788130941,orientation_unresolved,-0.091409846566130409,-1.8902365510774204,0.19764096938292425,1.2366370614359172,0.44830715873527621,6.1391260264711711e-17,0,0,164.05460409907718
-350.00000000000006,100,100,1,0,0.00014990829977416052,,0.95936575897786214,128.69709888620275,0.00014990829977416052,orientation_unresolved,-0.41649942034923654,-1.4028609469863103,0.058030175361042172,0.64811574676670036,-0.59518384766748922,-1.5340522355698385,0,0,164.05460409907718
-350.00000000000006,100,150.00000000000003,1,0,0.00018520511325514352,,17.711616288244315,138.09970206393345,0.00018520511325514352,orientation_unresolved,-0.17552046559160794,-1.7129092047536452,0.26117385030357465,0.71343481677584186,0.33786619212337171,-9.3750850249541725e-18,0,0,164.05460409907718
-350.00000000000006,100,200,1,0,0.0004336578906318345,,14.026478946417768,156.63791069580236,0.0004336578906318345,orientation_unresolved,-0.21427886724434611,-1.3574473836643917,0.015617549602225417,0.86634101084714343,0.16826497414137476,-1.3059880867182412,0,0,164.05460409907718
-350.00000000000006,100,250,0,0,14.716957989187273,,,,,position_unresolved,,,,,,,0,0,164.05460409907718
-350.00000000000006,100,300.00000000000006,0,0,36.148978694787452,,,,,position_unresolved,,,,,,,0,0,164.05460409907718
-350.00000000000006,150.00000000000003,-300.00000000000006,0,0,176.96515138561304,,,,,position_unresolved,,,,,,,0,0,156.80140948635182
-350.00000000000006,150.00000000000003,-250,0,0,138.75089315626644,,,,,position_unresolved,,,,,,,0,0,156.80140948635182
-350.00000000000006,150.00000000000003,-200,0,0,104.01392997974523,,,,,position_unresolved,,,,,,,0,0,156.80140948635182
-350.00000000000006,150.00000000000003,-150.00000000000003,0,0,73.109065934274625,,,,,position_unresolved,,,,,,,0,0,156.80140948635182
-350.00000000000006,150.00000000000003,-100,0,0,47.3890919666445,,,,,position_unresolved,,,,,,,0,0,156.80140948635182
-350.00000000000006,150.00000000000003,-50,0,0,27.337483379149269,,,,,position_unresolved,,,,,,,0,0,156.80140948635182
-350.00000000000006,150.00000000000003,0,0,0,12.554519241204838,,,,,position_unresolved,,,,,,,0,0,156.80140948635182
-350.00000000000006,150.00000000000003,50,0,0,3.596312704515721,,,,,position_unresolved,,,,,,,0,0,156.80140948635182
-350.00000000000006,150.00000000000003,100,1,0,0.86253976880243022,,4.707556498712671e-05,109.14517773352465,0.86253976880243022,orientation_unresolved,-0.39283458124880938,-1.5618945184251418,4.7268464694956189e-05,1.236636239812311,-1.6684422433496483e-05,-2.5947075087020394e-18,0,0,156.80140948635182
-350.00000000000006,150.00000000000003,150.00000000000003,0,0,4.4823004889093099,,,,,position_unresolved,,,,,,,0,0,156.80140948635182
-350.00000000000006,150.00000000000003,200,0,0,14.285393272444466,,,,,position_unresolved,,,,,,,0,0,156.80140948635182
-350.00000000000006,150.00000000000003,250,0,0,29.839933941635273,,,,,position_unresolved,,,,,,,0,0,156.80140948635182
-350.00000000000006,150.00000000000003,300.00000000000006,0,0,50.538503417312363,,,,,position_unresolved,,,,,,,0,0,156.80140948635182
-350.00000000000006,200,-250,0,0,153.90354253907108,,,,,position_unresolved,,,,,,,0,0,150.25511870305778
-350.00000000000006,200,-200,0,0,120.48677208465128,,,,,position_unresolved,,,,,,,0,0,150.25511870305778
-350.00000000000006,200,-150.00000000000003,0,0,91.108735572358654,,,,,position_unresolved,,,,,,,0,0,150.25511870305778
-350.00000000000006,200,-100,0,0,66.882353885798892,,,,,position_unresolved,,,,,,,0,0,150.25511870305778
-350.00000000000006,200,-50,0,0,47.75534184782294,,,,,position_unresolved,,,,,,,0,0,150.25511870305778
-350.00000000000006,200,0,0,0,33.683705832940987,,,,,position_unresolved,,,,,,,0,0,150.25511870305778
-350.00000000000006,200,50,0,0,25.180549761759018,,,,,position_unresolved,,,,,,,0,0,150.25511870305778
-350.00000000000006,200,100,0,0,22.589470368867058,,,,,position_unresolved,,,,,,,0,0,150.25511870305778
-350.00000000000006,200,150.00000000000003,0,0,26.020682940306902,,,,,position_unresolved,,,,,,,0,0,150.25511870305778
-350.00000000000006,200,200,0,0,35.328805031984629,,,,,position_unresolved,,,,,,,0,0,150.25511870305778
-350.00000000000006,200,250,0,0,50.141983946212022,,,,,position_unresolved,,,,,,,0,0,150.25511870305778
-350.00000000000006,250,-200,0,0,141.40408236448852,,,,,position_unresolved,,,,,,,0,0,144.46232220802563
-350.00000000000006,250,-150.00000000000003,0,0,113.8484333564371,,,,,position_unresolved,,,,,,,0,0,144.46232220802563
-350.00000000000006,250,-100,0,0,90.825954053950852,,,,,position_unresolved,,,,,,,0,0,144.46232220802563
-350.00000000000006,250,-50,0,0,72.687664274131791,,,,,position_unresolved,,,,,,,0,0,144.46232220802563
-350.00000000000006,250,0,0,0,59.39565939293859,,,,,position_unresolved,,,,,,,0,0,144.46232220802563
-350.00000000000006,250,50,0,0,51.386991219226438,,,,,position_unresolved,,,,,,,0,0,144.46232220802563
-350.00000000000006,250,100,0,0,48.950281281873899,,,,,position_unresolved,,,,,,,0,0,144.46232220802563
-350.00000000000006,250,150.00000000000003,0,0,52.177447530895861,,,,,position_unresolved,,,,,,,0,0,144.46232220802563
-350.00000000000006,250,200,0,0,60.947176116855438,,,,,position_unresolved,,,,,,,0,0,144.46232220802563
-350.00000000000006,300.00000000000006,-150.00000000000003,0,0,139.97200992852041,,,,,position_unresolved,,,,,,,0,0,139.39870535499551
-350.00000000000006,300.00000000000006,-100,0,0,118.56476526541748,,,,,position_unresolved,,,,,,,0,0,139.39870535499551
-350.00000000000006,300.00000000000006,-50,0,0,101.44923596244921,,,,,position_unresolved,,,,,,,0,0,139.39870535499551
-350.00000000000006,300.00000000000006,0,0,0,88.954424919700031,,,,,position_unresolved,,,,,,,0,0,139.39870535499551
-350.00000000000006,300.00000000000006,50,0,0,81.447086984352097,,,,,position_unresolved,,,,,,,0,0,139.39870535499551
-350.00000000000006,300.00000000000006,100,0,0,79.16619402079516,,,,,position_unresolved,,,,,,,0,0,139.39870535499551
-350.00000000000006,300.00000000000006,150.00000000000003,0,0,82.18733076869249,,,,,position_unresolved,,,,,,,0,0,139.39870535499551
-300.00000000000006,-350.00000000000006,-150.00000000000003,0,0,138.89521592298138,,,,,position_unresolved,,,,,,,0,0,-130.60129464500449
-300.00000000000006,-350.00000000000006,-100,0,0,117.38592624107918,,,,,position_unresolved,,,,,,,0,0,-130.60129464500449
-300.00000000000006,-350.00000000000006,-50,0,0,100.22932526468736,,,,,position_unresolved,,,,,,,0,0,-130.60129464500449
-300.00000000000006,-350.00000000000006,0,0,0,87.702673901034302,,,,,position_unresolved,,,,,,,0,0,-130.60129464500449
-300.00000000000006,-350.00000000000006,50,0,0,80.175391972034092,,,,,position_unresolved,,,,,,,0,0,-130.60129464500449
-300.00000000000006,-350.00000000000006,100,0,0,77.88831292750298,,,,,position_unresolved,,,,,,,0,0,-130.60129464500449
-300.00000000000006,-350.00000000000006,150.00000000000003,0,0,80.917630524649894,,,,,position_unresolved,,,,,,,0,0,-130.60129464500449
-300.00000000000006,-300.00000000000006,-200,0,0,135.69410340153783,,,,,position_unresolved,,,,,,,0,0,-135
-300.00000000000006,-300.00000000000006,-150.00000000000003,0,0,107.80313378566792,,,,,position_unresolved,,,,,,,0,0,-135
-300.00000000000006,-300.00000000000006,-100,0,0,84.34855632472474,,,,,position_unresolved,,,,,,,0,0,-135
-300.00000000000006,-300.00000000000006,-50,0,0,65.953225177369745,,,,,position_unresolved,,,,,,,0,0,-135
-300.00000000000006,-300.00000000000006,0,0,0,52.459411896962656,,,,,position_unresolved,,,,,,,0,0,-135
-300.00000000000006,-300.00000000000006,50,0,0,44.323155827943516,,,,,position_unresolved,,,,,,,0,0,-135
-300.00000000000006,-300.00000000000006,100,0,0,41.846681863220461,,,,,position_unresolved,,,,,,,0,0,-135
-300.00000000000006,-300.00000000000006,150.00000000000003,0,0,45.12641515964151,,,,,position_unresolved,,,,,,,0,0,-135
-300.00000000000006,-300.00000000000006,200,0,0,54.035110974403906,,,,,position_unresolved,,,,,,,0,0,-135
-300.00000000000006,-250,-250,0,0,143.79612373019518,,,,,position_unresolved,,,,,,,0,0,-140.19442890773482
-300.00000000000006,-250,-200,0,0,110.5800147189974,,,,,position_unresolved,,,,,,,0,0,-140.19442890773482
-300.00000000000006,-250,-150.00000000000003,0,0,79.926811947225005,,,,,position_unresolved,,,,,,,0,0,-140.19442890773482
-300.00000000000006,-250,-100,0,0,54.488683240226109,,,,,position_unresolved,,,,,,,0,0,-140.19442890773482
-300.00000000000006,-250,-50,0,0,34.800716298129281,,,,,position_unresolved,,,,,,,0,0,-140.19442890773482
-300.00000000000006,-250,0,0,0,20.28609264112,,,,,position_unresolved,,,,,,,0,0,-140.19442890773482
-300.00000000000006,-250,50,0,0,11.499999999999915,,,,,position_unresolved,,,,,,,0,0,-140.19442890773482
-300.00000000000006,-250,100,0,0,8.8202721223624501,,,,,position_unresolved,,,,,,,0,0,-140.19442890773482
-300.00000000000006,-250,150.00000000000003,0,0,12.368627932316977,,,,,position_unresolved,,,,,,,0,0,-140.19442890773482
-300.00000000000006,-250,200,0,0,21.984563876181664,,,,,position_unresolved,,,,,,,0,0,-140.19442890773482
-300.00000000000006,-250,250,0,0,37.259559146086048,,,,,position_unresolved,,,,,,,0,0,-140.19442890773482
-300.00000000000006,-200,-300.00000000000006,0,0,162.55089058238164,,,,,position_unresolved,,,,,,,0,0,-146.30993247402023
-300.00000000000006,-200,-250,0,0,123.70415838278284,,,,,position_unresolved,,,,,,,0,0,-146.30993247402023
-300.00000000000006,-200,-200,0,0,87.946434752482915,,,,,position_unresolved,,,,,,,0,0,-146.30993247402023
-300.00000000000006,-200,-150.00000000000003,0,0,55.817414365247672,,,,,position_unresolved,,,,,,,0,0,-146.30993247402023
-300.00000000000006,-200,-100,0,0,28.599016596568774,,,,,position_unresolved,,,,,,,0,0,-146.30993247402023
-300.00000000000006,-200,-50,0,0,7.5050187889733007,,,,,position_unresolved,,,,,,,0,0,-146.30993247402023
-300.00000000000006,-200,0,1,0,0.00020280128009703163,,0.83333356169030548,167.76614855435187,0.00020280128009703163,orientation_unresolved,0.68430518424717668,-2.0074908104144984,0.12115873501770057,0.84483760234059257,0.35510970498695327,-0.58503654146055162,0,0,-146.30993247402023
-300.00000000000006,-200,50,1,0,0.00011621637625834501,,0,111.26699113217764,0.00011621637625834501,orientation_unresolved,0.35966694267650728,-1.9287857388660852,0.23629941422168665,-1.2366370614359172,0.52837958674159957,-2.6780021264636211e-17,0,0,-146.30993247402023
-300.00000000000006,-200,100,1,0,9.8725372313292027e-05,,52.710316041841644,175.34184151670385,9.8725372313292027e-05,orientation_unresolved,0.56206476018027018,-1.1020666601364437,-0.52470415089148981,0.077848190166443024,-0.23607358381215668,-3.2717405726841108e-17,0,0,-146.30993247402023
-300.00000000000006,-200,150.00000000000003,1,0,0.00014692626588416434,,16.852692966884376,175.66759348656791,0.00014692626588416434,orientation_unresolved,0.61480281428600925,-1.7279002447335414,0.13836160124927924,0.21071742334353613,0.50969076592446583,-0.29416226215660818,0,0,-146.30993247402023
-300.00000000000006,-200,200,1,0,0.00019164309703153327,,30.756743540187369,175.62505685521194,0.00019164309703153327,orientation_unresolved,0.59735613762509843,-1.485228782865599,0.091081436601660362,0.20755098025934646,0.30708179013346915,-0.29416226215660818,0,0,-146.30993247402023
-300.00000000000006,-200,250,0,0,10.131212946586821,,,,,position_unresolved,,,,,,,0,0,-146.30993247402023
-300.00000000000006,-200,300.00000000000006,0,0,31.795754472534867,,,,,position_unresolved,,,,,,,0,0,-146.30993247402023
-300.00000000000006,-150.00000000000003,-350.00000000000006,0,0,190.31438129388039,,,,,position_unresolved,,,,,,,0,0,-153.43494882292202
-300.00000000000006,-150.00000000000003,-300.00000000000006,0,0,148.47376474432926,,,,,position_unresolved,,,,,,,0,0,-153.43494882292202
-300.00000000000006,-150.00000000000003,-250,0,0,107.9600211411741,,,,,position_unresolved,,,,,,,0,0,-153.43494882292202
-300.00000000000006,-150.00000000000003,-200,0,0,71.050815443339275,,,,,position_unresolved,,,,,,,0,0,-153.43494882292202
-300.00000000000006,-150.00000000000003,-150.00000000000003,0,0,36.72009606301738,,,,,position_unresolved,,,,,,,0,0,-153.43494882292202
-300.00000000000006,-150.00000000000003,-100,0,0,7.4513131054882731,,,,,position_unresolved,,,,,,,0,0,-153.43494882292202
-300.00000000000006,-150.00000000000003,-50,1,0,0.00012894681927533777,,23.049127520373187,152.81893554771779,0.00012894681927533777,orientation_unresolved,0.3824001096560905,-1.6197520598908171,-0.32694547123066736,0.43238850289829078,-0.34054512802356968,-0.99375097430217929,0,0,-153.43494882292202
-300.00000000000006,-150.00000000000003,0,1,0,0.00013406504997383762,,13.740141606630383,126.55586450500599,0.00013406504997383762,orientation_unresolved,0.53997178603091611,-1.4987319713872058,-0.041285364071459274,-0.27576542366728762,-0.80013617734744058,1.3109856160689328,0,0,-153.43494882292202
-300.00000000000006,-150.00000000000003,50,1,0,7.4811449256525494e-05,,35.256954143356246,179.80147922781944,7.4811449256525494e-05,orientation_unresolved,0.48137621580569706,-1.3090683612851557,-0.020838377296843305,-0.088056240526613136,-0.93544639276867325,0.087992555257129082,0,0,-153.43494882292202
-300.00000000000006,-150.00000000000003,100,1,0,8.3962993929179785e-05,,17.333804265348686,134.26388137972867,8.3962993929179785e-05,orientation_unresolved,0.49152107427153047,-0.9056347173018483,-1.2482643704683252,0.19563236803382944,0.4952234267966486,-0.96650276817004865,0,0,-153.43494882292202
-300.00000000000006,-150.00000000000003,150.00000000000003,1,0,8.1338271246604577e-05,,29.926358516461775,147.37321071711943,8.1338271246604577e-05,orientation_unresolved,0.2453237052449925,-1.3659901367342375,-0.68720952212638875,-0.50535205053769783,1.089544865603757,1.0284828375503929,0,0,-153.43494882292202
-300.00000000000006,-150.00000000000003,200,1,0,0.00011326410390622155,,0,178.92517204343707,0.00011326410390622155,orientation_unresolved,0.72669750142190848,-0.94586088843103011,-0.35095043957986488,-1.2366370614359172,-0.66883634030240768,1.1643553433324569,0,0,-153.43494882292202
-300.00000000000006,-150.00000000000003,250,1,0,0.00014120497722813137,,21.881473955959137,128.82853411312243,0.00014120497722813137,orientation_unresolved,0.34598167020413878,-1.4655703831031794,0.34329288048816925,-0.85473329571504164,0.29213905750105784,1.9353502654532382e-17,0,0,-153.43494882292202
-300.00000000000006,-150.00000000000003,300.00000000000006,0,0,10.567242189897753,,,,,position_unresolved,,,,,,,0,0,-153.43494882292202
-300.00000000000006,-150.00000000000003,350.00000000000006,0,0,38.076042211634068,,,,,position_unresolved,,,,,,,0,0,-153.43494882292202
-300.00000000000006,-100,-350.00000000000006,0,0,182.19452586253101,,,,,position_unresolved,,,,,,,0,0,-161.56505117707798
-300.00000000000006,-100,-300.00000000000006,0,0,138.80625437682627,,,,,position_unresolved,,,,,,,0,0,-161.56505117707798
-300.00000000000006,-100,-250,0,0,97.930644615490962,,,,,position_unresolved,,,,,,,0,0,-161.56505117707798
-300.00000000000006,-100,-200,0,0,58.06659802499518,,,,,position_unresolved,,,,,,,0,0,-161.56505117707798
-300.00000000000006,-100,-150.00000000000003,0,0,22.660097866891139,,,,,position_unresolved,,,,,,,0,0,-161.56505117707798
-300.00000000000006,-100,-100,1,0,0.00015574196541168249,,11.262198410708626,151.50181196549289,0.00015574196541168249,orientation_unresolved,0.26747276273201354,-1.8254727815536274,-0.29718203258078507,0.41167348024951989,-0.21675727809463799,-0.99375097430217929,0,0,-161.56505117707798
-300.00000000000006,-100,-50,1,0,7.0424914658666585e-05,,24.260738451198474,106.13199765648257,7.0424914658666585e-05,orientation_unresolved,0.24815377650936188,-1.4764063752638743,-0.44953223169744383,0.25613149190919127,-0.51579300509447257,1.1273665618562936,0,0,-161.56505117707798
-300.00000000000006,-100,0,1,0,6.5256465568863192e-05,,13.991743395795799,141.17499675663134,6.5256465568863192e-05,orientation_unresolved,0.68394849622701692,-1.7337259146643089,0.17232568833942877,-0.99243507108510842,-1.0741469894882514,0.36035222932532118,0,0,-161.56505117707798
-300.00000000000006,-100,50,1,0,8.0096677820109841e-05,,7.3495127125628121,135.96428758101618,8.0096677820109841e-05,orientation_unresolved,0.36109686190685497,-0.91219535702312471,-1.4225231315434959,0.23348427191828797,0.45962895694904549,-0.96650276817004865,0,0,-161.56505117707798
-300.00000000000006,-100,100,1,0,3.7463879610093751e-05,,6.9240679285567452,63.51699920327809,3.7463879610093751e-05,orientation_unresolved,0.47021394026707253,-0.76635063417627791,-0.89090502250490156,-0.67665679123804723,-0.53881509011341078,-1.4299485438098378,0,0,-161.56505117707798
-300.00000000000006,-100,150.00000000000003,1,0,5.5425401124306275e-05,,29.926358516461775,146.76425337668741,5.5425401124306275e-05,orientation_unresolved,0.067253720817257071,-1.4067771007213097,-0.75387052289803902,-0.52365953674311894,1.3245133756672443,1.0284828375503929,0,0,-161.56505117707798
-300.00000000000006,-100,200,1,0,9.8630842611257185e-05,,0,177.28211051352002,9.8630842611257185e-05,orientation_unresolved,0.6778058701378824,-0.8636063546726277,-0.40575786300697342,-1.2366370614359172,-0.87427653157679197,1.1643553433324569,0,0,-161.56505117707798
-300.00000000000006,-100,250,1,0,7.9618324351934209e-05,,22.794464348935524,144.27618571876559,7.9618324351934209e-05,orientation_unresolved,0.19125071752661235,-1.624196770715975,0.48606750829196632,-0.56824122679429223,0.46059431820518709,1.73446322862311e-17,0,0,-161.56505117707798
-300.00000000000006,-100,300.00000000000006,1,0,0.00025503659499224611,,41.458205476692726,150.59218334247686,0.00025503659499224611,orientation_unresolved,0.27980687068643989,-1.2444622575971054,0.26954068543230947,-0.51305487389928395,0.1250196217408954,3.8387137840240821e-17,0,0,-161.56505117707798
-300.00000000000006,-100,350.00000000000006,0,0,23.253847296557993,,,,,position_unresolved,,,,,,,0,0,-161.56505117707798
-300.00000000000006,-50,-350.00000000000006,0,0,178.60884477028776,,,,,position_unresolved,,,,,,,0,0,-170.5376777919744
-300.00000000000006,-50,-300.00000000000006,0,0,131.9867519136518,,,,,position_unresolved,,,,,,,0,0,-170.5376777919744
-300.00000000000006,-50,-250,0,0,94.743610354739758,,,,,position_unresolved,,,,,,,0,0,-170.5376777919744
-300.00000000000006,-50,-200,0,0,50.203126504133614,,,,,position_unresolved,,,,,,,0,0,-170.5376777919744
-300.00000000000006,-50,-150.00000000000003,0,0,15.44105338887233,,,,,position_unresolved,,,,,,,0,0,-170.5376777919744
-300.00000000000006,-50,-100,1,0,0.00012784095197299677,,20.044494811325425,178.22018817661376,0.00012784095197299677,orientation_unresolved,0.1567880931821525,-1.6721927934768173,-0.57351519485369151,0.028744272442337154,-0.14373665182103107,-1.0140880180162682e-17,0,0,-170.5376777919744
-300.00000000000006,-50,-50,1,0,0.00013340786793323675,,13.001896806395401,113.13030509446779,0.00013340786793323675,orientation_unresolved,0.20073800257416038,-1.7951093165572301,-1.0140160691053137,0.090677374603040345,1.1152830886341258,1.1373271978273127,0,0,-170.5376777919744
-300.00000000000006,-50,0,1,0,6.2544838990433011e-05,,16.350986362163102,113.29626596669773,6.2544838990433011e-05,orientation_unresolved,0.21400406582113787,-1.7366566768649294,-1.0807493795675414,0.10906206648722779,1.390687414657114,1.1373271978273127,0,0,-170.5376777919744
-300.00000000000006,-50,50,1,0,4.3864669733577148e-05,,10.174146851677124,118.89268471292719,4.3864669733577148e-05,orientation_unresolved,-0.022674215071462254,-1.8444628636901845,-0.70519364764449632,-0.36001239041239513,1.4902583356389243,1.2771529855027712,0,0,-170.5376777919744
-300.00000000000006,-50,100,1,0,8.0975421048701862e-05,,17.286049566265099,126.63939372421531,8.0975421048701862e-05,orientation_unresolved,0.27338780897878506,-1.3844523098791408,-1.2490978472006329,0.22414623363665451,1.5342073308772315,0.87311584731493974,0,0,-170.5376777919744
-300.00000000000006,-50,150.00000000000003,1,0,3.3923829939375213e-05,,42.70493866265226,178.80127023643166,3.3923829939375213e-05,orientation_unresolved,0.15277151104282324,-0.57231937852862658,-0.80545454026939067,0.019870033823614179,-0.64386361475272524,5.417886517255548e-18,0,0,-170.5376777919744
-300.00000000000006,-50,200,1,0,6.4192595972343007e-05,,4.6040683636911464,158.45516788984531,6.4192595972343007e-05,orientation_unresolved,0.046546431018752957,-1.9416790729000473,0.58778457609102863,-0.33350428079187111,0.72884532744287522,-2.6388012289277999e-20,0,0,-170.5376777919744
-300.00000000000006,-50,250,1,0,5.7560274487296436e-05,,35.728483543523971,106.89666923310826,5.7560274487296436e-05,orientation_unresolved,0.032138465684039233,-0.57703650461439571,-0.43136554853798964,0.42139931289986832,-0.64477139708515629,0.92721665221579253,0,0,-170.5376777919744
-300.00000000000006,-50,300.00000000000006,1,0,0.00013582157616471059,,36.784272403674827,164.51276301215364,0.00013582157616471059,orientation_unresolved,0.12545943585712535,-1.3800285584387511,0.40492337462512562,-0.25759789823538198,0.25809046561572035,1.9593515442796871e-17,0,0,-170.5376777919744
-300.00000000000006,-50,350.00000000000006,0,0,14.100296223046428,,,,,position_unresolved,,,,,,,0,0,-170.5376777919744
-300.00000000000006,0,-350.00000000000006,0,0,177.67200782490949,,,,,position_unresolved,,,,,,,0,0,180
-300.00000000000006,0,-300.00000000000006,0,0,130.24132221781289,,,,,position_unresolved,,,,,,,0,0,180
-300.00000000000006,0,-250,0,0,90.588698628451667,,,,,position_unresolved,,,,,,,0,0,180
-300.00000000000006,0,-200,0,0,47.884025594955297,,,,,position_unresolved,,,,,,,0,0,180
-300.00000000000006,0,-150.00000000000003,0,0,11.458160215688331,,,,,position_unresolved,,,,,,,0,0,180
-300.00000000000006,0,-100,1,0,0.0002121591731567247,,22.566744525439905,141.53108939492196,0.0002121591731567247,orientation_unresolved,-4.4477617652671089e-05,-1.6281712314080339,-0.73102694200744767,0.36570830053365522,-0.00023875450744058818,-1.0954774571032071,0,0,180
-300.00000000000006,0,-50,1,0,0.00014222167351849325,,40.671818396696338,180,0.00014222167351849325,orientation_unresolved,0,-1.3121780810378132,-0.76540286143296432,0,-0.39520444779506458,0,0,0,180
-300.00000000000006,0,0,1,0,3.9332853748333431e-05,,25.642751337685453,143.16155539436417,3.9332853748333431e-05,orientation_unresolved,-0.044897955191420445,-0.99463251329425539,-1.1032458866821051,0.35903557673414466,-0.2477813131057561,-1.0954774571032071,0,0,180
-300.00000000000006,0,50,1,0,4.0363115037400795e-05,,3.2524953203752318,166.88293422919136,4.0363115037400795e-05,orientation_unresolved,-0.21939729224246032,-1.9652684725871099,-0.48155205503083948,-0.43342827124090122,1.470440926282766,0.47835857140102106,0,0,180
-300.00000000000006,0,100,1,0,9.3405214229894069e-05,,16.517426216656691,125.54229428837556,9.3405214229894069e-05,orientation_unresolved,0.15076647829835799,-1.3886457884928611,-1.262512855359007,0.29253074686495861,1.5703298666539511,0.87311584731493974,0,0,180
-300.00000000000006,0,150.00000000000003,1,0,3.3165071303283677e-05,,41.718615896771396,180.00000000000003,3.3165071303283677e-05,orientation_unresolved,0,-0.54734842489301594,-0.82266912002138881,0,-0.66823490122862261,0,0,0,180
-300.00000000000006,0,200,1,0,3.7573216200082089e-05,,2.799766847854527,180,3.7573216200082089e-05,orientation_unresolved,0,-1.9731700750501209,0.60022123124989768,0,0.74518672106137263,0,0,0,180
-300.00000000000006,0,250,1,0,4.8721365195968487e-05,,24.475445096500334,160.13886939577628,4.8721365195968487e-05,orientation_unresolved,0.32230198917693464,-0.86408174461045351,0.095286981432535792,-0.80945995861088516,-0.99746954313486691,0.87680797574828484,0,0,180
-300.00000000000006,0,300.00000000000006,1,0,0.00016528779542628513,,35.511110339815581,141.42354331514193,0.00016528779542628513,orientation_unresolved,0.089774402178568052,-0.57820849502048421,-0.45259449722393957,-0.61685126496713294,-0.30214652805687509,-0.12452558000114014,0,0,180
-300.00000000000006,0,350.00000000000006,0,0,11.002798497721898,,,,,position_unresolved,,,,,,,0,0,180
-300.00000000000006,50,-350.00000000000006,0,0,178.60884477028776,,,,,position_unresolved,,,,,,,0,0,170.5376777919744
-300.00000000000006,50,-300.00000000000006,0,0,131.9867519136518,,,,,position_unresolved,,,,,,,0,0,170.5376777919744
-300.00000000000006,50,-250,0,0,92.539439357852729,,,,,position_unresolved,,,,,,,0,0,170.5376777919744
-300.00000000000006,50,-200,0,0,50.203126504133614,,,,,position_unresolved,,,,,,,0,0,170.5376777919744
-300.00000000000006,50,-150.00000000000003,0,0,16.377791859150712,,,,,position_unresolved,,,,,,,0,0,170.5376777919744
-300.00000000000006,50,-100,1,0,0.00010901010221977841,,17.632197521471056,141.8951684566758,0.00010901010221977841,orientation_unresolved,-0.12789491261413294,-1.714295323721712,-0.39929507263975594,-0.18168547912814348,-0.34019326449117232,-0.52042997621723008,0,0,170.5376777919744
-300.00000000000006,50,-50,1,0,4.9557330905428669e-05,,17.675128904379303,148.31719548742694,4.9557330905428669e-05,orientation_unresolved,0.086105718682820118,-1.7135460297375287,0.048568857119795535,-0.60431691223656769,-0.97931270796102565,0.13090083520163473,0,0,170.5376777919744
-300.00000000000006,50,0,1,0,8.8175696607731583e-05,,1.7266503971322174,79.547374478357668,8.8175696607731583e-05,orientation_unresolved,-0.043557840620446285,-1.0270011912766766,-1.2548335525281753,1.2065013269750924,0.24186508650176852,0.79402088269919979,0,0,170.5376777919744
-300.00000000000006,50,50,1,0,6.9946730617617117e-05,,15.106819274986757,98.049033563230054,6.9946730617617117e-05,orientation_unresolved,-0.5689138811098805,-1.375342540041496,-0.10322488867763882,0.97297332558365568,-1.2160979860406398,0.55167599474721596,0,0,170.5376777919744
-300.00000000000006,50,100,1,0,7.7401518737977106e-05,,8.6278080833694961,84.579199870386475,7.7401518737977106e-05,orientation_unresolved,-0.47205207365001445,-1.6388006137496656,-0.67933031252399501,-0.64647363907363453,1.4650509995826284,-1.4002126685099174,0,0,170.5376777919744
-300.00000000000006,50,150.00000000000003,1,0,3.3923829939375213e-05,,42.70493866265226,178.80127023643166,3.3923829939375213e-05,orientation_unresolved,-0.15277151104282324,-0.57231937852862658,-0.80545454026939067,-0.019870033823614179,-0.64386361475272524,-5.417886517255548e-18,0,0,170.5376777919744
-300.00000000000006,50,200,1,0,6.1320653784400873e-05,,38.554911642657039,172.94405672037908,6.1320653784400873e-05,orientation_unresolved,0.10915601366226561,-1.3222615471015942,-0.6022636991028737,0.56372691045605638,1.3010985564251076,-0.684629172720017,0,0,170.5376777919744
-300.00000000000006,50,250,1,0,7.4592748099547838e-05,,17.929195605047045,161.66804739805235,7.4592748099547838e-05,orientation_unresolved,-0.085809574994735197,-1.7091117292911977,0.55199840499010777,0.28455320734626277,0.5303723838508464,1.8533721459314887e-17,0,0,170.5376777919744
-300.00000000000006,50,300.00000000000006,1,0,0.00013582157616471059,,36.784272403674827,164.51276301215364,0.00013582157616471059,orientation_unresolved,-0.12545943585712535,-1.3800285584387511,0.40492337462512562,0.25759789823538198,0.25809046561572035,-1.9593515442796871e-17,0,0,170.5376777919744
-300.00000000000006,50,350.00000000000006,0,0,14.10029622304644,,,,,position_unresolved,,,,,,,0,0,170.5376777919744
-300.00000000000006,100,-350.00000000000006,0,0,182.19452586253101,,,,,position_unresolved,,,,,,,0,0,161.56505117707798
-300.00000000000006,100,-300.00000000000006,0,0,138.80625437682627,,,,,position_unresolved,,,,,,,0,0,161.56505117707798
-300.00000000000006,100,-250,0,0,97.930644615490962,,,,,position_unresolved,,,,,,,0,0,161.56505117707798
-300.00000000000006,100,-200,0,0,58.06659802499518,,,,,position_unresolved,,,,,,,0,0,161.56505117707798
-300.00000000000006,100,-150.00000000000003,0,0,22.55037833225078,,,,,position_unresolved,,,,,,,0,0,161.56505117707798
-300.00000000000006,100,-100,1,0,0.00021131648550979084,,12.99940947598045,176.70697046343201,0.00021131648550979084,orientation_unresolved,-0.30932907570814627,-1.7951527286625559,-0.44232683754295637,-0.056049267712277064,-0.030200387423832589,4.3471602565110068e-18,0,0,161.56505117707798
-300.00000000000006,100,-50,1,0,0.00010420359540312149,,18.947164321096587,115.0053210761356,0.00010420359540312149,orientation_unresolved,-0.13928869116137643,-1.691344823513834,-0.0037728765730759973,-0.48469000876838136,-0.82691010313873703,-0.67566464046810026,0,0,161.56505117707798
-300.00000000000006,100,0,1,0,0.00010554358858384784,,29.756611158004159,115.1786678829021,0.00010554358858384784,orientation_unresolved,-0.10030232855785852,-1.4894619707586827,-0.0033689150296078748,-0.51154621032329139,-1.0314454878520414,-0.67566464046810026,0,0,161.56505117707798
-300.00000000000006,100,50,1,0,9.6659553473625096e-05,,6.7014499138630717,117.07449376801468,9.6659553473625096e-05,orientation_unresolved,-0.73685913202932818,-1.6979772069877586,-0.42472513125150418,-1.1196746957815162,1.1868310767044117,-0.31565593886108101,0,0,161.56505117707798
-300.00000000000006,100,100,1,0,5.7276820380031173e-05,,9.0831316287237378,113.89440438985405,5.7276820380031173e-05,orientation_unresolved,-0.73443790826820265,-1.5937804438717267,-0.36792783568673698,-1.0781065081226529,1.2286121797989775,-0.31565593886108101,0,0,161.56505117707798
-300.00000000000006,100,150.00000000000003,1,0,7.3140032216467783e-05,,13.275860752382021,111.01633241895711,7.3140032216467783e-05,orientation_unresolved,0.074684118461903093,-1.6888565191235514,0.89566202648130611,-1.0049295802705593,-1.11226515598314,-0.60379976780031264,0,0,161.56505117707798
-300.00000000000006,100,200,1,0,4.484136370706988e-05,,5.8760522130996602,143.72711440544302,4.484136370706988e-05,orientation_unresolved,-0.67115387233792745,-1.6046559868417665,0.30912742153923517,-1.1340806032982287,0.90411148693859533,0.67990461985025119,0,0,161.56505117707798
-300.00000000000006,100,250,1,0,7.9618324351934209e-05,,22.794464348935524,144.27618571876559,7.9618324351934209e-05,orientation_unresolved,-0.19125071752661235,-1.624196770715975,0.48606750829196632,0.56824122679429223,0.46059431820518709,-1.73446322862311e-17,0,0,161.56505117707798
-300.00000000000006,100,300.00000000000006,1,0,0.00024299030898327907,,37.303936860847116,119.825883446558,0.00024299030898327907,orientation_unresolved,-0.29526428945048067,-1.2553088428313552,0.32361511321911079,0.58556053925805729,0.054396013065587119,0.51725852052174148,0,0,161.56505117707798
-300.00000000000006,100,350.00000000000006,0,0,23.253847296557993,,,,,position_unresolved,,,,,,,0,0,161.56505117707798
-300.00000000000006,150.00000000000003,-350.00000000000006,0,0,190.31438129388039,,,,,position_unresolved,,,,,,,0,0,153.43494882292202
-300.00000000000006,150.00000000000003,-300.00000000000006,0,0,153.17506523363932,,,,,position_unresolved,,,,,,,0,0,153.43494882292202
-300.00000000000006,150.00000000000003,-250,0,0,107.9600211411741,,,,,position_unresolved,,,,,,,0,0,153.43494882292202
-300.00000000000006,150.00000000000003,-200,0,0,70.95920310357441,,,,,position_unresolved,,,,,,,0,0,153.43494882292202
-300.00000000000006,150.00000000000003,-150.00000000000003,0,0,36.946686730402789,,,,,position_unresolved,,,,,,,0,0,153.43494882292202
-300.00000000000006,150.00000000000003,-100,0,0,7.4646181494867498,,,,,position_unresolved,,,,,,,0,0,153.43494882292202
-300.00000000000006,150.00000000000003,-50,1,0,0.00016911161647342071,,11.044665292760337,72.375184262732176,0.00016911161647342071,orientation_unresolved,-0.28100460538458433,-1.8292694506939542,0.063263291286338605,-0.69082425250313551,-0.58984294931498615,-1.2591346373118075,0,0,153.43494882292202
-300.00000000000006,150.00000000000003,0,1,0,0.00012516156773029706,,0.28454364779892227,72.431776332158478,0.00012516156773029706,orientation_unresolved,-0.54253608745383475,-1.3169796005147427,-1.0200993804696994,-0.47272619983962055,0.4567011348307275,-1.5458301032751702,0,0,153.43494882292202
-300.00000000000006,150.00000000000003,50,1,0,0.00011716502063703552,,0.28454364779892227,69.693714724546666,0.00011716502063703552,orientation_unresolved,-0.55482743723252836,-1.0862387285655333,-1.1702762161678997,-0.49802905683005777,0.49481403248922889,-1.5458301032751702,0,0,153.43494882292202
-300.00000000000006,150.00000000000003,100,1,0,0.00010621926973457854,,0,107.42267248488423,0.00010621926973457854,orientation_unresolved,-0.12553868229576032,-1.9858853707540922,0.48620199413382559,1.2366370614359172,0.79656350644132101,8.8028869431000352e-17,0,0,153.43494882292202
-300.00000000000006,150.00000000000003,150.00000000000003,1,0,0.00019163119611037517,,51.431061163826634,176.63240052516119,0.00019163119611037517,orientation_unresolved,-0.43681867777978317,-0.78342272722754791,-0.65315497169153514,-0.057046293365930825,-0.4369695725063345,-3.2953282752038075e-17,0,0,153.43494882292202
-300.00000000000006,150.00000000000003,200,1,0,7.6615018908798529e-05,,33.952499966338713,173.7777138093829,7.6615018908798529e-05,orientation_unresolved,-0.66728912752635194,-1.395750327529971,-0.26148401376045088,-0.64405414774004277,0.88090411536457858,0.57031075266175535,0,0,153.43494882292202
-300.00000000000006,150.00000000000003,250,1,0,0.00014120497722813137,,21.881473955959137,128.82853411312243,0.00014120497722813137,orientation_unresolved,-0.34598167020413878,-1.4655703831031794,0.34329288048816925,0.85473329571504164,0.29213905750105784,-1.9353502654532382e-17,0,0,153.43494882292202
-300.00000000000006,150.00000000000003,300.00000000000006,0,0,10.567242189897733,,,,,position_unresolved,,,,,,,0,0,153.43494882292202
-300.00000000000006,150.00000000000003,350.00000000000006,0,0,38.076042211634054,,,,,position_unresolved,,,,,,,0,0,153.43494882292202
-300.00000000000006,200,-300.00000000000006,0,0,162.67506574924957,,,,,position_unresolved,,,,,,,0,0,146.30993247402023
-300.00000000000006,200,-250,0,0,123.70415838278284,,,,,position_unresolved,,,,,,,0,0,146.30993247402023
-300.00000000000006,200,-200,0,0,87.946434752482915,,,,,position_unresolved,,,,,,,0,0,146.30993247402023
-300.00000000000006,200,-150.00000000000003,0,0,55.814228135993496,,,,,position_unresolved,,,,,,,0,0,146.30993247402023
-300.00000000000006,200,-100,0,0,28.614842592096455,,,,,position_unresolved,,,,,,,0,0,146.30993247402023
-300.00000000000006,200,-50,0,0,7.5050187889733397,,,,,position_unresolved,,,,,,,0,0,146.30993247402023
-300.00000000000006,200,0,1,0,0.00019217462688350434,,28.301071037011752,159.14516870124891,0.00019217462688350434,orientation_unresolved,-0.58426032259072525,-1.5280883533967045,-0.40733103913330981,0.63591649513405668,-0.054629021121267926,-1.0130134084724443,0,0,146.30993247402023
-300.00000000000006,200,50,1,0,0.00011621637625834501,,0,111.26699113217764,0.00011621637625834501,orientation_unresolved,-0.35966694267650728,-1.9287857388660852,0.23629941422168665,1.2366370614359172,0.52837958674159957,2.6780021264636211e-17,0,0,146.30993247402023
-300.00000000000006,200,100,1,0,9.8725372313292027e-05,,52.710316041841644,175.34184151670385,9.8725372313292027e-05,orientation_unresolved,-0.56206476018027018,-1.1020666601364437,-0.52470415089148981,-0.077848190166443024,-0.23607358381215668,3.2717405726841108e-17,0,0,146.30993247402023
-300.00000000000006,200,150.00000000000003,1,0,0.00015170129729987725,,0,106.62023489790785,0.00015170129729987725,orientation_unresolved,-0.4003661622642416,-1.7334958585172029,0.37113695153297332,1.2366370614359172,0.41988545784815184,2.3065768584470551e-17,0,0,146.30993247402023
-300.00000000000006,200,200,1,0,0.00037146640746629815,,6.1468017765680818,74.562904876179033,0.00037146640746629815,orientation_unresolved,-0.55570400208704718,-1.0405444252339207,-0.42345590682990192,0.40311908711868144,0.083440292538980818,1.4435143973263467,0,0,146.30993247402023
-300.00000000000006,200,250,0,0,10.131212946586803,,,,,position_unresolved,,,,,,,0,0,146.30993247402023
-300.00000000000006,200,300.00000000000006,0,0,31.795754472534867,,,,,position_unresolved,,,,,,,0,0,146.30993247402023
-300.00000000000006,250,-250,0,0,143.79612373019518,,,,,position_unresolved,,,,,,,0,0,140.19442890773482
-300.00000000000006,250,-200,0,0,112.62365120830837,,,,,position_unresolved,,,,,,,0,0,140.19442890773482
-300.00000000000006,250,-150.00000000000003,0,0,79.926811947225005,,,,,position_unresolved,,,,,,,0,0,140.19442890773482
-300.00000000000006,250,-100,0,0,54.490464164916794,,,,,position_unresolved,,,,,,,0,0,140.19442890773482
-300.00000000000006,250,-50,0,0,34.800716298129274,,,,,position_unresolved,,,,,,,0,0,140.19442890773482
-300.00000000000006,250,0,0,0,20.286092641120018,,,,,position_unresolved,,,,,,,0,0,140.19442890773482
-300.00000000000006,250,50,0,0,11.499999999999963,,,,,position_unresolved,,,,,,,0,0,140.19442890773482
-300.00000000000006,250,100,0,0,8.8202721223624394,,,,,position_unresolved,,,,,,,0,0,140.19442890773482
-300.00000000000006,250,150.00000000000003,0,0,12.368627932316992,,,,,position_unresolved,,,,,,,0,0,140.19442890773482
-300.00000000000006,250,200,0,0,21.984563876181653,,,,,position_unresolved,,,,,,,0,0,140.19442890773482
-300.00000000000006,250,250,0,0,37.25955914608604,,,,,position_unresolved,,,,,,,0,0,140.19442890773482
-300.00000000000006,300.00000000000006,-200,0,0,135.69410340153783,,,,,position_unresolved,,,,,,,0,0,135
-300.00000000000006,300.00000000000006,-150.00000000000003,0,0,107.65920541059353,,,,,position_unresolved,,,,,,,0,0,135
-300.00000000000006,300.00000000000006,-100,0,0,84.348556324724711,,,,,position_unresolved,,,,,,,0,0,135
-300.00000000000006,300.00000000000006,-50,0,0,65.95322517736976,,,,,position_unresolved,,,,,,,0,0,135
-300.00000000000006,300.00000000000006,0,0,0,52.459411896962663,,,,,position_unresolved,,,,,,,0,0,135
-300.00000000000006,300.00000000000006,50,0,0,44.323155827943502,,,,,position_unresolved,,,,,,,0,0,135
-300.00000000000006,300.00000000000006,100,0,0,41.846681863220468,,,,,position_unresolved,,,,,,,0,0,135
-300.00000000000006,300.00000000000006,150.00000000000003,0,0,45.126415159641532,,,,,position_unresolved,,,,,,,0,0,135
-300.00000000000006,300.00000000000006,200,0,0,54.035110974403906,,,,,position_unresolved,,,,,,,0,0,135
-300.00000000000006,350.00000000000006,-150.00000000000003,0,0,138.85682176653691,,,,,position_unresolved,,,,,,,0,0,130.60129464500449
-300.00000000000006,350.00000000000006,-100,0,0,117.38592624107919,,,,,position_unresolved,,,,,,,0,0,130.60129464500449
-300.00000000000006,350.00000000000006,-50,0,0,100.22932526468735,,,,,position_unresolved,,,,,,,0,0,130.60129464500449
-300.00000000000006,350.00000000000006,0,0,0,87.702673901034302,,,,,position_unresolved,,,,,,,0,0,130.60129464500449
-300.00000000000006,350.00000000000006,50,0,0,80.175391972034092,,,,,position_unresolved,,,,,,,0,0,130.60129464500449
-300.00000000000006,350.00000000000006,100,0,0,77.888312927503009,,,,,position_unresolved,,,,,,,0,0,130.60129464500449
-300.00000000000006,350.00000000000006,150.00000000000003,0,0,80.917630524649923,,,,,position_unresolved,,,,,,,0,0,130.60129464500449
-250,-400,-100,0,0,125.96832591562121,,,,,position_unresolved,,,,,,,0,0,-122.0053832080835
-250,-400,-50,0,0,109.10623871333573,,,,,position_unresolved,,,,,,,0,0,-122.0053832080835
-250,-400,0,0,0,96.807595266822318,,,,,position_unresolved,,,,,,,0,0,-122.0053832080835
-250,-400,50,0,0,89.422990707147505,,,,,position_unresolved,,,,,,,0,0,-122.0053832080835
-250,-400,100,0,0,87.180143878852363,,,,,position_unresolved,,,,,,,0,0,-122.0053832080835
-250,-350.00000000000006,-200,0,0,139.19755977374945,,,,,position_unresolved,,,,,,,0,0,-125.53767779197439
-250,-350.00000000000006,-150.00000000000003,0,0,111.34794567323485,,,,,position_unresolved,,,,,,,0,0,-125.53767779197439
-250,-350.00000000000006,-100,0,0,88.328958023610326,,,,,position_unresolved,,,,,,,0,0,-125.53767779197439
-250,-350.00000000000006,-50,0,0,70.092452768422518,,,,,position_unresolved,,,,,,,0,0,-125.53767779197439
-250,-350.00000000000006,0,0,0,56.723407920559744,,,,,position_unresolved,,,,,,,0,0,-125.53767779197439
-250,-350.00000000000006,50,0,0,48.666066464083592,,,,,position_unresolved,,,,,,,0,0,-125.53767779197439
-250,-350.00000000000006,100,0,0,46.214192358848273,,,,,position_unresolved,,,,,,,0,0,-125.53767779197439
-250,-350.00000000000006,150.00000000000003,0,0,49.461405800780653,,,,,position_unresolved,,,,,,,0,0,-125.53767779197439
-250,-350.00000000000006,200,0,0,58.284152847616006,,,,,position_unresolved,,,,,,,0,0,-125.53767779197439
-250,-300.00000000000006,-250,0,0,142.58243236388833,,,,,position_unresolved,,,,,,,0,0,-129.80557109226521
-250,-300.00000000000006,-200,0,0,108.74205733757788,,,,,position_unresolved,,,,,,,0,0,-129.80557109226521
-250,-300.00000000000006,-150.00000000000003,0,0,79.048333851626623,,,,,position_unresolved,,,,,,,0,0,-129.80557109226521
-250,-300.00000000000006,-100,0,0,53.144447388904716,,,,,position_unresolved,,,,,,,0,0,-129.80557109226521
-250,-300.00000000000006,-50,0,0,33.389267065037799,,,,,position_unresolved,,,,,,,0,0,-129.80557109226521
-250,-300.00000000000006,0,0,0,18.82465762811292,,,,,position_unresolved,,,,,,,0,0,-129.80557109226521
-250,-300.00000000000006,50,0,0,10.006546081232901,,,,,position_unresolved,,,,,,,0,0,-129.80557109226521
-250,-300.00000000000006,100,0,0,7.3167709248506547,,,,,position_unresolved,,,,,,,0,0,-129.80557109226521
-250,-300.00000000000006,150.00000000000003,0,0,10.878402007373328,,,,,position_unresolved,,,,,,,0,0,-129.80557109226521
-250,-300.00000000000006,200,0,0,20.529160570669596,,,,,position_unresolved,,,,,,,0,0,-129.80557109226521
-250,-300.00000000000006,250,0,0,35.856240436988301,,,,,position_unresolved,,,,,,,0,0,-129.80557109226521
-250,-250,-300.00000000000006,0,0,157.35526902919923,,,,,position_unresolved,,,,,,,0,0,-135
-250,-250,-250,0,0,118.21424408856275,,,,,position_unresolved,,,,,,,0,0,-135
-250,-250,-200,0,0,82.156044677740354,,,,,position_unresolved,,,,,,,0,0,-135
-250,-250,-150.00000000000003,0,0,49.749186308663795,,,,,position_unresolved,,,,,,,0,0,-135
-250,-250,-100,0,0,21.40113680125156,,,,,position_unresolved,,,,,,,0,0,-135
-250,-250,-50,1,0,0.00052939745370935451,,4.8164663520829007,150.11661492731477,0.00052939745370935451,orientation_unresolved,0.73118356479041091,-1.9379720286779984,0.0087630529794315588,0.88444855079720086,-0.088779610415770469,-1.4415732007577697,0,0,-135
-250,-250,0,1,0,0.00018158099330559818,,34.846978579680048,172.70551635052459,0.00018158099330559818,orientation_unresolved,0.75356241435895299,-1.4138407142460114,-0.51229124271726456,0.11984478921141289,-0.15726737572019905,-8.3242728842320527e-18,0,0,-135
-250,-250,50,1,0,0.000131755839204838,,13.411376997589551,108.15596960190561,0.000131755839204838,orientation_unresolved,0.82813125398977572,-1.1678902092609433,-0.71239421795299218,-1.0025643756017479,-0.17572198523378063,-0.25144853585467886,0,0,-135
-250,-250,100,1,0,0.00013279440195950907,,21.297482480908432,95.370232134211918,0.00013279440195950907,orientation_unresolved,0.62140748787960876,-1.5985255204563518,0.59313954013221859,0.4004707158584066,-0.9286923118796504,1.179085135117234,0,0,-135
-250,-250,150.00000000000003,1,0,0.00018373285927182953,,45.967283574334189,174.13101505283942,0.00018373285927182953,orientation_unresolved,0.74851588022485727,-0.92340002180612191,-0.54477651404996863,0.10083506726766803,-0.30231525511335006,-1.2884219285816277e-17,0,0,-135
-250,-250,200,1,0,0.00013601675782431869,,0,105.6494911792515,0.00013601675782431869,orientation_unresolved,0.59766137128873442,-1.5718643836465391,0.33849755709054979,-1.2366370614359172,0.39613442041069941,-1.1297243752806525e-16,0,0,-135
-250,-250,250,0,0,2.3271539062615987,,,,,position_unresolved,,,,,,,0,0,-135
-250,-250,300.00000000000006,0,0,24.398904668753257,,,,,position_unresolved,,,,,,,0,0,-135
-250,-200,-350.00000000000006,0,0,181.95268615282902,,,,,position_unresolved,,,,,,,0,0,-141.34019174590992
-250,-200,-300.00000000000006,0,0,138.97225005935181,,,,,position_unresolved,,,,,,,0,0,-141.34019174590992
-250,-200,-250,0,0,97.78635201916282,,,,,position_unresolved,,,,,,,0,0,-141.34019174590992
-250,-200,-200,0,0,59.087136858877777,,,,,position_unresolved,,,,,,,0,0,-141.34019174590992
-250,-200,-150.00000000000003,0,0,23.992749890478031,,,,,position_unresolved,,,,,,,0,0,-141.34019174590992
-250,-200,-100,1,0,0.00025755376774915266,,9.3682844506509841,154.54437631485072,0.00025755376774915266,orientation_unresolved,0.60490556548223362,-1.8585278159061176,-0.24923138645231441,0.46389461643771723,-0.21505273400339664,-0.99375097430217929,0,0,-141.34019174590992
-250,-200,-50,1,0,0.00010116941425978894,,13.740141606630383,124.36392881391984,0.00010116941425978894,orientation_unresolved,0.71742175963937993,-1.6292599310087414,-0.078576511127099499,-0.19358077749738262,-0.76059520737024433,1.3109856160689328,0,0,-141.34019174590992
-250,-200,0,1,0,7.9064682180750176e-05,,19.675663809264137,173.14292315493026,7.9064682180750176e-05,orientation_unresolved,0.48405431630282764,-1.209692428157237,-1.2073912108077478,-0.71472863701115186,0.54370331895386714,0.64862736515130759,0,0,-141.34019174590992
-250,-200,50,1,0,8.8373755327755219e-05,,15.009574137409748,154.77683308808307,8.8373755327755219e-05,orientation_unresolved,0.48799790262728865,-1.3306943496503614,-1.2888298387749086,-0.36798183633928888,1.1695513769918238,-0.2677335785770551,0,0,-141.34019174590992
-250,-200,100,1,0,6.2493845335496412e-05,,23.748690336145124,175.23603550320345,6.2493845335496412e-05,orientation_unresolved,0.65590699846385125,-1.0775191276407692,-0.032834221801423702,-0.0087455793154643784,-1.1363034873926052,0.087992555257129068,0,0,-141.34019174590992
-250,-200,150.00000000000003,1,0,3.9421668840891499e-05,,11.182335493422222,171.32998704040324,3.9421668840891499e-05,orientation_unresolved,1.0114541228208522,-0.96459362057310227,-0.35573918458129622,-1.0414684890130748,-0.9731226656092441,0.82379796972034403,0,0,-141.34019174590992
-250,-200,200,1,0,7.2956026215366599e-05,,51.092200697642255,175.51652108703448,7.2956026215366599e-05,orientation_unresolved,0.63304864270643635,-0.60395693412720997,-0.65906920253129542,0.08078840383544561,-0.4963376082256174,-1.3022309526460212e-17,0,0,-141.34019174590992
-250,-200,250,1,0,0.00013151472280074745,,27.719490605800566,96.187200203059732,0.00013151472280074745,orientation_unresolved,0.67855578147372742,-0.57527371890231449,-0.8440103188071747,0.75284068338905974,0.078867439436272127,0.71590349751576954,0,0,-141.34019174590992
-250,-200,300.00000000000006,1,0,0.00033636397937682026,,4.8125396091429948,128.78119544155157,0.00033636397937682026,orientation_unresolved,0.64784848743667789,-1.2179293176093775,0.30144097272584203,0.53299891874679262,-0.016557553814951716,-1.4668016652327103,0,0,-141.34019174590992
-250,-200,350.00000000000006,0,0,24.81997306526771,,,,,position_unresolved,,,,,,,0,0,-141.34019174590992
-250,-150.00000000000003,-350.00000000000006,0,0,169.48800848984934,,,,,position_unresolved,,,,,,,0,0,-149.03624346792648
-250,-150.00000000000003,-300.00000000000006,0,0,125.12742663428867,,,,,position_unresolved,,,,,,,0,0,-149.03624346792648
-250,-150.00000000000003,-250,0,0,82.303419513075227,,,,,position_unresolved,,,,,,,0,0,-149.03624346792648
-250,-150.00000000000003,-200,0,0,41.22366221591885,,,,,position_unresolved,,,,,,,0,0,-149.03624346792648
-250,-150.00000000000003,-150.00000000000003,0,0,3.715316440113007,,,,,position_unresolved,,,,,,,0,0,-149.03624346792648
-250,-150.00000000000003,-100,1,0,0.00014316207449518577,,25.783562036411155,173.6694434120823,0.00014316207449518577,orientation_unresolved,0.50683479952082688,-1.5720271744057768,-0.68005764889717268,0.097606417231809614,-0.25305720116305502,1.2616766804289818e-17,0,0,-149.03624346792648
-250,-150.00000000000003,-50,1,0,4.1997310695578902e-05,,13.740141606630383,131.27942091353728,4.1997310695578902e-05,orientation_unresolved,0.62671078863787044,-1.5149543310430134,-0.16710493300546433,-0.23747488724943022,-0.99984840900507399,1.3109856160689328,0,0,-149.03624346792648
-250,-150.00000000000003,0,1,0,6.638118793174902e-05,,2.0007995746124885,139.16558396792925,6.638118793174902e-05,orientation_unresolved,0.35159725743481873,-1.7273662051475909,0.67809790608842269,0.3170885662682365,-1.5158757865454067,0.52220036539302328,0,0,-149.03624346792648
-250,-150.00000000000003,50,1,0,9.6154245072173792e-05,,36.514021276040495,174.80588939658796,9.6154245072173792e-05,orientation_unresolved,0.4942186780208388,-0.79277106617770032,-0.91350643238472862,0.074976799475762301,-0.69263195822903179,7.1662391268577258e-18,0,0,-149.03624346792648
-250,-150.00000000000003,100,1,0,3.281397320577435e-05,,11.728715200243274,177.76461443090935,3.281397320577435e-05,orientation_unresolved,0.5522587254149196,-0.95618335995182879,-0.098122177459593313,-0.061566977169403264,-1.3460916295219454,0.087992555257129068,0,0,-149.03624346792648
-250,-150.00000000000003,150.00000000000003,1,0,0.00013408816203891758,,39.545683997206673,175.96798957086833,0.00013408816203891758,orientation_unresolved,0.49600127140199785,-0.48779913644103978,-0.86059393609040813,0.066636555507032513,-0.73236002827915292,3.7032440282239715e-18,0,0,-149.03624346792648
-250,-150.00000000000003,200,1,0,3.9513311539434901e-05,,8.6908358248285751,176.64349380178837,3.9513311539434901e-05,orientation_unresolved,0.96716333659627318,-0.77970380418392149,-0.32805642021518772,-1.0849533615423814,-1.1397786132655139,0.82379796972034403,0,0,-149.03624346792648
-250,-150.00000000000003,250,1,0,5.4932844350040171e-05,,0.0039102284014483875,170.38808911094594,5.4932844350040171e-05,orientation_unresolved,0.94371730774871887,-0.68906642880428826,-0.38330329120426881,-1.236568815075807,-0.94187232659795961,1.1643553433324569,0,0,-149.03624346792648
-250,-150.00000000000003,300.00000000000006,1,0,8.7222613924060893e-05,,59.737321643368908,177.17993736256406,8.7222613924060893e-05,orientation_unresolved,0.50818337779523937,-0.47283479332180933,-0.50596039421621486,0.059539042272317974,-0.37678087929263659,2.4065502410128847e-17,0,0,-149.03624346792648
-250,-150.00000000000003,350.00000000000006,0,0,3.2159940946079786,,,,,position_unresolved,,,,,,,0,0,-149.03624346792648
-250,-100,-400,0,0,206.64189926951516,,,,,position_unresolved,,,,,,,0,0,-158.19859051364818
-250,-100,-350.00000000000006,0,0,161.21073926759371,,,,,position_unresolved,,,,,,,0,0,-158.19859051364818
-250,-100,-300.00000000000006,0,0,115.52481967791182,,,,,position_unresolved,,,,,,,0,0,-158.19859051364818
-250,-100,-250,0,0,70.771803806458578,,,,,position_unresolved,,,,,,,0,0,-158.19859051364818
-250,-100,-200,0,0,28.648392420216965,,,,,position_unresolved,,,,,,,0,0,-158.19859051364818
-250,-100,-150.00000000000003,1,0,0.00010688203315890304,,7.4106807140653022,155.68832046200899,0.00010688203315890304,orientation_unresolved,0.29362819039879812,-1.8926944465588815,-0.40940181592365937,0.40797816204153931,-0.31362113762572313,-0.99375097430217929,0,0,-158.19859051364818
-250,-100,-100,1,0,0.00010598857220904253,,24.260738451198474,110.15541687288075,0.00010598857220904253,orientation_unresolved,0.27993227379439217,-1.5379769690939842,-0.5758072228133948,0.2539739313156083,-0.61989458306409528,1.1273665618562936,0,0,-158.19859051364818
-250,-100,-50,1,0,4.0396207495240652e-05,,36.346115050332365,175.38467399141464,4.0396207495240652e-05,orientation_unresolved,0.34497921584417862,-1.1673136069166736,-0.91643694885793225,0.062179466635773645,-0.57669874185684322,8.1304952959638261e-18,0,0,-158.19859051364818
-250,-100,0,1,0,4.006705043332121e-05,,16.240857407284661,162.90421898943305,4.006705043332121e-05,orientation_unresolved,-0.12581894823601561,-1.6685004651747615,-1.1759270423669186,-0.95318062633189016,1.4937677555560771,-0.086142319346040622,0,0,-158.19859051364818
-250,-100,50,1,0,5.3903272622504096e-05,,2.5963545825660708,120.49186060499217,5.3903272622504096e-05,orientation_unresolved,0.095781819798199094,-1.9767202888183446,-0.68829716233711968,-0.48854058584401833,1.7874057786317343,1.2771529855027712,0,0,-158.19859051364818
-250,-100,100,1,0,5.7674256250570124e-05,,10.535675269841519,127.04399832981957,5.7674256250570124e-05,orientation_unresolved,0.10509858781703896,-1.838153002453689,-0.62569230338298398,-0.47273836533074554,1.8054340426111271,1.2771529855027712,0,0,-158.19859051364818
-250,-100,150.00000000000003,1,0,0.00017654376515837612,,24.342477478476194,158.34197907515065,0.00017654376515837612,orientation_unresolved,0.18022599117058111,-0.50971543289974774,-0.64305276730982142,0.35812995238439854,-1.1259399467029199,0.057736254471049415,0,0,-158.19859051364818
-250,-100,200,1,0,3.2030212902445785e-05,,24.942828677720797,116.68516063600666,3.2030212902445785e-05,orientation_unresolved,0.072461687801030988,-1.3940112582189239,-0.66027013446755001,-0.52196680242200821,1.64953259271807,-0.83623081175836356,0,0,-158.19859051364818
-250,-100,250,1,0,4.3954161957424122e-05,,45.290940681377741,177.91583983130718,4.3954161957424122e-05,orientation_unresolved,0.34892526601699936,-0.25153270816716466,-0.76032029057941097,0.042273010521089671,-0.69531755707128595,2.1897648434550268e-17,0,0,-158.19859051364818
-250,-100,300.00000000000006,1,0,6.6812258958790063e-05,,17.365564773096146,145.02147513879387,6.6812258958790063e-05,orientation_unresolved,0.77092775166458705,-0.72493604928565525,0.12386231740708409,-0.93355077967704747,-1.0133617199235869,-0.11706886362841952,0,0,-158.19859051364818
-250,-100,350.00000000000006,1,0,0.00025446925758263226,,28.351554154702466,101.16952511621608,0.00025446925758263226,orientation_unresolved,0.53250452086034761,-0.72004819216038696,0.14043839496800012,-0.55765698907515782,-0.57631224580690787,-1.0559683587378608,0,0,-158.19859051364818
-250,-100,400,0,0,22.22663273317696,,,,,position_unresolved,,,,,,,0,0,-158.19859051364818
-250,-50,-400,0,0,201.9703796267853,,,,,position_unresolved,,,,,,,0,0,-168.6900675259798
-250,-50,-350.00000000000006,0,0,157.94939262880959,,,,,position_unresolved,,,,,,,0,0,-168.6900675259798
-250,-50,-300.00000000000006,0,0,111.90419948756661,,,,,position_unresolved,,,,,,,0,0,-168.6900675259798
-250,-50,-250,0,0,64.16365263542562,,,,,position_unresolved,,,,,,,0,0,-168.6900675259798
-250,-50,-200,0,0,20.846715982855457,,,,,position_unresolved,,,,,,,0,0,-168.6900675259798
-250,-50,-150.00000000000003,1,0,8.5855062312492972e-05,,14.75773294371734,177.42804122150605,8.5855062312492972e-05,orientation_unresolved,0.18369426810414002,-1.7644641948354629,-0.6774352274554406,0.040124173195575305,-0.20095193696250457,7.7509792681768724e-18,0,0,-168.6900675259798
-250,-50,-100,1,0,4.9255765583586993e-05,,14.56246580401381,105.2023855019405,4.9255765583586993e-05,orientation_unresolved,-0.24131021943960812,-1.7671213242266237,-0.40277492065480508,0.98247408594679297,-0.96550288604831858,0.062599228099176701,0,0,-168.6900675259798
-250,-50,-50,1,0,3.4703142054461581e-05,,8.7045674070891295,133.21505816470616,3.4703142054461581e-05,orientation_unresolved,0.70131980861566512,-1.8211245603671622,0.05857021100167379,-0.95667153852319609,-1.3988729655794057,0.36035222932532118,0,0,-168.6900675259798
-250,-50,0,1,0,3.0127563979674561e-05,,29.889942522280485,177.69307020300664,3.0127563979674561e-05,orientation_unresolved,0.17577330271808783,-0.85908572810597117,-1.0291184165492435,0.029756772174284539,-0.7839535161112281,2.3979446191781358e-18,0,0,-168.6900675259798
-250,-50,50,1,0,3.1877696274977358e-05,,13.375694417429042,166.04641303830218,3.1877696274977358e-05,orientation_unresolved,-0.022081311132809013,-0.88662761484132235,-0.541062985280237,0.36242500664524391,-1.317346419470135,-0.74577096400975174,0,0,-168.6900675259798
-250,-50,100,1,0,0.00011352355971922868,,2.7155266279052861,172.32614223539662,0.00011352355971922868,orientation_unresolved,-0.1110730214050937,-1.9746403442508393,-0.3753139802915918,-0.52442633984549325,1.8258965985695608,0.47835857140102106,0,0,-168.6900675259798
-250,-50,150.00000000000003,1,0,3.7189254030894816e-05,,11.468826287843278,123.51965563398144,3.7189254030894816e-05,orientation_unresolved,-0.1083653462202173,-1.6189112763908697,-0.71044067709014702,-0.52930915655407307,1.8846982978430173,-0.83623081175836356,0,0,-168.6900675259798
-250,-50,200,1,0,3.0306801921616951e-05,,19.221041947966569,170.73034854255127,3.0306801921616951e-05,orientation_unresolved,0.54186422737393791,-1.3697224598696072,-0.69811053392038169,0.61515664576805085,1.7493966102492002,-0.73608349698483988,0,0,-168.6900675259798
-250,-50,250,1,0,3.671077056609662e-05,,42.612507350918513,178.94566460959538,3.671077056609662e-05,orientation_unresolved,0.17933521145217254,-0.16463133901143284,-0.80706777099108185,0.021762225855812316,-0.77084966847734826,-8.4133218182064834e-18,0,0,-168.6900675259798
-250,-50,300.00000000000006,1,0,8.7808981862610568e-05,,35.728483543523971,110.67340201842316,8.7808981862610568e-05,orientation_unresolved,0.0067206467641708571,-0.29626495762790278,-0.45306769654190504,0.42100604108390183,-0.81301676264166822,0.92721665221579253,0,0,-168.6900675259798
-250,-50,350.00000000000006,1,0,7.8336957218351461e-05,,62.623066632480388,179.1695639452339,7.8336957218351461e-05,orientation_unresolved,0.18425406383094758,-0.34752961239238717,-0.45781762636231604,0.020268189320990542,-0.35728184388198458,-8.9557633475858068e-18,0,0,-168.6900675259798
-250,-50,400,0,0,13.049811285687831,,,,,position_unresolved,,,,,,,0,0,-168.6900675259798
-250,0,-400,0,0,201.01256920475706,,,,,position_unresolved,,,,,,,0,0,180
-250,0,-350.00000000000006,0,0,157.24486745893364,,,,,position_unresolved,,,,,,,0,0,180
-250,0,-300.00000000000006,0,0,111.18429388014947,,,,,position_unresolved,,,,,,,0,0,180
-250,0,-250,0,0,61.989185513600432,,,,,position_unresolved,,,,,,,0,0,180
-250,0,-200,0,0,19.483726626920031,,,,,position_unresolved,,,,,,,0,0,180
-250,0,-150.00000000000003,1,0,6.6816456168318145e-05,,11.416181785948778,108.99065412723087,6.6816456168318145e-05,orientation_unresolved,0.14808480131425025,-1.8227852646623528,-0.486321920765524,-0.53076016718228169,-0.48924079544383547,-0.7948467532186716,0,0,180
-250,0,-100,1,0,4.9150519781947845e-05,,17.192317929760446,175.52467151069149,4.9150519781947845e-05,orientation_unresolved,0.0033576894517463661,-1.3278501748138585,-1.2507337728709216,-0.71099624139603979,-0.0082956788123594392,0.80520891500202452,0,0,180
-250,0,-50,1,0,7.1615879086116196e-05,,9.7583864210924194,149.78148546001455,7.1615879086116196e-05,orientation_unresolved,0.31739290283590182,-1.5708091068437053,-0.072798466256556185,-0.53802206349473425,-1.380480354064928,0.13090083520163473,0,0,180
-250,0,0,1,0,2.6306460568033532e-05,,28.898692114982143,180,2.6306460568033532e-05,orientation_unresolved,0,-0.84154664203809948,-1.0464189998683344,0,-0.80658629947873395,0,0,0,180
-250,0,50,1,0,0.00013113546207397419,,12.024777623266328,160.49738740963082,0.00013113546207397419,orientation_unresolved,-0.16184383704294722,-0.86085183673933574,-0.54585578943819757,0.27009485725906762,-1.3409243654487608,-0.74577096400975174,0,0,180
-250,0,100,1,0,0.00019809255150708154,,1.1422752858835148,169.66005744125815,0.00019809255150708154,orientation_unresolved,-0.26527109491511053,-2.0020987601305387,-0.3744867459030839,-0.45767034439192034,1.8663521903403886,0.47835857140102106,0,0,180
-250,0,150.00000000000003,1,0,9.5519120116585493e-05,,5.6571175208533253,147.85868628672688,9.5519120116585493e-05,orientation_unresolved,-0.59252104395620275,-1.5729975853985114,-0.15373448063411047,-1.1379017345247677,1.6981878282205418,0.53692088552541484,0,0,180
-250,0,200,1,0,5.7737033412205531e-05,,5.5885005378233927,65.745142090467226,5.7737033412205531e-05,orientation_unresolved,-0.16684710323815452,-0.0093870278339998198,-1.4532585921604044,0.73497263148392367,-0.41076144481324423,1.2773476158684864,0,0,180
-250,0,250,1,0,3.4960898981247378e-05,,41.753830511009966,180,3.4960898981247378e-05,orientation_unresolved,0,-0.13545950907802645,-0.82205450905810618,0,-0.79589269166770327,0,0,0,180
-250,0,300.00000000000006,1,0,0.00017101390768225325,,22.166583487575416,179.60531768155289,0.00017101390768225325,orientation_unresolved,0.14405498862013233,-1.635155359056967,0.69926863865326394,0.39635464147550026,0.64292952640089751,-0.59815563350453627,0,0,180
-250,0,350.00000000000006,1,0,7.4232995510106238e-05,,40.755598009104794,179.99999999999997,7.4232995510106238e-05,orientation_unresolved,0,-1.310715850955241,0.53194825239204624,0,0.34179960594667497,0,0,0,180
-250,0,400,0,0,9.9441981124055854,,,,,position_unresolved,,,,,,,0,0,180
-250,50,-400,0,0,203.51475045216162,,,,,position_unresolved,,,,,,,0,0,168.6900675259798
-250,50,-350.00000000000006,0,0,157.94939262880959,,,,,position_unresolved,,,,,,,0,0,168.6900675259798
-250,50,-300.00000000000006,0,0,111.90419948756661,,,,,position_unresolved,,,,,,,0,0,168.6900675259798
-250,50,-250,0,0,64.16365263542562,,,,,position_unresolved,,,,,,,0,0,168.6900675259798
-250,50,-200,0,0,20.846715982855457,,,,,position_unresolved,,,,,,,0,0,168.6900675259798
-250,50,-150.00000000000003,1,0,8.5855062312492972e-05,,14.75773294371734,177.42804122150605,8.5855062312492972e-05,orientation_unresolved,-0.18369426810414002,-1.7644641948354629,-0.6774352274554406,-0.040124173195575305,-0.20095193696250457,-7.7509792681768724e-18,0,0,168.6900675259798
-250,50,-100,1,0,3.7151483374235858e-05,,30.913226186549117,143.38109194776757,3.7151483374235858e-05,orientation_unresolved,-0.12154139729069358,-1.4824976454643526,-0.64441321510039229,-0.17525792842769491,-0.682249848039305,-0.52042997621723008,0,0,168.6900675259798
-250,50,-50,1,0,7.8245637006082438e-05,,20.256011176373374,125.37453236943018,7.8245637006082438e-05,orientation_unresolved,-0.44350128936291866,-1.123140425502472,-1.1624979220576193,0.88310297308743202,-0.56530905976531642,-0.083657710920820388,0,0,168.6900675259798
-250,50,0,1,0,3.0127563979674561e-05,,29.889942522280485,177.69307020300664,3.0127563979674561e-05,orientation_unresolved,-0.17577330271808783,-0.85908572810597117,-1.0291184165492435,-0.029756772174284539,-0.7839535161112281,-2.3979446191781358e-18,0,0,168.6900675259798
-250,50,50,1,0,0.00015514519065951669,,9.0208920739010416,118.67580500750837,0.00015514519065951669,orientation_unresolved,0.34930182761700662,-0.98984430884661023,-0.87579262070230679,-1.0791927932792844,-1.26587332086714,0.262614034871264,0,0,168.6900675259798
-250,50,100,1,0,1.9519359532127581e-05,,23.662269521259496,176.09311783830427,1.9519359532127581e-05,orientation_unresolved,-0.040248492806779321,-0.55036682644564194,-0.80624979388044093,-0.27051539928394752,-1.1378118151546159,0.23505688647435952,0,0,168.6900675259798
-250,50,150.00000000000003,1,0,4.3127713930537337e-05,,14.238536113069424,125.45687115956648,4.3127713930537337e-05,orientation_unresolved,-0.1486668797209148,-0.49447116033106503,-0.52410249778647189,-0.06796946463235598,-1.3022869909577195,1.0923608571605572,0,0,168.6900675259798
-250,50,200,1,0,2.6826164261098738e-05,,18.06359555196201,176.4101297322787,2.6826164261098738e-05,orientation_unresolved,-0.6934846177473587,-1.3097554156170248,-0.51731268530938057,-0.92136784430557772,1.6489578317315641,0.88149179395171917,0,0,168.6900675259798
-250,50,250,1,0,3.671077056609662e-05,,42.612507350918513,178.94566460959538,3.671077056609662e-05,orientation_unresolved,-0.17933521145217254,-0.16463133901143284,-0.80706777099108185,-0.021762225855812316,-0.77084966847734826,8.4133218182064834e-18,0,0,168.6900675259798
-250,50,300.00000000000006,1,0,5.7352900658676284e-05,,2.697056028092514,56.213593006731067,5.7352900658676284e-05,orientation_unresolved,0.27053399394807887,-0.4477423648812901,-0.36179613209836203,-1.0909875013835444,-0.96136344510070471,-1.5037238189939215,0,0,168.6900675259798
-250,50,350.00000000000006,1,0,7.8336957218351461e-05,,62.623066632480388,179.1695639452339,7.8336957218351461e-05,orientation_unresolved,-0.18425406383094758,-0.34752961239238717,-0.45781762636231604,-0.020268189320990542,-0.35728184388198458,8.9557633475858068e-18,0,0,168.6900675259798
-250,50,400,0,0,13.049811285687818,,,,,position_unresolved,,,,,,,0,0,168.6900675259798
-250,100,-400,0,0,207.34661079299582,,,,,position_unresolved,,,,,,,0,0,158.19859051364818
-250,100,-350.00000000000006,0,0,161.21073926759371,,,,,position_unresolved,,,,,,,0,0,158.19859051364818
-250,100,-300.00000000000006,0,0,115.52481967791182,,,,,position_unresolved,,,,,,,0,0,158.19859051364818
-250,100,-250,0,0,70.771803806458578,,,,,position_unresolved,,,,,,,0,0,158.19859051364818
-250,100,-200,0,0,28.648392420216965,,,,,position_unresolved,,,,,,,0,0,158.19859051364818
-250,100,-150.00000000000003,1,0,0.00016648267013252412,,6.2994067219179959,155.91792407089343,0.00016648267013252412,orientation_unresolved,-0.2394933770141324,-1.9120898366136336,-0.72508775447707285,0.69211550923703502,0.34423081831465818,-0.057102975114251338,0,0,158.19859051364818
-250,100,-100,1,0,4.1573189969088993e-05,,27.95223694884945,139.74812417089743,4.1573189969088993e-05,orientation_unresolved,-0.29120405888168921,-1.5341766567783288,-0.58138149553534302,-0.22176837413377951,-0.61315560781058454,-0.52042997621723008,0,0,158.19859051364818
-250,100,-50,1,0,3.176248132520918e-05,,23.387699967158252,176.40602661875107,3.176248132520918e-05,orientation_unresolved,-0.30796861803054587,-1.4388655012955434,-0.22812458429520838,-0.10760709010209549,-1.1426039578994154,0.24260155912690728,0,0,158.19859051364818
-250,100,0,1,0,4.859304094981386e-05,,32.882282510280184,175.73317270853673,4.859304094981386e-05,orientation_unresolved,-0.34293911813316963,-0.91285167720923543,-0.97689223141956116,-0.057015115948877086,-0.71598139045817011,8.3033020395895193e-18,0,0,158.19859051364818
-250,100,50,1,0,2.7672862008862655e-05,,10.85961734607147,131.51762492603882,2.7672862008862655e-05,orientation_unresolved,0.15973829059160025,-1.6898017816924851,-0.85480432532189587,1.0471009832402816,1.6383245801041448,0.4722953774455188,0,0,158.19859051364818
-250,100,100,1,0,3.5823518116746696e-05,,3.2155055158414574,71.066152272162725,3.5823518116746696e-05,orientation_unresolved,0.1592363878740603,-1.7227348884003195,-0.38893992074770473,1.0470976480480516,1.6501043927808576,1.4946751684274244,0,0,158.19859051364818
-250,100,150.00000000000003,1,0,3.5179971411133332e-05,,7.6512192633070466,144.85656865364487,3.5179971411133332e-05,orientation_unresolved,-0.89905025457335142,-1.8575507341877273,0.4153461453950697,-1.1030980934991943,1.3961164044898027,0.67990461985025119,0,0,158.19859051364818
-250,100,200,1,0,2.9545724636994905e-05,,23.993619029016688,128.56384523079834,2.9545724636994905e-05,orientation_unresolved,-0.48674988682539516,-0.44685469346172185,-0.47143879995730748,0.23439407123122247,-1.1320286752693904,-1.1023689482405639,0,0,158.19859051364818
-250,100,250,1,0,4.3954161957424122e-05,,45.290940681377741,177.91583983130718,4.3954161957424122e-05,orientation_unresolved,-0.34892526601699936,-0.25153270816716466,-0.76032029057941097,-0.042273010521089671,-0.69531755707128595,-2.1897648434550268e-17,0,0,158.19859051364818
-250,100,300.00000000000006,1,0,0.00028685209804218763,,23.512416503399237,119.1337825202904,0.00028685209804218763,orientation_unresolved,-0.24162636090723272,-1.6116661417487963,0.76409814019753797,0.56591183766121445,0.40590208635976127,0.51725852052174148,0,0,158.19859051364818
-250,100,350.00000000000006,1,0,0.00013575687379490902,,37.420207474158133,121.1615699656171,0.00013575687379490902,orientation_unresolved,-0.31707417055403564,-1.2046761906783596,0.46262758802756343,0.58353123423246689,0.14940195789772862,0.51725852052174148,0,0,158.19859051364818
-250,100,400,0,0,22.226632733177016,,,,,position_unresolved,,,,,,,0,0,158.19859051364818
-250,150.00000000000003,-350.00000000000006,0,0,169.48800848984934,,,,,position_unresolved,,,,,,,0,0,149.03624346792648
-250,150.00000000000003,-300.00000000000006,0,0,130.52442287997866,,,,,position_unresolved,,,,,,,0,0,149.03624346792648
-250,150.00000000000003,-250,0,0,84.074432445722536,,,,,position_unresolved,,,,,,,0,0,149.03624346792648
-250,150.00000000000003,-200,0,0,41.22366221591885,,,,,position_unresolved,,,,,,,0,0,149.03624346792648
-250,150.00000000000003,-150.00000000000003,0,0,3.715316440113007,,,,,position_unresolved,,,,,,,0,0,149.03624346792648
-250,150.00000000000003,-100,1,0,8.5512381667814341e-05,,5.2492731265604204,85.891329728020253,8.5512381667814341e-05,orientation_unresolved,-0.72765043812972141,-1.9304181254384292,0.12333497360514974,0.52841389791270865,-0.86304022069113762,1.2878238618396631,0,0,149.03624346792648
-250,150.00000000000003,-50,1,0,4.0688289400414725e-05,,16.710983853036151,77.085825485936752,4.0688289400414725e-05,orientation_unresolved,-0.20391040208371097,-1.6778016986047102,-0.037584366703333975,-0.71403716936724726,-1.0795943768660079,-1.2591346373118075,0,0,149.03624346792648
-250,150.00000000000003,0,1,0,3.3409888206128077e-05,,16.206177520919063,77.819136083313822,3.3409888206128077e-05,orientation_unresolved,-0.16078388145613151,-1.5052982390438761,-0.010986330440593592,-0.75349405841227635,-1.2679451698921667,-1.2591346373118075,0,0,149.03624346792648
-250,150.00000000000003,50,1,0,9.6154245072173792e-05,,36.514021276040495,174.80588939658796,9.6154245072173792e-05,orientation_unresolved,-0.4942186780208388,-0.79277106617770032,-0.91350643238472862,-0.074976799475762301,-0.69263195822903179,-7.1662391268577258e-18,0,0,149.03624346792648
-250,150.00000000000003,100,1,0,6.2976544144299648e-05,,4.9077260543461279,63.089334257045472,6.2976544144299648e-05,orientation_unresolved,-1.0139307893080189,-1.7588336340898909,-0.15612807652779503,-1.0952992691875114,1.4346775019858888,-1.4651403483606464,0,0,149.03624346792648
-250,150.00000000000003,150.00000000000003,1,0,0.00013408816203891758,,39.545683997206673,175.96798957086833,0.00013408816203891758,orientation_unresolved,-0.49600127140199785,-0.48779913644103978,-0.86059393609040813,-0.066636555507032513,-0.73236002827915292,-3.7032440282239715e-18,0,0,149.03624346792648
-250,150.00000000000003,200,1,0,3.7699671729026277e-05,,10.660907210707075,145.40652080576226,3.7699671729026277e-05,orientation_unresolved,-0.95119833341730986,-1.6818506125701176,0.38343472319002969,-1.0505691293594739,1.108337381673842,0.67990461985025119,0,0,149.03624346792648
-250,150.00000000000003,250,1,0,6.5345978161008048e-05,,50.205406653083429,176.91425096573863,6.5345978161008048e-05,orientation_unresolved,-0.50236384934940637,-0.39766896862994089,-0.67454667839592419,-0.061029601490420436,-0.56593016522902639,1.0688615261203042e-18,0,0,149.03624346792648
-250,150.00000000000003,300.00000000000006,1,0,8.7222613924060893e-05,,59.737321643368908,177.17993736256406,8.7222613924060893e-05,orientation_unresolved,-0.50818337779523937,-0.47283479332180933,-0.50596039421621486,-0.059539042272317974,-0.37678087929263659,-2.4065502410128847e-17,0,0,149.03624346792648
-250,150.00000000000003,350.00000000000006,0,0,3.2159940946079422,,,,,position_unresolved,,,,,,,0,0,149.03624346792648
-250,200,-350.00000000000006,0,0,182.23498650095871,,,,,position_unresolved,,,,,,,0,0,141.34019174590992
-250,200,-300.00000000000006,0,0,139.34848798289764,,,,,position_unresolved,,,,,,,0,0,141.34019174590992
-250,200,-250,0,0,97.78635201916282,,,,,position_unresolved,,,,,,,0,0,141.34019174590992
-250,200,-200,0,0,59.087136858877777,,,,,position_unresolved,,,,,,,0,0,141.34019174590992
-250,200,-150.00000000000003,0,0,23.992749890478031,,,,,position_unresolved,,,,,,,0,0,141.34019174590992
-250,200,-100,1,0,0.00043072944020607599,,6.8588098793520524,132.04227653254878,0.00043072944020607599,orientation_unresolved,-0.74489563588198482,-1.9023264096703572,-0.16714280505245668,0.70086162870971469,-0.2960913299176563,0.12268730206981708,0,0,141.34019174590992
-250,200,-50,1,0,9.9352979199628384e-05,,13.223376237828999,85.606190513451764,9.9352979199628384e-05,orientation_unresolved,-0.83592011537836597,-1.7912437712532687,0.17047837325286855,0.50481532997853162,-0.87419051534248882,1.2878238618396631,0,0,141.34019174590992
-250,200,0,1,0,0.00014077015937224237,,24.71675627935883,141.83655442030928,0.00014077015937224237,orientation_unresolved,-0.64174387411264966,-1.1024505122117052,-1.1194075493071016,0.28806990930550203,0.073260845876568018,-0.96764816593577674,0,0,141.34019174590992
-250,200,50,1,0,6.5787449523591526e-05,,0.28454364779892227,70.798613488655207,6.5787449523591526e-05,orientation_unresolved,-0.75666438594736252,-0.93302232872946855,-1.3724558330286583,-0.49578792788281512,0.46169590234921448,-1.5458301032751702,0,0,141.34019174590992
-250,200,100,1,0,7.5030700510393078e-05,,12.844985004113546,101.33108260732513,7.5030700510393078e-05,orientation_unresolved,-1.0512043269934894,-1.7330526405589535,0.74433461600585082,1.0124497807448385,-1.1932792950950777,0.70024980408562032,0,0,141.34019174590992
-250,200,150.00000000000003,1,0,6.3501986687383437e-05,,9.8592747994199286,161.98249710667423,6.3501986687383437e-05,orientation_unresolved,-0.6233389288321568,-0.62287893619764489,-1.3787195196861153,0.14543336117316916,0.41265471910494955,-0.44665575092812149,0,0,141.34019174590992
-250,200,200,1,0,5.6729895560681086e-05,,12.427805049278243,160.00528002530871,5.6729895560681086e-05,orientation_unresolved,-0.31288565190876183,-1.5867277336794181,0.21036800546402964,1.0197309445300358,0.91403812775460402,-0.8441219671916782,0,0,141.34019174590992
-250,200,250,1,0,0.0001363589939375176,,0,102.02023290353215,0.0001363589939375176,orientation_unresolved,-0.41165913972518409,-1.5247051262372835,0.48821759409628457,1.2366370614359172,0.53644644811247932,-5.0581623658874478e-17,0,0,141.34019174590992
-250,200,300.00000000000006,1,0,0.00038055397598945473,,12.814731290669261,94.804051825664899,0.00038055397598945473,orientation_unresolved,-0.68140312079920551,-0.89251340866944961,-0.33786460636687421,-0.2336803209987183,0.26049455997170157,-1.3271370730143754,0,0,141.34019174590992
-250,200,350.00000000000006,0,0,24.819973065267718,,,,,position_unresolved,,,,,,,0,0,141.34019174590992
-250,250,-300.00000000000006,0,0,157.71512764951274,,,,,position_unresolved,,,,,,,0,0,135
-250,250,-250,0,0,118.54831632068661,,,,,position_unresolved,,,,,,,0,0,135
-250,250,-200,0,0,82.156044677740354,,,,,position_unresolved,,,,,,,0,0,135
-250,250,-150.00000000000003,0,0,49.896978972195242,,,,,position_unresolved,,,,,,,0,0,135
-250,250,-100,0,0,21.351296468335395,,,,,position_unresolved,,,,,,,0,0,135
-250,250,-50,1,0,0.0012369239289197337,,6.5614691660489548,85.995734165873671,0.0012369239289197337,orientation_unresolved,-0.78419260499340815,-1.9075159841177247,-0.088338007989517048,-1.0243220791063143,0.058006769406058527,-0.67047609352949522,0,0,135
-250,250,0,1,0,0.00011360055842551458,,30.812691514105186,158.77730029005713,0.00011360055842551458,orientation_unresolved,-0.7935637809432059,-1.4105644360869662,-0.55125165376239815,0.61466169462843412,-0.12239613524607314,-1.0130134084724443,0,0,135
-250,250,50,1,0,0.00015445076807141247,,0,111.82820537360399,0.00015445076807141247,orientation_unresolved,-0.50169453465901359,-1.9732820009605896,0.27365763543896704,1.2366370614359172,0.65237623051845417,2.469283800633987e-17,0,0,135
-250,250,100,1,0,0.00012703211015205286,,21.130710569446272,151.04625571935938,0.00012703211015205286,orientation_unresolved,-0.90999283847388157,-1.6532347521105621,0.66210148834477267,0.4281573038913179,-0.91348059105185009,0.17510415580888308,0,0,135
-250,250,150.00000000000003,1,0,0.0001576081901157903,,13.064633751401782,125.42484958501215,0.0001576081901157903,orientation_unresolved,-0.50186120537105428,-1.2904459212323351,-0.45353473875125899,1.0086161869067778,0.74421147079366401,-0.012258001870689665,0,0,135
-250,250,200,1,0,0.00013601675782431869,,0,105.6494911792515,0.00013601675782431869,orientation_unresolved,-0.59766137128873442,-1.5718643836465391,0.33849755709054979,1.2366370614359172,0.39613442041069941,1.1297243752806525e-16,0,0,135
-250,250,250,0,0,2.3271539062615689,,,,,position_unresolved,,,,,,,0,0,135
-250,250,300.00000000000006,0,0,24.398904668753293,,,,,position_unresolved,,,,,,,0,0,135
-250,300.00000000000006,-250,0,0,142.58243236388833,,,,,position_unresolved,,,,,,,0,0,129.80557109226521
-250,300.00000000000006,-200,0,0,108.74205733757788,,,,,position_unresolved,,,,,,,0,0,129.80557109226521
-250,300.00000000000006,-150.00000000000003,0,0,79.068156801775558,,,,,position_unresolved,,,,,,,0,0,129.80557109226521
-250,300.00000000000006,-100,0,0,53.142030464508395,,,,,position_unresolved,,,,,,,0,0,129.80557109226521
-250,300.00000000000006,-50,0,0,33.389267065037799,,,,,position_unresolved,,,,,,,0,0,129.80557109226521
-250,300.00000000000006,0,0,0,18.824657628112917,,,,,position_unresolved,,,,,,,0,0,129.80557109226521
-250,300.00000000000006,50,0,0,10.006546081232882,,,,,position_unresolved,,,,,,,0,0,129.80557109226521
-250,300.00000000000006,100,0,0,7.3167709248506547,,,,,position_unresolved,,,,,,,0,0,129.80557109226521
-250,300.00000000000006,150.00000000000003,0,0,10.878402007373319,,,,,position_unresolved,,,,,,,0,0,129.80557109226521
-250,300.00000000000006,200,0,0,20.529160570669596,,,,,position_unresolved,,,,,,,0,0,129.80557109226521
-250,300.00000000000006,250,0,0,35.856240436988287,,,,,position_unresolved,,,,,,,0,0,129.80557109226521
-250,350.00000000000006,-200,0,0,139.19755977374945,,,,,position_unresolved,,,,,,,0,0,125.53767779197439
-250,350.00000000000006,-150.00000000000003,0,0,111.37273973489233,,,,,position_unresolved,,,,,,,0,0,125.53767779197439
-250,350.00000000000006,-100,0,0,88.328958023610284,,,,,position_unresolved,,,,,,,0,0,125.53767779197439
-250,350.00000000000006,-50,0,0,70.092452768422532,,,,,position_unresolved,,,,,,,0,0,125.53767779197439
-250,350.00000000000006,0,0,0,56.723407920559765,,,,,position_unresolved,,,,,,,0,0,125.53767779197439
-250,350.00000000000006,50,0,0,48.666066464083578,,,,,position_unresolved,,,,,,,0,0,125.53767779197439
-250,350.00000000000006,100,0,0,46.214192358848258,,,,,position_unresolved,,,,,,,0,0,125.53767779197439
-250,350.00000000000006,150.00000000000003,0,0,49.461405800780661,,,,,position_unresolved,,,,,,,0,0,125.53767779197439
-250,350.00000000000006,200,0,0,58.284152847615985,,,,,position_unresolved,,,,,,,0,0,125.53767779197439
-250,400,-100,0,0,125.96832591562118,,,,,position_unresolved,,,,,,,0,0,122.0053832080835
-250,400,-50,0,0,109.10623871333573,,,,,position_unresolved,,,,,,,0,0,122.0053832080835
-250,400,0,0,0,96.807595266822332,,,,,position_unresolved,,,,,,,0,0,122.0053832080835
-250,400,50,0,0,89.422990707147534,,,,,position_unresolved,,,,,,,0,0,122.0053832080835
-250,400,100,0,0,87.180143878852363,,,,,position_unresolved,,,,,,,0,0,122.0053832080835
-200,-400,-200,0,0,151.72793812191799,,,,,position_unresolved,,,,,,,0,0,-116.56505117707799
-200,-400,-150.00000000000003,0,0,124.75708585952407,,,,,position_unresolved,,,,,,,0,0,-116.56505117707799
-200,-400,-100,0,0,102.51418419332184,,,,,position_unresolved,,,,,,,0,0,-116.56505117707799
-200,-400,-50,0,0,84.821657766856987,,,,,position_unresolved,,,,,,,0,0,-116.56505117707799
-200,-400,0,0,0,71.878223726284162,,,,,position_unresolved,,,,,,,0,0,-116.56505117707799
-200,-400,50,0,0,64.089276955632016,,,,,position_unresolved,,,,,,,0,0,-116.56505117707799
-200,-400,100,0,0,61.720940536220333,,,,,position_unresolved,,,,,,,0,0,-116.56505117707799
-200,-400,150.00000000000003,0,0,64.857708062504898,,,,,position_unresolved,,,,,,,0,0,-116.56505117707799
-200,-400,200,0,0,73.388038174972777,,,,,position_unresolved,,,,,,,0,0,-116.56505117707799
-200,-350.00000000000006,-250,0,0,150.31647866327549,,,,,position_unresolved,,,,,,,0,0,-119.74488129694224
-200,-350.00000000000006,-200,0,0,117.08006187309962,,,,,position_unresolved,,,,,,,0,0,-119.74488129694224
-200,-350.00000000000006,-150.00000000000003,0,0,87.847660915515618,,,,,position_unresolved,,,,,,,0,0,-119.74488129694224
-200,-350.00000000000006,-100,0,0,62.934191265650306,,,,,position_unresolved,,,,,,,0,0,-119.74488129694224
-200,-350.00000000000006,-50,0,0,43.633466267842692,,,,,position_unresolved,,,,,,,0,0,-119.74488129694224
-200,-350.00000000000006,0,0,0,29.423893231581186,,,,,position_unresolved,,,,,,,0,0,-119.74488129694224
-200,-350.00000000000006,50,0,0,20.832793740372232,,,,,position_unresolved,,,,,,,0,0,-119.74488129694224
-200,-350.00000000000006,100,0,0,18.214185971112176,,,,,position_unresolved,,,,,,,0,0,-119.74488129694224
-200,-350.00000000000006,150.00000000000003,0,0,21.681778129347464,,,,,position_unresolved,,,,,,,0,0,-119.74488129694224
-200,-350.00000000000006,200,0,0,31.085595584592255,,,,,position_unresolved,,,,,,,0,0,-119.74488129694224
-200,-350.00000000000006,250,0,0,46.042618059154464,,,,,position_unresolved,,,,,,,0,0,-119.74488129694224
-200,-300.00000000000006,-300.00000000000006,0,0,160.52048850851995,,,,,position_unresolved,,,,,,,0,0,-123.69006752597979
-200,-300.00000000000006,-250,0,0,122.3053513966497,,,,,position_unresolved,,,,,,,0,0,-123.69006752597979
-200,-300.00000000000006,-200,0,0,85.750863698336829,,,,,position_unresolved,,,,,,,0,0,-123.69006752597979
-200,-300.00000000000006,-150.00000000000003,0,0,53.45711130009493,,,,,position_unresolved,,,,,,,0,0,-123.69006752597979
-200,-300.00000000000006,-100,0,0,25.87895563512814,,,,,position_unresolved,,,,,,,0,0,-123.69006752597979
-200,-300.00000000000006,-50,0,0,4.4823004889093481,,,,,position_unresolved,,,,,,,0,0,-123.69006752597979
-200,-300.00000000000006,0,1,0,0.00023057035692624015,,31.128977943245101,170.78046205745926,0.00023057035692624015,orientation_unresolved,0.94878945893188782,-1.4787320669430459,-0.44826565938000024,0.1545026527970712,-0.10036139918899724,4.5181017552531872e-17,0,0,-123.69006752597979
-200,-300.00000000000006,50,1,0,0.0001147384485535119,,19.787375566699115,83.859824082152116,0.0001147384485535119,orientation_unresolved,0.99948432356097139,-1.2190869511025368,-0.64480243323103459,-0.89128220746833886,-0.12781002290806603,-0.81047708607398228,0,0,-123.69006752597979
-200,-300.00000000000006,100,1,0,9.7210487209386251e-05,,13.569894626321034,108.36305809237618,9.7210487209386251e-05,orientation_unresolved,1.0001213993211713,-1.0479642846569139,-0.70473851441422308,-0.99979772105792963,-0.11984167979543991,-0.25144853585467886,0,0,-123.69006752597979
-200,-300.00000000000006,150.00000000000003,1,0,0.00016431858891339539,,8.0872314264067615,139.62865473849706,0.00016431858891339539,orientation_unresolved,0.90103951521444214,-1.88088640907181,0.75876385735355212,0.66432227115181641,-0.20135087932032142,-1.3370297902052217,0,0,-123.69006752597979
-200,-300.00000000000006,200,1,0,0.00016836774132435544,,0,106.7307979215318,0.00016836774132435544,orientation_unresolved,0.83357404727427376,-1.5380672136634321,0.29942603753075775,-1.2366370614359172,0.2955886712912395,1.3922721148963599e-18,0,0,-123.69006752597979
-200,-300.00000000000006,250,0,0,7.1284340511237216,,,,,position_unresolved,,,,,,,0,0,-123.69006752597979
-200,-300.00000000000006,300.00000000000006,0,0,28.947913436892783,,,,,position_unresolved,,,,,,,0,0,-123.69006752597979
-200,-250,-350.00000000000006,0,0,181.46363628337238,,,,,position_unresolved,,,,,,,0,0,-128.65980825409011
-200,-250,-300.00000000000006,0,0,138.38865049755088,,,,,position_unresolved,,,,,,,0,0,-128.65980825409011
-200,-250,-250,0,0,96.683679423168414,,,,,position_unresolved,,,,,,,0,0,-128.65980825409011
-200,-250,-200,0,0,58.048545536796134,,,,,position_unresolved,,,,,,,0,0,-128.65980825409011
-200,-250,-150.00000000000003,0,0,22.871936325490093,,,,,position_unresolved,,,,,,,0,0,-128.65980825409011
-200,-250,-100,1,0,0.00025180479205446591,,8.2739244470209066,96.69276077534029,0.00025180479205446591,orientation_unresolved,0.77382703442185474,-1.8776280011715996,-0.5029320615129127,-0.6415525726007798,0.32062565214014693,-0.99469244770905774,0,0,-128.65980825409011
-200,-250,-50,1,0,0.00011974187357772221,,11.460625600836094,125.11332687562201,0.00011974187357772221,orientation_unresolved,1.0736400056529947,-1.6789796488385169,-0.88931895658651472,0.62107385827181061,0.78898870849607483,-1.3507706757219533,0,0,-128.65980825409011
-200,-250,0,1,0,6.8699069548852436e-05,,40.835076565976706,170.84788859495839,6.8699069548852436e-05,orientation_unresolved,0.8380897904146235,-1.1456901529701486,-0.75826514193608274,0.13800978558387067,-0.4452063703635466,-8.3322183785833001e-18,0,0,-128.65980825409011
-200,-250,50,1,0,6.992665828672085e-05,,41.023870364108703,171.5775025067091,6.992665828672085e-05,orientation_unresolved,0.83479471702987462,-0.93509478789973466,-0.79326132760910351,0.12846243910908051,-0.54020395660567377,3.1056514679428633e-17,0,0,-128.65980825409011
-200,-250,100,1,0,4.8770732453816758e-05,,10.089862960788647,98.008648702535112,4.8770732453816758e-05,orientation_unresolved,0.62888298113998098,-1.5082651890023673,0.71242358675228545,0.50752628835544,-1.3746949970541111,1.179085135117234,0,0,-128.65980825409011
-200,-250,150.00000000000003,1,0,6.9043826285232981e-05,,26.637912185081031,162.81251547733291,6.9043826285232981e-05,orientation_unresolved,1.0858770533081155,-0.81164597802317762,-0.43679679074818484,-0.60328594975771477,-0.87943576804634094,0.25287432347209998,0,0,-128.65980825409011
-200,-250,200,1,0,0.00011958616655805727,,17.647347355799635,113.20240885283238,0.00011958616655805727,orientation_unresolved,0.88745178377457579,-1.7140309092315467,1.2704123596409955,-0.049169481205565004,-0.96183235954817659,1.1962902301264009,0,0,-128.65980825409011
-200,-250,250,1,0,7.1662514686370799e-05,,40.288212717270603,174.41837322757308,7.1662514686370799e-05,orientation_unresolved,0.84763436513467316,-0.60526901103243391,-0.53569957682118718,0.10733110073226557,-0.3826430003366772,2.5298334267044715e-17,0,0,-128.65980825409011
-200,-250,300.00000000000006,1,0,0.00026104418581017849,,0,107.64155978301656,0.00026104418581017849,orientation_unresolved,0.76215900181578022,-1.1898459149861822,0.21479925909516082,-1.2366370614359172,0.22636698648782963,-7.3835075622775481e-18,0,0,-128.65980825409011
-200,-250,350.00000000000006,0,0,23.374528657348783,,,,,position_unresolved,,,,,,,0,0,-128.65980825409011
-200,-200,-400,0,0,211.10725133778851,,,,,position_unresolved,,,,,,,0,0,-135
-200,-200,-350.00000000000006,0,0,165.07456412811382,,,,,position_unresolved,,,,,,,0,0,-135
-200,-200,-300.00000000000006,0,0,120.14653344780729,,,,,position_unresolved,,,,,,,0,0,-135
-200,-200,-250,0,0,76.940101282272565,,,,,position_unresolved,,,,,,,0,0,-135
-200,-200,-200,0,0,35.691110402801705,,,,,position_unresolved,,,,,,,0,0,-135
-200,-200,-150.00000000000003,1,0,0.00036158684106694141,,1.85770404577615,168.7964992770824,0.00036158684106694141,orientation_unresolved,0.81122263850751597,-1.9896121727069522,-0.2801148559799046,-0.42095111883631903,-0.24342812118962312,0.25324918299548277,0,0,-135
-200,-200,-100,1,0,6.2977886890278832e-05,,6.2580241471528186,166.66665231794252,6.2977886890278832e-05,orientation_unresolved,0.46125845208760347,-1.765077961766927,-0.30950821725804273,0.84474636612744158,-0.77171777057224833,-1.4415732007577697,0,0,-135
-200,-200,-50,1,0,4.3382409377546835e-05,,35.97705412497605,165.0896841280412,4.3382409377546835e-05,orientation_unresolved,0.92287827714585702,-1.3510651026201674,-0.54961017772479037,-0.4130768381978972,-0.83441828299233578,0.25324918299548277,0,0,-135
-200,-200,0,1,0,5.2470691970051839e-05,,35.563033758028219,171.27299606327375,5.2470691970051839e-05,orientation_unresolved,0.71492855948804634,-0.96141756502033127,-0.93010429571941167,0.12088368179102088,-0.66220121054349523,2.5002085133146723e-17,0,0,-135
-200,-200,50,1,0,6.7804744081470636e-05,,34.258680325153072,172.12476866488126,6.7804744081470636e-05,orientation_unresolved,0.7134420304285265,-0.74389223308136387,-0.95286955773277393,0.11235691727177399,-0.75467836473565919,-5.1251300610631802e-18,0,0,-135
-200,-200,100,1,0,3.510060267551257e-05,,34.97429614179854,173.05533128765805,3.510060267551257e-05,orientation_unresolved,0.71415696543708462,-0.5641797665107291,-0.94037970555296246,0.1054601806471903,-0.80020905846050405,2.2040554163629785e-17,0,0,-135
-200,-200,150.00000000000003,1,0,3.2907778470616036e-05,,37.510538368216608,173.97089550125045,3.2907778470616036e-05,orientation_unresolved,0.71653260387151241,-0.42931073985886525,-0.89611392807385559,0.099786006614260056,-0.7972241293626845,1.7370423834363842e-17,0,0,-135
-200,-200,200,1,0,0.00012466638375682756,,18.195707644992989,152.1525940050908,0.00012466638375682756,orientation_unresolved,0.8369244526821884,-0.23052571144103076,-1.2332213186594654,-0.47968152076748755,-0.31842788049401172,0.96486592477955535,0,0,-135
-200,-200,250,1,0,3.5556767074649184e-05,,23.699095094829623,99.136719789074604,3.5556767074649184e-05,orientation_unresolved,0.51203438049358962,-1.6084079856853508,0.26248384742917047,-0.53563422168692487,1.0155962254489899,-0.96287236565719458,0,0,-135
-200,-200,300.00000000000006,1,0,0.00012089215006688658,,7.9628985863184463,164.36675448222127,0.00012089215006688658,orientation_unresolved,0.47225147592551969,-0.46887532202922605,-0.88189047541071242,-1.0976582631022584,0.59997921858820003,0.95143701769617517,0,0,-135
-200,-200,350.00000000000006,1,0,0.00028977318634818716,,45.824345174460589,175.88675096903978,0.00028977318634818716,orientation_unresolved,0.75101062593018397,-0.63506872821729599,-0.25630140908185528,0.08824611882359297,-0.10744558737093432,3.1480138845491078e-17,0,0,-135
-200,-200,400,0,0,29.780524739441756,,,,,position_unresolved,,,,,,,0,0,-135
-200,-150.00000000000003,-400,0,0,200.57863881857332,,,,,position_unresolved,,,,,,,0,0,-143.13010235415598
-200,-150.00000000000003,-350.00000000000006,0,0,153.28988081210684,,,,,position_unresolved,,,,,,,0,0,-143.13010235415598
-200,-150.00000000000003,-300.00000000000006,0,0,106.57544557487977,,,,,position_unresolved,,,,,,,0,0,-143.13010235415598
-200,-150.00000000000003,-250,0,0,61.314454391330273,,,,,position_unresolved,,,,,,,0,0,-143.13010235415598
-200,-150.00000000000003,-200,0,0,17.976745021537084,,,,,position_unresolved,,,,,,,0,0,-143.13010235415598
-200,-150.00000000000003,-150.00000000000003,1,0,8.9413649997512973e-05,,11.595307780301635,162.52057037104717,8.9413649997512973e-05,orientation_unresolved,0.75344896022274899,-1.8196589262849867,-0.46526047143348531,-0.45192040307086767,-0.52620619863107099,0.25324918299548277,0,0,-143.13010235415598
-200,-150.00000000000003,-100,1,0,4.162659749801434e-05,,30.778434763753236,135.04271356198839,4.162659749801434e-05,orientation_unresolved,0.61753662749986438,-1.3525724652590014,-1.0136113015571195,-0.0079870057876010175,-0.36061213011028487,-0.95579884461235631,0,0,-143.13010235415598
-200,-150.00000000000003,-50,1,0,4.4502083459992777e-05,,30.447136831943567,160.20229770097325,4.4502083459992777e-05,orientation_unresolved,0.84665862764942934,-1.2708705266619547,-0.65498616173825708,-0.44377838451533502,-1.0193935412722459,0.25324918299548277,0,0,-143.13010235415598
-200,-150.00000000000003,0,1,0,6.9769591483285828e-05,,7.3688504771748731,130.71611657760675,6.9769591483285828e-05,orientation_unresolved,0.3222781831754194,-1.8934245219195087,-1.2974718432159165,-0.51211694764857496,1.9085066923501879,0.82156895946889286,0,0,-143.13010235415598
-200,-150.00000000000003,50,1,0,5.7873231522511672e-05,,5.6827677578731439,165.33525769668901,5.7873231522511672e-05,orientation_unresolved,0.20808577411334578,-1.9228522168323032,-0.84583153546557455,-0.74220185196530553,1.9263032212583699,-0.11414036459049191,0,0,-143.13010235415598
-200,-150.00000000000003,100,1,0,0.00014168453617220228,,28.62340038841652,173.99837356475038,0.00014168453617220228,orientation_unresolved,0.5709080594931778,-0.40677279124518978,-1.0512237469004044,0.087117787766181648,-0.96809261150188586,1.696435206906073e-17,0,0,-143.13010235415598
-200,-150.00000000000003,150.00000000000003,1,0,7.573368060940514e-05,,31.407275598884599,174.948669712629,7.573368060940514e-05,orientation_unresolved,0.57357159569780569,-0.25553209048926884,-1.0026359585130864,0.081940136511208031,-0.96803705229002623,2.6665627953041828e-17,0,0,-143.13010235415598
-200,-150.00000000000003,200,1,0,2.8467348000716352e-05,,35.760334338801322,175.79491491582669,2.8467348000716352e-05,orientation_unresolved,0.57730105963524148,-0.15913380955293521,-0.92666075096882405,0.077532997166590567,-0.9167181461035101,-3.4344854283226198e-17,0,0,-143.13010235415598
-200,-150.00000000000003,250,1,0,0.00014312576229889409,,5.5221530781829093,93.626378679054,0.00014312576229889409,orientation_unresolved,0.11112616192265475,-1.6960133521044298,0.84839767692985857,-1.1402573084224856,1.0165585326375275,-1.6552729845565687e-17,0,0,-143.13010235415598
-200,-150.00000000000003,300.00000000000006,1,0,8.6987005661104763e-05,,6.9882404523177213,80.610820365446841,8.6987005661104763e-05,orientation_unresolved,0.61407391926676802,-1.7732312336346741,1.2282333721387264,-1.1146692566219152,0.0030250589788037084,-1.0005444170411901,0,0,-143.13010235415598
-200,-150.00000000000003,350.00000000000006,1,0,0.00010519914342004786,,38.469138931069232,178.89249792570587,0.00010519914342004786,orientation_unresolved,0.39522711571035152,-0.91884785503457944,0.69567321058666576,0.47107350478734605,-0.87938319204060644,-0.13380689951232544,0,0,-143.13010235415598
-200,-150.00000000000003,400,0,0,8.4449273679664145,,,,,position_unresolved,,,,,,,0,0,-143.13010235415598
-200,-100,-400,0,0,193.6238346495912,,,,,position_unresolved,,,,,,,0,0,-153.43494882292202
-200,-100,-350.00000000000006,0,0,147.52960204720137,,,,,position_unresolved,,,,,,,0,0,-153.43494882292202
-200,-100,-300.00000000000006,0,0,98.5741667051729,,,,,position_unresolved,,,,,,,0,0,-153.43494882292202
-200,-100,-250,0,0,54.483736271721398,,,,,position_unresolved,,,,,,,0,0,-153.43494882292202
-200,-100,-200,0,0,5.7755675079262661,,,,,position_unresolved,,,,,,,0,0,-153.43494882292202
-200,-100,-150.00000000000003,1,0,9.4245382953954588e-05,,22.978935232406126,136.08737937558689,9.4245382953954588e-05,orientation_unresolved,0.44354308321747854,-1.6209771464253502,-0.91824136198916018,-0.014528948804902922,-0.28090945493528974,-0.95579884461235631,0,0,-153.43494882292202
-200,-100,-100,1,0,4.247677378831753e-05,,31.69699034492379,172.79619650041579,4.247677378831753e-05,orientation_unresolved,0.40545127247497198,-1.3113597959610082,-0.99757948230312332,0.089774138264843165,-0.60386706885656249,-1.703703806835325e-17,0,0,-153.43494882292202
-200,-100,-50,1,0,3.2626806384509672e-05,,11.306422700457688,129.27275752844341,3.2626806384509672e-05,orientation_unresolved,0.30974134802397801,-0.94166159927429871,-1.3534620240496813,0.37933803067640059,-0.53387060958274679,0.52402559525338488,0,0,-153.43494882292202
-200,-100,0,1,0,0.00014727223749131207,,23.568605552578745,173.81717762219677,0.00014727223749131207,orientation_unresolved,0.39959146219018293,-0.75157367907197803,-1.1394465597985799,0.073766532817675173,-0.93627191616604111,1.2009310352891655e-18,0,0,-153.43494882292202
-200,-100,50,1,0,2.2370686993420753e-05,,16.083258460834294,110.50563629331275,2.2370686993420753e-05,orientation_unresolved,0.090243059895790886,-0.67463476463820549,-0.96810541668182004,0.54518642787463312,-1.2700905122041026,0.68854975924186834,0,0,-153.43494882292202
-200,-100,100,1,0,3.760048829886922e-05,,13.988735083725334,138.13047941635202,3.760048829886922e-05,orientation_unresolved,1.00907454251783,-0.42451362896222056,-1.3066468413946448,-0.97954892897841139,-1.2085512186709437,0.47535946277220298,0,0,-153.43494882292202
-200,-100,150.00000000000003,1,0,2.727447375766815e-05,,17.313328232124586,133.86701728188493,2.727447375766815e-05,orientation_unresolved,0.62248129607638802,-0.21390064432473968,-0.9169602285377878,-0.27842427647694223,-1.2486217446658334,1.1423199916267117,0,0,-153.43494882292202
-200,-100,200,1,0,3.2332946492200772e-05,,12.422041766388562,137.44045557377817,3.2332946492200772e-05,orientation_unresolved,-0.042496215892581186,-1.4769574205459817,-0.36066916809472377,-0.77679688162933369,1.8680615492614288,-0.056221376097752206,0,0,-153.43494882292202
-200,-100,250,1,0,5.4682228147557062e-05,,1.9290521004806296,156.35004354020265,5.4682228147557062e-05,orientation_unresolved,-0.017246578727410259,-1.988366914237466,1.7494829396583578,1.1536670767665707,-0.77205327608709118,-0.9053361763976876,0,0,-153.43494882292202
-200,-100,300.00000000000006,1,0,6.105295095292964e-05,,10.879698248742772,157.52969935790509,6.105295095292964e-05,orientation_unresolved,0.079559760303289345,-1.7082315817105156,1.4961522209198648,1.0467505053718948,-0.62952822369905692,-0.9053361763976876,0,0,-153.43494882292202
-200,-100,350.00000000000006,1,0,4.3572782423431799e-05,,55.041357181747209,178.30186164347691,4.3572782423431799e-05,orientation_unresolved,0.42299572888965781,-0.10417790327880981,-0.59014341920718083,0.047850679352084868,-0.56499135791528143,9.1048766722726292e-18,0,0,-153.43494882292202
-200,-100,400,1,0,0.00023219513611063731,,63.943531664857829,178.20650734013111,0.00023219513611063731,orientation_unresolved,0.43477116388987608,-0.38891660040006648,-0.28358727395377958,0.048308638836827469,-0.17958202099115811,-9.9447345952046706e-18,0,0,-153.43494882292202
-200,-50,-400,0,0,191.37619675519196,,,,,position_unresolved,,,,,,,0,0,-165.96375653207352
-200,-50,-350.00000000000006,0,0,141.18270842591721,,,,,position_unresolved,,,,,,,0,0,-165.96375653207352
-200,-50,-300.00000000000006,0,0,91.986568276332122,,,,,position_unresolved,,,,,,,0,0,-165.96375653207352
-200,-50,-250,0,0,44.767501541177111,,,,,position_unresolved,,,,,,,0,0,-165.96375653207352
-200,-50,-200,1,0,0.00036957601046455548,,1.2595202026136312,176.18650301983917,0.00036957601046455548,orientation_unresolved,0.22566317528412072,-2.0000524503023716,-0.65857043596112019,0.062605524234010057,-0.1278920619723137,1.0809663491687399e-17,0,0,-165.96375653207352
-200,-50,-150.00000000000003,1,0,4.7758106582200001e-05,,24.487528612966319,175.85265937216801,4.7758106582200001e-05,orientation_unresolved,0.21442045111669603,-1.594647224860783,-0.91428076706408767,0.054746640431053629,-0.4347827487497139,2.2483660580579385e-18,0,0,-165.96375653207352
-200,-50,-100,1,0,3.0632408745499755e-05,,16.659784161140671,102.29264506585324,3.0632408745499755e-05,orientation_unresolved,-0.34320348580949583,-1.7312671385498593,-0.53753642975762583,0.88683455211632634,-1.2233393605096998,0.062599228099176688,0,0,-165.96375653207352
-200,-50,-50,1,0,5.1817455481459185e-05,,23.288365657678813,176.15056405961741,5.1817455481459185e-05,orientation_unresolved,0.2072635177178597,-0.98152369815489449,-1.1443376686600266,0.043219491272566531,-0.85632726526313296,3.4592505492062748e-18,0,0,-165.96375653207352
-200,-50,0,1,0,0.00013128194103882059,,20.536980372359583,176.51031805899612,0.00013128194103882059,orientation_unresolved,0.20668731457060821,-0.70302582835741723,-1.1923584008797707,0.039539798319939562,-1.0070007935492746,5.1732844839619277e-18,0,0,-165.96375653207352
-200,-50,50,1,0,4.0270701293342367e-05,,12.046985447553023,119.03210851482577,4.0270701293342367e-05,orientation_unresolved,-0.073463345537310459,-0.60672982222829586,-0.9950603325662406,0.42632967180967329,-1.3405367657952536,0.68854975924186834,0,0,-165.96375653207352
-200,-50,100,1,0,5.9951423971448087e-05,,9.9532524779802216,132.12185537795315,5.9951423971448087e-05,orientation_unresolved,0.8931166577522075,-0.39763945960083441,-1.3770792997718573,-1.0131714554285853,-1.3269613121760249,0.47535946277220298,0,0,-165.96375653207352
-200,-50,150.00000000000003,1,0,6.669256365790177e-05,,2.6316938386789031,142.47425329929885,6.669256365790177e-05,orientation_unresolved,-0.45737821758601466,-1.5589579815925503,-0.090135012543024445,-1.1907053390465219,1.979407522352006,0.53692088552541484,0,0,-165.96375653207352
-200,-50,200,1,0,7.8438828895415451e-05,,0.38924021326405234,173.78209389425962,7.8438828895415451e-05,orientation_unresolved,0.64175760962970219,-1.4270395361316899,-0.65212388217212791,0.65792421162712178,2.0780735546025388,-0.73608349698483988,0,0,-165.96375653207352
-200,-50,250,1,0,3.3283519208186563e-05,,2.3913069467299906,148.55561666211918,3.3283519208186563e-05,orientation_unresolved,-0.016028585627642613,-1.9802990451871145,0.90283206163067986,-0.38293377244539745,1.0744936696813707,-4.9706863269898725e-18,0,0,-165.96375653207352
-200,-50,300.00000000000006,1,0,2.9811758376906216e-05,,15.870767984538778,175.4660388055552,2.9811758376906216e-05,orientation_unresolved,0.37947569597935504,-1.7450380686830593,0.86009924467501808,0.27207174798307709,0.82542401880495986,-0.59815563350453627,0,0,-165.96375653207352
-200,-50,350.00000000000006,1,0,0.00010708133707710854,,33.624079911554773,156.2387883961149,0.00010708133707710854,orientation_unresolved,0.099642866396923352,-1.4351843224230509,0.71613467350070914,-0.32202712065873229,0.59115112147251914,-1.2035938505178522e-17,0,0,-165.96375653207352
-200,-50,400,1,0,0.00022365835228034826,,30.440981108827057,148.83495742354935,0.00022365835228034826,orientation_unresolved,-0.056943654731539103,-0.43918478123414156,0.054058204068925607,0.70534171354949082,-0.62905272650126531,-0.93779996340396454,0,0,-165.96375653207352
-200,0,-400,0,0,190.88887131337822,,,,,position_unresolved,,,,,,,0,0,180
-200,0,-350.00000000000006,0,0,139.15658769435296,,,,,position_unresolved,,,,,,,0,0,180
-200,0,-300.00000000000006,0,0,96.611781137328876,,,,,position_unresolved,,,,,,,0,0,180
-200,0,-250,0,0,42.854176387268424,,,,,position_unresolved,,,,,,,0,0,180
-200,0,-200,1,0,0.00016895659045454352,,2.5801712028987089,180,0.00016895659045454352,orientation_unresolved,0,-1.9770027420776404,-0.69267619915877343,0,-0.1553584018920694,0,0,0,180
-200,0,-150.00000000000003,1,0,6.6276081203674373e-05,,18.233117101131874,112.89317690428608,6.6276081203674373e-05,orientation_unresolved,0.2365658292615441,-1.7038072985169304,-0.67775216191350807,-0.46841513290945808,-0.74400901105452077,-0.7948467532186716,0,0,180
-200,0,-100,1,0,7.3884182653978096e-05,,21.727015803820823,142.93883884589042,7.3884182653978096e-05,orientation_unresolved,0.26219216882699237,-1.2787269616634369,-1.1715883643853808,-0.59167307413623538,-0.65137706606521117,0.16138324040704574,0,0,180
-200,0,-50,1,0,1.804864948767309e-05,,4.6129797205599603,109.25333216006875,1.804864948767309e-05,orientation_unresolved,-0.59282749922646227,-1.5031190590596597,-0.57509423238612545,0.82212926512705276,-1.4702846423433973,0.062599228099176688,0,0,180
-200,0,0,1,0,5.374892812631559e-05,,3.8435361690984799,154.70814265183841,5.374892812631559e-05,orientation_unresolved,0.028281150588783225,-0.56263329033780651,-1.4837139657246385,-0.053330674769403487,-0.76435535394957876,-0.45939291311854491,0,0,180
-200,0,50,1,0,1.7072503346371994e-05,,0.0095656120328747405,110.37379486152911,1.7072503346371994e-05,orientation_unresolved,0.56036941047876176,-0.81425719341519009,-0.90406591803207392,-0.76639538412113595,-1.5506293753699545,-0.33905955391052428,0,0,180
-200,0,100,1,0,2.1586204022689191e-05,,19.877039058079784,179.99999999999997,2.1586204022689191e-05,orientation_unresolved,0,-0.19078041116765038,-1.1902376449697496,0,-1.2038765496838919,0,0,0,180
-200,0,150.00000000000003,1,0,3.295583798334342e-05,,6.4593747915830759,176.19128831223972,3.295583798334342e-05,orientation_unresolved,0.12818468903376284,-0.15908403174959779,-0.85875868669479205,-0.16905839930694155,-1.4380589690614494,0.23505688647435952,0,0,180
-200,0,200,1,0,4.2927226126808986e-05,,5.2688954371219481,166.81032428400184,4.2927226126808986e-05,orientation_unresolved,-0.6361888150011441,-1.2996739783837821,-0.44754665934925791,-1.0154117411641352,1.9929075045840776,0.88149179395171917,0,0,180
-200,0,250,1,0,3.4278357126877095e-05,,22.522978335515131,165.12458992542054,3.4278357126877095e-05,orientation_unresolved,-0.025976774492962533,-1.6192148748399366,0.02856641122861835,-0.034141976881735696,1.6917669485950704,-0.32628514909718076,0,0,180
-200,0,300.00000000000006,1,0,3.5724206003005343e-05,,16.239389287722872,176.4622486596094,3.5724206003005343e-05,orientation_unresolved,0.20455515128619631,-1.7386044132495047,0.87159083770309964,0.35624332365196965,0.86311057194988838,-0.59815563350453627,0,0,180
-200,0,350.00000000000006,1,0,5.6468288499381715e-05,,32.235247550228777,179.99999999999997,5.6468288499381715e-05,orientation_unresolved,0,-1.4594240198864372,0.73728625801650416,0,0.60064078252376751,0,0,0,180
-200,0,400,1,0,0.00012384051303680705,,65.161319421268388,180.00000000000003,0.00012384051303680705,orientation_unresolved,0,-0.17621608261298252,-0.41351675795003712,0,-0.35990385259979069,0,0,0,180
-200,50,-400,0,0,193.70585263796332,,,,,position_unresolved,,,,,,,0,0,165.96375653207352
-200,50,-350.00000000000006,0,0,141.18270842591721,,,,,position_unresolved,,,,,,,0,0,165.96375653207352
-200,50,-300.00000000000006,0,0,96.635629953875039,,,,,position_unresolved,,,,,,,0,0,165.96375653207352
-200,50,-250,0,0,44.767501541177111,,,,,position_unresolved,,,,,,,0,0,165.96375653207352
-200,50,-200,1,0,0.00036957601046455548,,1.2595202026136312,176.18650301983917,0.00036957601046455548,orientation_unresolved,-0.22566317528412072,-2.0000524503023716,-0.65857043596112019,-0.062605524234010057,-0.1278920619723137,-1.0809663491687399e-17,0,0,165.96375653207352
-200,50,-150.00000000000003,1,0,4.7758106582200001e-05,,24.487528612966319,175.85265937216801,4.7758106582200001e-05,orientation_unresolved,-0.21442045111669603,-1.594647224860783,-0.91428076706408767,-0.054746640431053629,-0.4347827487497139,-2.2483660580579385e-18,0,0,165.96375653207352
-200,50,-100,1,0,5.6375200632113165e-05,,16.334824635479791,127.03801808920632,5.6375200632113165e-05,orientation_unresolved,-0.52104052183198202,-1.2723695379124866,-1.2656998541698916,0.82074886306149208,-0.55020118492547399,-0.083657710920820388,0,0,165.96375653207352
-200,50,-50,1,0,3.5092107581972108e-05,,4.3931191665148477,114.75949241197436,3.5092107581972108e-05,orientation_unresolved,-0.67720759279912812,-1.0100902983712585,-1.4741219329067434,1.0223760834054185,-0.74365836077789194,-0.24811477854880956,0,0,165.96375653207352
-200,50,0,1,0,4.212600575386924e-05,,9.2070353289429843,101.5812152581468,4.212600575386924e-05,orientation_unresolved,0.32824608792595733,-1.0709764647306714,-0.92858526612086489,-0.80904960616734001,-1.3901032459574023,-0.33905955391052428,0,0,165.96375653207352
-200,50,50,1,0,6.7286829573578674e-05,,7.96184139275866,131.06206687112157,6.7286829573578674e-05,orientation_unresolved,0.079131796813442276,-0.6569949289868996,-0.90396257929295853,-0.42804333437540659,-1.4118359799696869,-0.42318702421242471,0,0,165.96375653207352
-200,50,100,1,0,7.1213906929961155e-05,,1.4443669504857253,80.247526042768087,7.1213906929961155e-05,orientation_unresolved,-0.91334599465700728,-1.8444826741695091,-0.068577585860540677,-1.2114281025429514,2.0165661680018654,-1.4651403483606464,0,0,165.96375653207352
-200,50,150.00000000000003,1,0,7.1321891552180244e-05,,0.61478395673269925,178.44828386376392,7.1321891552180244e-05,orientation_unresolved,-0.8440717819999336,-1.5270739592131359,-0.5219999930695004,-1.0751723195661385,2.0741370736717375,0.88149179395171917,0,0,165.96375653207352
-200,50,200,1,0,3.572097488171123e-05,,3.8730850667302876,177.08099157882117,3.572097488171123e-05,orientation_unresolved,-0.74602314870773245,0.19131115528524142,-1.4831982401706287,0.95252516646462382,-0.94300521930053283,-0.86817088900291173,0,0,165.96375653207352
-200,50,250,1,0,3.3283519208186563e-05,,2.3913069467299906,148.55561666211918,3.3283519208186563e-05,orientation_unresolved,0.016028585627642613,-1.9802990451871145,0.90283206163067986,0.38293377244539745,1.0744936696813707,4.9706863269898725e-18,0,0,165.96375653207352
-200,50,300.00000000000006,1,0,5.9418663844964682e-05,,39.427419223078175,179.02952321348411,5.9418663844964682e-05,orientation_unresolved,-0.21679347767968404,0.10013185531443647,-0.8051518350526865,-0.026159872393608272,-0.8626580457880777,-8.239078543450186e-18,0,0,165.96375653207352
-200,50,350.00000000000006,1,0,0.00010708133707710854,,33.624079911554773,156.2387883961149,0.00010708133707710854,orientation_unresolved,-0.099642866396923352,-1.4351843224230509,0.71613467350070914,0.32202712065873229,0.59115112147251914,1.2035938505178522e-17,0,0,165.96375653207352
-200,50,400,1,0,0.00014495540247579984,,12.445552210036691,176.0157235784371,0.00014495540247579984,orientation_unresolved,-0.32722507248520555,-1.0516965095957433,0.67612643786253857,1.0194211981419201,-0.15079236693646608,-0.80149806891454423,0,0,165.96375653207352
-200,100,-400,0,0,195.16657697325886,,,,,position_unresolved,,,,,,,0,0,153.43494882292202
-200,100,-350.00000000000006,0,0,147.52960204720137,,,,,position_unresolved,,,,,,,0,0,153.43494882292202
-200,100,-300.00000000000006,0,0,97.518698220951393,,,,,position_unresolved,,,,,,,0,0,153.43494882292202
-200,100,-250,0,0,50.173006229106562,,,,,position_unresolved,,,,,,,0,0,153.43494882292202
-200,100,-200,0,0,5.7755675079262661,,,,,position_unresolved,,,,,,,0,0,153.43494882292202
-200,100,-150.00000000000003,1,0,0.0001454048565094345,,22.028650977825006,172.7096972470668,0.0001454048565094345,orientation_unresolved,-0.41533703619366052,-1.6375627354976507,-0.84635718151395911,-0.10217939307386589,-0.36757527897933728,6.2091147759508118e-18,0,0,153.43494882292202
-200,100,-100,1,0,4.247677378831753e-05,,31.69699034492379,172.79619650041579,4.247677378831753e-05,orientation_unresolved,-0.40545127247497198,-1.3113597959610082,-0.99757948230312332,-0.089774138264843165,-0.60386706885656249,1.703703806835325e-17,0,0,153.43494882292202
-200,100,-50,1,0,5.0388351307817146e-05,,12.056190886244677,130.76844831192381,5.0388351307817146e-05,orientation_unresolved,-0.72878461468081313,-0.99808108079380109,-1.3403761005809938,0.75998024561526401,-0.63701147579701756,-0.083657710920820388,0,0,153.43494882292202
-200,100,0,1,0,0.00014727223749131207,,23.568605552578745,173.81717762219677,0.00014727223749131207,orientation_unresolved,-0.39959146219018293,-0.75157367907197803,-1.1394465597985799,-0.073766532817675173,-0.93627191616604111,-1.2009310352891655e-18,0,0,153.43494882292202
-200,100,50,1,0,0.00023226089250320052,,0.51688246106991598,141.77008384252812,0.00023226089250320052,orientation_unresolved,0.21241401143105065,-1.7859785672521769,-0.92895657201227944,1.2276157606444358,1.9447942614304592,0.4722953774455188,0,0,153.43494882292202
-200,100,100,1,0,7.0971316567618726e-05,,4.4655845572162045,78.287445170659637,7.0971316567618726e-05,orientation_unresolved,-1.0815626438530173,-1.8552277533137955,-0.098469425172908145,-1.1586979078862814,1.9155221243045757,-1.4651403483606464,0,0,153.43494882292202
-200,100,150.00000000000003,1,0,1.8188119750146959e-05,,2.2720956054057981,72.56574139629312,1.8188119750146959e-05,orientation_unresolved,0.20798263252417301,-1.5641312409715646,-0.16000149411651624,1.1602463773891809,1.8867754513201127,1.5111407775604715,0,0,153.43494882292202
-200,100,200,1,0,4.9113309000988299e-05,,29.02008235158949,176.99021628085393,4.9113309000988299e-05,orientation_unresolved,-0.40721118206359697,-0.016782441978477579,-0.9962518345300323,-0.055976955273993774,-1.0443003405597613,-9.1204412623753775e-19,0,0,153.43494882292202
-200,100,250,1,0,0.00015054834101953279,,14.889280031224008,123.62622945944744,0.00015054834101953279,orientation_unresolved,-0.56688631685835578,-0.16798518588345313,-0.45780097491881683,0.18995081665308231,-1.2909293669985935,-1.1023689482405639,0,0,153.43494882292202
-200,100,300.00000000000006,1,0,3.7944026385620828e-05,,2.4070752872310481,103.67349482398068,3.7944026385620828e-05,orientation_unresolved,-1.1152374826578406,-0.9717157217020963,0.048866243942684282,-1.1946256723303472,1.3192921776635502,0.37785017983989011,0,0,153.43494882292202
-200,100,350.00000000000006,1,0,4.3572782423431799e-05,,55.041357181747209,178.30186164347691,4.3572782423431799e-05,orientation_unresolved,-0.42299572888965781,-0.10417790327880981,-0.59014341920718083,-0.047850679352084868,-0.56499135791528143,-9.1048766722726292e-18,0,0,153.43494882292202
-200,100,400,1,0,0.00023219513611063731,,63.943531664857829,178.20650734013111,0.00023219513611063731,orientation_unresolved,-0.43477116388987608,-0.38891660040006648,-0.28358727395377958,-0.048308638836827469,-0.17958202099115811,9.9447345952046706e-18,0,0,153.43494882292202
-200,150.00000000000003,-400,0,0,200.77446448732252,,,,,position_unresolved,,,,,,,0,0,143.13010235415598
-200,150.00000000000003,-350.00000000000006,0,0,153.34230300939487,,,,,position_unresolved,,,,,,,0,0,143.13010235415598
-200,150.00000000000003,-300.00000000000006,0,0,106.57544557487977,,,,,position_unresolved,,,,,,,0,0,143.13010235415598
-200,150.00000000000003,-250,0,0,61.859628264472413,,,,,position_unresolved,,,,,,,0,0,143.13010235415598
-200,150.00000000000003,-200,0,0,17.426331448386463,,,,,position_unresolved,,,,,,,0,0,143.13010235415598
-200,150.00000000000003,-150.00000000000003,1,0,5.9552336216419745e-05,,8.4761372014096796,130.12447269259764,5.9552336216419745e-05,orientation_unresolved,-0.83449200694024939,-1.8740987228179888,-0.39840577399990279,0.65924042085024837,-0.60180666989439113,0.12268730206981709,0,0,143.13010235415598
-200,150.00000000000003,-100,1,0,4.9744188018451364e-05,,11.846060079261541,95.065680131848325,4.9744188018451364e-05,orientation_unresolved,-0.88934433829398085,-1.8152824730611912,0.026960314980590511,0.48063131220960709,-1.205150169096914,1.2878238618396631,0,0,143.13010235415598
-200,150.00000000000003,-50,1,0,4.5604676998218532e-05,,6.4281058240780746,95.870710975052631,4.5604676998218532e-05,orientation_unresolved,-0.92868857900458712,-1.6048423742366456,0.014495248523691568,0.51932597897970412,-1.4386047154981108,1.2878238618396631,0,0,143.13010235415598
-200,150.00000000000003,0,1,0,0.00014992362309516408,,7.4254261107223103,95.384253042201294,0.00014992362309516408,orientation_unresolved,-1.2020194403030677,-1.5606947789936534,-1.4211981927992352,-1.0862986841017956,1.5295966362965205,-1.4109490696187434,0,0,143.13010235415598
-200,150.00000000000003,50,1,0,2.5110290056807845e-05,,2.0787989664554476,74.557099427394093,2.5110290056807845e-05,orientation_unresolved,-0.0047630745272257838,-1.874557886258239,-0.45166691198725128,1.2003551749842145,1.7523163349363795,1.4946751684274244,0,0,143.13010235415598
-200,150.00000000000003,100,1,0,4.7562896913808072e-05,,4.6082978711849467,158.86855522345664,4.7562896913808072e-05,orientation_unresolved,-0.50291431035678813,-0.25094244760039891,-1.4703663560300737,-0.34563620728021444,-0.56006868445021607,0.018722062222772382,0,0,143.13010235415598
-200,150.00000000000003,150.00000000000003,1,0,7.573368060940514e-05,,31.407275598884599,174.948669712629,7.573368060940514e-05,orientation_unresolved,-0.57357159569780569,-0.25553209048926884,-1.0026359585130864,-0.081940136511208031,-0.96803705229002623,-2.6665627953041828e-17,0,0,143.13010235415598
-200,150.00000000000003,200,1,0,2.8467348000716352e-05,,35.760334338801322,175.79491491582669,2.8467348000716352e-05,orientation_unresolved,-0.57730105963524148,-0.15913380955293521,-0.92666075096882405,-0.077532997166590567,-0.9167181461035101,3.4344854283226198e-17,0,0,143.13010235415598
-200,150.00000000000003,250,1,0,6.6254572333392423e-05,,5.2647619530996588,150.75721365009642,6.6254572333392423e-05,orientation_unresolved,-0.52586911577379947,-1.9301477944180492,0.78844765090472324,0.19203776558750643,0.85077781915642581,-0.95432935628320081,0,0,143.13010235415598
-200,150.00000000000003,300.00000000000006,1,0,5.494678853568961e-05,,33.752983331514912,174.3506880851651,5.494678853568961e-05,orientation_unresolved,-0.31374601417535591,-0.76513801624156463,-0.96169563528919666,0.5107542373628694,1.3356301367536489,-0.75220141881311497,0,0,143.13010235415598
-200,150.00000000000003,350.00000000000006,1,0,0.00011423519362372792,,46.359806800612013,175.48386563405413,0.00011423519362372792,orientation_unresolved,-0.58592608090802201,-0.23387103553750985,-0.74166505753575862,-0.37970409527298871,-0.1290337704298905,0.27025045869398345,0,0,143.13010235415598
-200,150.00000000000003,400,0,0,8.4449273679664216,,,,,position_unresolved,,,,,,,0,0,143.13010235415598
-200,200,-400,0,0,211.46588452363937,,,,,position_unresolved,,,,,,,0,0,135
-200,200,-350.00000000000006,0,0,165.30144158383027,,,,,position_unresolved,,,,,,,0,0,135
-200,200,-300.00000000000006,0,0,120.77924503762706,,,,,position_unresolved,,,,,,,0,0,135
-200,200,-250,0,0,76.940101282272565,,,,,position_unresolved,,,,,,,0,0,135
-200,200,-200,0,0,35.497615079832961,,,,,position_unresolved,,,,,,,0,0,135
-200,200,-150.00000000000003,1,0,0.00020920429029036621,,0.090475829829478827,134.91010197628123,0.00020920429029036621,orientation_unresolved,-0.85781252318696344,-2.020456123709367,-0.22797724490759988,0.65729107333909775,-0.30211644631698931,0.12268730206981708,0,0,135
-200,200,-100,1,0,6.9297689195814402e-05,,19.961265481166777,131.87365448375016,6.9297689195814402e-05,orientation_unresolved,-0.96819544036408323,-1.6736454193223151,-0.4030391512604336,0.63933855122923944,-0.68445513452383011,0.12268730206981711,0,0,135
-200,200,-50,1,0,5.1458503321579504e-05,,15.067212370086821,94.233559970029987,5.1458503321579504e-05,orientation_unresolved,-0.99462295490762087,-1.6547978893666191,0.087786471620709863,0.46633531151253216,-1.2279119412857333,1.2878238618396631,0,0,135
-200,200,0,1,0,5.2470691970051839e-05,,35.563033758028219,171.27299606327375,5.2470691970051839e-05,orientation_unresolved,-0.71492855948804634,-0.96141756502033127,-0.93010429571941167,-0.12088368179102088,-0.66220121054349523,-2.5002085133146723e-17,0,0,135
-200,200,50,1,0,6.7804744081470636e-05,,34.258680325153072,172.12476866488126,6.7804744081470636e-05,orientation_unresolved,-0.7134420304285265,-0.74389223308136387,-0.95286955773277393,-0.11235691727177399,-0.75467836473565919,5.1251300610631802e-18,0,0,135
-200,200,100,1,0,3.510060267551257e-05,,34.97429614179854,173.05533128765805,3.510060267551257e-05,orientation_unresolved,-0.71415696543708462,-0.5641797665107291,-0.94037970555296246,-0.1054601806471903,-0.80020905846050405,-2.2040554163629785e-17,0,0,135
-200,200,150.00000000000003,1,0,3.2907778470616036e-05,,37.510538368216608,173.97089550125045,3.2907778470616036e-05,orientation_unresolved,-0.71653260387151241,-0.42931073985886525,-0.89611392807385559,-0.099786006614260056,-0.7972241293626845,-1.7370423834363842e-17,0,0,135
-200,200,200,1,0,0.00010535513228127825,,13.077483691173892,154.68392419979176,0.00010535513228127825,orientation_unresolved,-0.29648525206131299,-1.6610610276375943,0.31242979336829874,1.0083919131490715,1.2250475283246089,-0.8441219671916782,0,0,135
-200,200,250,1,0,9.0260709299531632e-05,,11.468133516165357,151.56482141195593,9.0260709299531632e-05,orientation_unresolved,-0.66516395425242347,-1.8218785359179657,0.66901125042482668,0.26073477228954389,0.6854915071558455,-0.95432935628320081,0,0,135
-200,200,300.00000000000006,1,0,8.5426557910897553e-05,,27.765363756878926,122.80210443283354,8.5426557910897553e-05,orientation_unresolved,-0.8102087926067103,-1.5374382092619259,0.57199892078826253,-0.22433677951833594,0.44957216393164623,-0.89778966106998226,0,0,135
-200,200,350.00000000000006,1,0,0.00028977318634818716,,45.824345174460589,175.88675096903978,0.00028977318634818716,orientation_unresolved,-0.75101062593018397,-0.63506872821729599,-0.25630140908185528,-0.08824611882359297,-0.10744558737093432,-3.1480138845491078e-17,0,0,135
-200,200,400,0,0,29.78052473944178,,,,,position_unresolved,,,,,,,0,0,135
-200,250,-350.00000000000006,0,0,181.46363628337238,,,,,position_unresolved,,,,,,,0,0,128.65980825409011
-200,250,-300.00000000000006,0,0,141.71802836450331,,,,,position_unresolved,,,,,,,0,0,128.65980825409011
-200,250,-250,0,0,96.683679423168414,,,,,position_unresolved,,,,,,,0,0,128.65980825409011
-200,250,-200,0,0,59.454298089847576,,,,,position_unresolved,,,,,,,0,0,128.65980825409011
-200,250,-150.00000000000003,0,0,23.20138840255775,,,,,position_unresolved,,,,,,,0,0,128.65980825409011
-200,250,-100,1,0,0.0001753182585048583,,1.0441767598821809,147.04329288364485,0.0001753182585048583,orientation_unresolved,-0.68438424031476375,-1.9903377185515916,-0.10387888348821629,-1.2184127390031669,-0.4020258303210506,0.78306534319977428,0,0,128.65980825409011
-200,250,-50,1,0,8.4509104224852463e-05,,15.142629971027073,122.50951133680334,8.4509104224852463e-05,orientation_unresolved,-0.88496757245796587,-1.7577464744277695,0.21908976682326867,0.044100078409869833,-0.92865131840059079,-1.1640356387631636,0,0,128.65980825409011
-200,250,0,1,0,6.7120887941355149e-05,,1.4609604598269912,76.243140430994529,6.7120887941355149e-05,orientation_unresolved,-0.86394496601114135,-1.0873189053203753,-1.1084521715983147,0.42654751879416286,0.017160396218739698,1.5252977565294652,0,0,128.65980825409011
-200,250,50,1,0,5.3159255981855874e-05,,11.654963314436271,152.72932628228114,5.3159255981855874e-05,orientation_unresolved,-1.0782012939054932,-1.6453725500438745,0.68123744261052654,0.44748811426911361,-1.3473788427588325,0.17510415580888308,0,0,128.65980825409011
-200,250,100,1,0,5.9694243441980456e-05,,21.958774981893558,120.14745324808776,5.9694243441980456e-05,orientation_unresolved,-0.89121941130073401,-0.83285395179344468,-0.60374443968100977,0.070170173413616477,-0.75236430168321933,-1.1675434036562957,0,0,128.65980825409011
-200,250,150.00000000000003,1,0,9.0370109990379127e-05,,0.77197637960661025,58.798995792120401,9.0370109990379127e-05,orientation_unresolved,-0.47981982580444138,-1.718782860246741,0.90882002780831517,-1.0402454810570023,-1.0844111422296863,-1.5373227972231356,0,0,128.65980825409011
-200,250,200,1,0,0.00011670053868264128,,2.350208580612231,77.016177995259852,0.00011670053868264128,orientation_unresolved,-0.46243158486099861,-1.1332574100644486,-0.43705829326767559,1.1956181835956112,1.0241568850484475,0.65813229856924649,0,0,128.65980825409011
-200,250,250,1,0,7.1662514686370799e-05,,40.288212717270603,174.41837322757308,7.1662514686370799e-05,orientation_unresolved,-0.84763436513467316,-0.60526901103243391,-0.53569957682118718,-0.10733110073226557,-0.3826430003366772,-2.5298334267044715e-17,0,0,128.65980825409011
-200,250,300.00000000000006,1,0,0.00026104418581017849,,0,107.64155978301656,0.00026104418581017849,orientation_unresolved,-0.76215900181578022,-1.1898459149861822,0.21479925909516082,1.2366370614359172,0.22636698648782963,7.3835075622775481e-18,0,0,128.65980825409011
-200,250,350.00000000000006,0,0,23.374528657348794,,,,,position_unresolved,,,,,,,0,0,128.65980825409011
-200,300.00000000000006,-300.00000000000006,0,0,160.52048850851995,,,,,position_unresolved,,,,,,,0,0,123.69006752597979
-200,300.00000000000006,-250,0,0,124.19727710448352,,,,,position_unresolved,,,,,,,0,0,123.69006752597979
-200,300.00000000000006,-200,0,0,86.583350656819007,,,,,position_unresolved,,,,,,,0,0,123.69006752597979
-200,300.00000000000006,-150.00000000000003,0,0,53.538057469944782,,,,,position_unresolved,,,,,,,0,0,123.69006752597979
-200,300.00000000000006,-100,0,0,25.796251167029588,,,,,position_unresolved,,,,,,,0,0,123.69006752597979
-200,300.00000000000006,-50,0,0,4.4823004889093241,,,,,position_unresolved,,,,,,,0,0,123.69006752597979
-200,300.00000000000006,0,1,0,0.00021908257556387738,,7.1773199629466902,153.14366655049108,0.00021908257556387738,orientation_unresolved,-1.0277349998864023,-1.8967673600108284,0.43626295900825124,0.30581982344204084,-0.57171423458479831,0.17510415580888306,0,0,123.69006752597979
-200,300.00000000000006,50,1,0,0.00012387294570397362,,6.054923269368726,144.76328187895589,0.00012387294570397362,orientation_unresolved,-0.96177101554907696,-1.2107746506403843,-0.70060188300975601,1.1309587144298134,-0.015392916041266377,-0.50487753307293437,0,0,123.69006752597979
-200,300.00000000000006,100,1,0,0.00014086559572899505,,19.118467381056391,147.13645980558616,0.00014086559572899505,orientation_unresolved,-1.1798230409417834,-1.6883550210987941,0.51555613111793452,0.83165005117833224,-0.74789048600004604,-0.15170109900110804,0,0,123.69006752597979
-200,300.00000000000006,150.00000000000003,1,0,0.00017869923003889984,,23.478006059540423,176.02267802728443,0.00017869923003889984,orientation_unresolved,-1.1410278192527363,-1.2302709840832491,0.0053491230165570083,0.75891750136847835,-0.6505602792937899,-0.76326186325323198,0,0,123.69006752597979
-200,300.00000000000006,200,1,0,0.00016836774132435544,,0,106.7307979215318,0.00016836774132435544,orientation_unresolved,-0.83357404727427376,-1.5380672136634321,0.29942603753075775,1.2366370614359172,0.2955886712912395,-1.3922721148963599e-18,0,0,123.69006752597979
-200,300.00000000000006,250,0,0,7.1284340511237154,,,,,position_unresolved,,,,,,,0,0,123.69006752597979
-200,300.00000000000006,300.00000000000006,0,0,28.947913436892776,,,,,position_unresolved,,,,,,,0,0,123.69006752597979
-200,350.00000000000006,-250,0,0,150.31647866327549,,,,,position_unresolved,,,,,,,0,0,119.74488129694224
-200,350.00000000000006,-200,0,0,117.08006187309962,,,,,position_unresolved,,,,,,,0,0,119.74488129694224
-200,350.00000000000006,-150.00000000000003,0,0,87.885209923429755,,,,,position_unresolved,,,,,,,0,0,119.74488129694224
-200,350.00000000000006,-100,0,0,62.934191265650263,,,,,position_unresolved,,,,,,,0,0,119.74488129694224
-200,350.00000000000006,-50,0,0,43.633466267842707,,,,,position_unresolved,,,,,,,0,0,119.74488129694224
-200,350.00000000000006,0,0,0,29.423893231581179,,,,,position_unresolved,,,,,,,0,0,119.74488129694224
-200,350.00000000000006,50,0,0,20.832793740372228,,,,,position_unresolved,,,,,,,0,0,119.74488129694224
-200,350.00000000000006,100,0,0,18.214185971112169,,,,,position_unresolved,,,,,,,0,0,119.74488129694224
-200,350.00000000000006,150.00000000000003,0,0,21.681778129347478,,,,,position_unresolved,,,,,,,0,0,119.74488129694224
-200,350.00000000000006,200,0,0,31.085595584592237,,,,,position_unresolved,,,,,,,0,0,119.74488129694224
-200,350.00000000000006,250,0,0,46.042618059154464,,,,,position_unresolved,,,,,,,0,0,119.74488129694224
-200,400,-200,0,0,151.72793812191799,,,,,position_unresolved,,,,,,,0,0,116.56505117707799
-200,400,-150.00000000000003,0,0,124.73134516865726,,,,,position_unresolved,,,,,,,0,0,116.56505117707799
-200,400,-100,0,0,102.51418419332178,,,,,position_unresolved,,,,,,,0,0,116.56505117707799
-200,400,-50,0,0,84.821657766856973,,,,,position_unresolved,,,,,,,0,0,116.56505117707799
-200,400,0,0,0,71.878223726284133,,,,,position_unresolved,,,,,,,0,0,116.56505117707799
-200,400,50,0,0,64.08927695563203,,,,,position_unresolved,,,,,,,0,0,116.56505117707799
-200,400,100,0,0,61.720940536220333,,,,,position_unresolved,,,,,,,0,0,116.56505117707799
-200,400,150.00000000000003,0,0,64.857708062504912,,,,,position_unresolved,,,,,,,0,0,116.56505117707799
-200,400,200,0,0,73.388038174972777,,,,,position_unresolved,,,,,,,0,0,116.56505117707799
-150.00000000000003,-450,-100,0,0,126.06503459429547,,,,,position_unresolved,,,,,,,0,0,-108.43494882292202
-150.00000000000003,-450,-50,0,0,109.20620747847578,,,,,position_unresolved,,,,,,,0,0,-108.43494882292202
-150.00000000000003,-450,0,0,0,96.910083929405943,,,,,position_unresolved,,,,,,,0,0,-108.43494882292202
-150.00000000000003,-450,50,0,0,89.527054389240334,,,,,position_unresolved,,,,,,,0,0,-108.43494882292202
-150.00000000000003,-450,100,0,0,87.284695552763779,,,,,position_unresolved,,,,,,,0,0,-108.43494882292202
-150.00000000000003,-400,-200,0,0,134.53929008968112,,,,,position_unresolved,,,,,,,0,0,-110.55604521958348
-150.00000000000003,-400,-150.00000000000003,0,0,106.43772676819515,,,,,position_unresolved,,,,,,,0,0,-110.55604521958348
-150.00000000000003,-400,-100,0,0,83.190099010934588,,,,,position_unresolved,,,,,,,0,0,-110.55604521958348
-150.00000000000003,-400,-50,0,0,64.748011515135374,,,,,position_unresolved,,,,,,,0,0,-110.55604521958348
-150.00000000000003,-400,0,0,0,51.217423899149352,,,,,position_unresolved,,,,,,,0,0,-110.55604521958348
-150.00000000000003,-400,50,0,0,43.057887844467089,,,,,position_unresolved,,,,,,,0,0,-110.55604521958348
-150.00000000000003,-400,100,0,0,40.574153535635091,,,,,position_unresolved,,,,,,,0,0,-110.55604521958348
-150.00000000000003,-400,150.00000000000003,0,0,43.863484325828345,,,,,position_unresolved,,,,,,,0,0,-110.55604521958348
-150.00000000000003,-400,200,0,0,52.797532665516243,,,,,position_unresolved,,,,,,,0,0,-110.55604521958348
-150.00000000000003,-350.00000000000006,-300.00000000000006,0,0,171.89733496587257,,,,,position_unresolved,,,,,,,0,0,-113.1985905136482
-150.00000000000003,-350.00000000000006,-250,0,0,134.59753375660657,,,,,position_unresolved,,,,,,,0,0,-113.1985905136482
-150.00000000000003,-350.00000000000006,-200,0,0,99.102004215911023,,,,,position_unresolved,,,,,,,0,0,-113.1985905136482
-150.00000000000003,-350.00000000000006,-150.00000000000003,0,0,68.068005661153208,,,,,position_unresolved,,,,,,,0,0,-113.1985905136482
-150.00000000000003,-350.00000000000006,-100,0,0,41.883426515606736,,,,,position_unresolved,,,,,,,0,0,-113.1985905136482
-150.00000000000003,-350.00000000000006,-50,0,0,21.560601609024207,,,,,position_unresolved,,,,,,,0,0,-113.1985905136482
-150.00000000000003,-350.00000000000006,0,0,0,6.5628881070263532,,,,,position_unresolved,,,,,,,0,0,-113.1985905136482
-150.00000000000003,-350.00000000000006,50,1,0,0.00040606861221888631,,19.693255548377746,90.439272439867537,0.00040606861221888631,orientation_unresolved,1.2070841770390635,-1.6625196264666309,-0.15756447534595722,0.72423941335958353,0.2524358895314015,0.86563571513570226,0,0,-113.1985905136482
-150.00000000000003,-350.00000000000006,100,1,0,0.00027122912523957224,,23.877488699583161,170.17470547262329,0.00027122912523957224,orientation_unresolved,1.1340555318794312,-1.3203878985513362,-0.32519333412151535,0.16960640290284504,-0.045663329859773942,-1.1273299015393823e-17,0,0,-113.1985905136482
-150.00000000000003,-350.00000000000006,150.00000000000003,1,0,0.00040921367587592008,,23.618244165917051,170.73818697878451,0.00040921367587592008,orientation_unresolved,1.138580202559702,-1.2990981876275418,-0.20712141711201928,0.16284479413352393,0.018712948485884135,1.5120290635863012e-17,0,0,-113.1985905136482
-150.00000000000003,-350.00000000000006,200,0,0,8.3197340477927977,,,,,position_unresolved,,,,,,,0,0,-113.1985905136482
-150.00000000000003,-350.00000000000006,250,0,0,24.097880023495158,,,,,position_unresolved,,,,,,,0,0,-113.1985905136482
-150.00000000000003,-350.00000000000006,300.00000000000006,0,0,45.069088562810173,,,,,position_unresolved,,,,,,,0,0,-113.1985905136482
-150.00000000000003,-300.00000000000006,-350.00000000000006,0,0,188.66077430387048,,,,,position_unresolved,,,,,,,0,0,-116.56505117707799
-150.00000000000003,-300.00000000000006,-300.00000000000006,0,0,146.6698131788429,,,,,position_unresolved,,,,,,,0,0,-116.56505117707799
-150.00000000000003,-300.00000000000006,-250,0,0,104.65587386353282,,,,,position_unresolved,,,,,,,0,0,-116.56505117707799
-150.00000000000003,-300.00000000000006,-200,0,0,68.674884647367463,,,,,position_unresolved,,,,,,,0,0,-116.56505117707799
-150.00000000000003,-300.00000000000006,-150.00000000000003,0,0,33.806998821302066,,,,,position_unresolved,,,,,,,0,0,-116.56505117707799
-150.00000000000003,-300.00000000000006,-100,0,0,3.0497825150322062,,,,,position_unresolved,,,,,,,0,0,-116.56505117707799
-150.00000000000003,-300.00000000000006,-50,1,0,0.00012523610110637076,,22.232159100402356,100.17816589465367,0.00012523610110637076,orientation_unresolved,0.97808761600195326,-1.6340108487041238,-0.21729056369400915,0.42409245779438703,-0.51982596800230196,1.0163149748277831,0,0,-116.56505117707799
-150.00000000000003,-300.00000000000006,0,1,0,8.0210626676462005e-05,,4.2585154804270546,97.864567937240338,8.0210626676462005e-05,orientation_unresolved,1.3667080779085423,-1.9477101084527653,-0.28743110677549638,0.825771222820886,0.95976582863286952,0.86563571513570226,0,0,-116.56505117707799
-150.00000000000003,-300.00000000000006,50,1,0,0.00015090165323850552,,8.0703985687580246,153.76577597514034,0.00015090165323850552,orientation_unresolved,1.1391960277303195,-0.96630715070943485,-1.1028791941730214,1.0957820344628517,0.15036085112470587,-0.58568313790434179,0,0,-116.56505117707799
-150.00000000000003,-300.00000000000006,100,1,0,0.00011100473788484239,,25.613780456892147,145.94187846306656,0.00011100473788484239,orientation_unresolved,1.1037515239391511,-0.87313440211751392,-0.66468002653338987,-0.11320262393290585,-0.54877649215416446,0.72673414564792282,0,0,-116.56505117707799
-150.00000000000003,-300.00000000000006,150.00000000000003,1,0,6.4314320697441809e-05,,7.1356525695510076,125.20998433878228,6.4314320697441809e-05,orientation_unresolved,1.4033074969452333,-1.8044344005792914,0.87071876370128487,-1.1120964298188585,-0.85268469178173389,-0.14397904156498906,0,0,-116.56505117707799
-150.00000000000003,-300.00000000000006,200,1,0,8.2657695041063716e-05,,9.2763568483069871,126.65092145728158,8.2657695041063716e-05,orientation_unresolved,1.3444774549759779,-1.6653436106008344,0.81575146564185641,-1.0747340918430361,-0.68621298908222483,-0.14397904156498906,0,0,-116.56505117707799
-150.00000000000003,-300.00000000000006,250,1,0,0.00020350262135263749,,11.947093265196127,104.03470163441692,0.00020350262135263749,orientation_unresolved,1.079256007246971,-1.2146759622417662,0.54710131649091009,-0.011319451012593117,-0.72881469061930981,1.3422802132743841,0,0,-116.56505117707799
-150.00000000000003,-300.00000000000006,300.00000000000006,0,0,6.0595043567147613,,,,,position_unresolved,,,,,,,0,0,-116.56505117707799
-150.00000000000003,-300.00000000000006,350.00000000000006,0,0,33.860271148056377,,,,,position_unresolved,,,,,,,0,0,-116.56505117707799
-150.00000000000003,-250,-350.00000000000006,0,0,169.28014586021564,,,,,position_unresolved,,,,,,,0,0,-120.96375653207355
-150.00000000000003,-250,-300.00000000000006,0,0,124.88921791711915,,,,,position_unresolved,,,,,,,0,0,-120.96375653207355
-150.00000000000003,-250,-250,0,0,81.585742526487252,,,,,position_unresolved,,,,,,,0,0,-120.96375653207355
-150.00000000000003,-250,-200,0,0,39.550164227954838,,,,,position_unresolved,,,,,,,0,0,-120.96375653207355
-150.00000000000003,-250,-150.00000000000003,1,0,0.88163658796081978,,0,167.6494811710082,0.88163658796081978,orientation_unresolved,1.0000244273099264,-2.0220352248333655,-0.3707391244494142,0.22427673053218483,0.034569794823698652,2.0054978587707012e-17,0,0,-120.96375653207355
-150.00000000000003,-250,-100,1,0,7.7742066133671458e-05,,3.344191115547468,66.123432788188978,7.7742066133671458e-05,orientation_unresolved,0.90724807410878483,-1.5456940631406382,-0.783076512690426,0.788449507166888,-0.23069501358175848,1.4924291810126511,0,0,-120.96375653207355
-150.00000000000003,-250,-50,1,0,4.766241825017718e-05,,3.344191115547468,64.757024558308288,4.766241825017718e-05,orientation_unresolved,0.8462228601530557,-1.2356336231405747,-0.96784527726405467,0.76668137926330093,-0.40482562797396981,1.4924291810126511,0,0,-120.96375653207355
-150.00000000000003,-250,0,1,0,5.438324334193588e-05,,34.808556341730146,168.43881396401937,5.438324334193588e-05,orientation_unresolved,0.94327241076575308,-0.9923011851042276,-0.90031389012117513,0.16392405966274051,-0.63121038989682332,-1.2837793780221193e-17,0,0,-120.96375653207355
-150.00000000000003,-250,50,1,0,6.9156233059618899e-05,,20.131914598184736,88.701333822015371,6.9156233059618899e-05,orientation_unresolved,1.1994281323262617,-0.73282609048664982,-1.1908999166156491,-0.80470931294754955,-0.54027489478834723,-0.81047708607398228,0,0,-120.96375653207355
-150.00000000000003,-250,100,1,0,4.6278618261057713e-05,,14.690607994737839,121.85345528847211,4.6278618261057713e-05,orientation_unresolved,0.91279710126784208,-0.82919833778445273,-0.36536229057278669,0.16310979466389036,-1.2118869577491997,-1.2943968481669195,0,0,-120.96375653207355
-150.00000000000003,-250,150.00000000000003,1,0,5.1559585915938663e-05,,8.8868559172943993,164.32595588484114,5.1559585915938663e-05,orientation_unresolved,1.1890232658974924,-0.86364850849411756,0.0013591640396614986,-0.36552181195469102,-1.3956914308877684,0.53720901491176043,0,0,-120.96375653207355
-150.00000000000003,-250,200,1,0,3.7027004013235548e-05,,13.030454081274486,161.8764884265496,3.7027004013235548e-05,orientation_unresolved,1.1909054987279117,-0.77905172625595276,0.075801987412403807,-0.37526425698968036,-1.323372000046724,0.53720901491176043,0,0,-120.96375653207355
-150.00000000000003,-250,250,1,0,6.6041266523214875e-05,,26.003000021060327,93.037214282158772,6.6041266523214875e-05,orientation_unresolved,0.7287984307972234,-1.568197259069708,0.24032587605007272,-0.62309279083679059,0.97721540191366352,-0.96287236565719458,0,0,-120.96375653207355
-150.00000000000003,-250,300.00000000000006,1,0,0.00012095245776204338,,0,97.832079034798568,0.00012095245776204338,orientation_unresolved,0.68184317721781884,-1.3062316859967522,0.40767755046873488,-1.2366370614359172,0.64268429131341231,-5.4665819472819883e-17,0,0,-120.96375653207355
-150.00000000000003,-250,350.00000000000006,1,0,0.16361409944531627,,31.953695093908085,137.32100195723595,0.16361409944531627,orientation_unresolved,0.99309913922784177,-0.86648228262431426,0.006193423794174222,0.53698100225104872,-0.0097757336269344384,0.27450625464451983,0,0,-120.96375653207355
-150.00000000000003,-200,-400,0,0,200.70442372928642,,,,,position_unresolved,,,,,,,0,0,-126.86989764584403
-150.00000000000003,-200,-350.00000000000006,0,0,152.99197821162363,,,,,position_unresolved,,,,,,,0,0,-126.86989764584403
-150.00000000000003,-200,-300.00000000000006,0,0,105.87814858750305,,,,,position_unresolved,,,,,,,0,0,-126.86989764584403
-150.00000000000003,-200,-250,0,0,61.889546133456633,,,,,position_unresolved,,,,,,,0,0,-126.86989764584403
-150.00000000000003,-200,-200,0,0,19.097666156034009,,,,,position_unresolved,,,,,,,0,0,-126.86989764584403
-150.00000000000003,-200,-150.00000000000003,1,0,8.8582765574708147e-05,,4.2314960777919435,110.22801588270696,8.8582765574708147e-05,orientation_unresolved,1.13896521675739,-1.8040352940765632,-0.69504340261393038,-1.1627835225932217,-0.43917242434007747,0.04300830297889368,0,0,-126.86989764584403
-150.00000000000003,-200,-100,1,0,5.1383370574738971e-05,,21.060428929241429,144.65679075189405,5.1383370574738971e-05,orientation_unresolved,1.1358033659815574,-1.6544613981358387,-0.29934523200669572,-0.46278934880725514,-1.0418379517477212,-0.058479311103939377,0,0,-126.86989764584403
-150.00000000000003,-200,-50,1,0,2.4159901870274801e-05,,16.475932968114336,144.51032697686313,2.4159901870274801e-05,orientation_unresolved,1.1731591916806676,-1.4275634242051922,-0.33704221111982935,-0.48287323647430186,-1.2632370491634195,-0.058479311103939363,0,0,-126.86989764584403
-150.00000000000003,-200,0,1,0,0.00025122976624426026,,28.219278369413594,168.33430443876304,0.00025122976624426026,orientation_unresolved,0.81977657953631489,-0.83072356884019594,-1.0582770067118126,0.15008851775557905,-0.83770169638995362,2.9862116967054583e-17,0,0,-126.86989764584403
-150.00000000000003,-200,50,1,0,2.9878969444206641e-05,,8.8537029790479753,126.45731929108096,2.9878969444206641e-05,orientation_unresolved,0.82794963468158955,-0.85607609141204599,-0.50288581800336463,0.09987766718538664,-1.3962700588168788,-1.2943968481669195,0,0,-126.86989764584403
-150.00000000000003,-200,100,1,0,4.0756575103748268e-05,,28.489396471414871,171.11562696590349,4.0756575103748268e-05,orientation_unresolved,0.82160920380784563,-0.39967835193243628,-1.0535625564626525,0.13008585721638816,-0.98676783530014656,-2.2379517300526848e-18,0,0,-126.86989764584403
-150.00000000000003,-200,150.00000000000003,1,0,2.2117117591154772e-05,,19.485712278582838,145.10875207939773,2.2117117591154772e-05,orientation_unresolved,1.2107064904373395,-0.3685817351131766,-0.85474713135148339,-0.57061309706284324,-1.1794636530750855,-0.098318648212201931,0,0,-126.86989764584403
-150.00000000000003,-200,200,1,0,3.6151311828999315e-05,,19.136976425272113,147.38670967776343,3.6151311828999315e-05,orientation_unresolved,1.2167930792973636,-0.26634593761561054,-0.7667818152408985,-0.59538997488865253,-1.1351696264691622,-0.098318648212201931,0,0,-126.86989764584403
-150.00000000000003,-200,250,1,0,3.0245759188868156e-05,,27.203104375636773,155.41344979851996,3.0245759188868156e-05,orientation_unresolved,0.6394863876755662,-1.330432601912471,-0.4624241599118149,-0.40378132896986896,1.6080984384935559,1.0760125886763585,0,0,-126.86989764584403
-150.00000000000003,-200,300.00000000000006,1,0,4.4256594917737507e-05,,40.283267210295179,175.48820583841555,4.4256594917737507e-05,orientation_unresolved,0.84772068051457472,-0.14654015662180198,-0.68531523537565253,0.10700119009964044,-0.67725743058630883,5.504137614120401e-17,0,0,-126.86989764584403
-150.00000000000003,-200,350.00000000000006,1,0,8.9846482590845683e-05,,39.453659584310905,175.83711628827487,8.9846482590845683e-05,orientation_unresolved,0.8622000650876539,-0.27405813182108391,-0.49112088362314776,0.10408580516768193,-0.43736158783771872,-2.497478318683807e-17,0,0,-126.86989764584403
-150.00000000000003,-200,400,0,0,6.9400080414131358,,,,,position_unresolved,,,,,,,0,0,-126.86989764584403
-150.00000000000003,-150.00000000000003,-400,0,0,192.44839602302213,,,,,position_unresolved,,,,,,,0,0,-135
-150.00000000000003,-150.00000000000003,-350.00000000000006,0,0,142.4108044713112,,,,,position_unresolved,,,,,,,0,0,-135
-150.00000000000003,-150.00000000000003,-300.00000000000006,0,0,98.296634848337519,,,,,position_unresolved,,,,,,,0,0,-135
-150.00000000000003,-150.00000000000003,-250,0,0,45.911858820888042,,,,,position_unresolved,,,,,,,0,0,-135
-150.00000000000003,-150.00000000000003,-200,1,0,9.0031493460975606e-05,,0.46083214897517538,167.28471515580125,9.0031493460975606e-05,orientation_unresolved,0.72823971186129177,-2.0139921865347077,-0.63599187890322084,0.21398046079326433,-0.12002725021476252,2.0369005762418333e-17,0,0,-135
-150.00000000000003,-150.00000000000003,-150.00000000000003,1,0,4.8498163874401918e-05,,1.9417150119824158,99.892158247138482,4.8498163874401918e-05,orientation_unresolved,0.18573588322174489,-1.9881459047388712,-0.52719158050428727,1.1300916103469003,-0.92644399618584561,-0.26324784628379083,0,0,-135
-150.00000000000003,-150.00000000000003,-100,1,0,3.0036662660616479e-05,,18.396579316421207,139.32313464902418,3.0036662660616479e-05,orientation_unresolved,1.0804919853228601,-1.6194530564468999,-0.39902790437730723,-0.49155023727942881,-1.2297154466190587,-0.058479311103939356,0,0,-135
-150.00000000000003,-150.00000000000003,-50,1,0,4.6735135726191475e-05,,23.894987650552771,167.51019305022547,4.6735135726191475e-05,orientation_unresolved,0.66771085728312884,-0.99232456989992646,-1.1337501175693665,0.14367397262156043,-0.84983696519503882,-2.5352130904561806e-17,0,0,-135
-150.00000000000003,-150.00000000000003,0,1,0,0.00016596891087428429,,21.185548090712977,168.71317038602481,0.00016596891087428429,orientation_unresolved,0.66594402920720208,-0.71596938771925633,-1.1810387587723568,0.13100917627690919,-1.0002886575959093,3.7060783355601805e-18,0,0,-135
-150.00000000000003,-150.00000000000003,50,1,0,9.7313436995684249e-05,,12.52218704115548,150.93392516482785,9.7313436995684249e-05,orientation_unresolved,0.6409451043915958,-0.39106732852525306,-1.3322429333761667,0.17375264177122848,-0.9819255832172874,0.32171803180055525,0,0,-135
-150.00000000000003,-150.00000000000003,100,1,0,3.274972511978081e-05,,15.892536434933898,151.00732806351365,3.274972511978081e-05,orientation_unresolved,0.63041561229223742,-0.18085488357812193,-1.2734192395121384,0.18062807682144752,-1.0745618657530391,0.32171803180055525,0,0,-135
-150.00000000000003,-150.00000000000003,150.00000000000003,1,0,9.9695970807982628e-05,,21.705301335812155,173.41593324755428,9.9695970807982628e-05,orientation_unresolved,0.67561125428168944,-0.059028446628799441,-1.1042002431943749,0.1052926558613714,-1.1719673533474511,-1.7368143554043053e-18,0,0,-135
-150.00000000000003,-150.00000000000003,200,1,0,2.6465759542524377e-05,,24.728446836997598,174.77861231122952,2.6465759542524377e-05,orientation_unresolved,0.68126887638016742,0.053949061460518338,-1.0216094507144102,0.099280203835263536,-1.119203510584911,2.3270600545827904e-17,0,0,-135
-150.00000000000003,-150.00000000000003,250,1,0,1.8662958422818372e-05,,14.308335677408666,107.46138384376809,1.8662958422818372e-05,orientation_unresolved,1.1438009856232061,-1.2828811190159104,-0.4689606385536283,0.57523221927020529,1.835139509853807,1.1051727998539078,0,0,-135
-150.00000000000003,-150.00000000000003,300.00000000000006,1,0,3.0919307790608355e-05,,39.625273160081107,176.67150498753077,3.0919307790608355e-05,orientation_unresolved,0.6972358170636056,0.078452950185940631,-0.78821624701253534,0.089279755418959009,-0.85920484314934309,8.681956551846317e-18,0,0,-135
-150.00000000000003,-150.00000000000003,350.00000000000006,1,0,0.00013229381803754362,,26.11427510318283,165.67218154705904,0.00013229381803754362,orientation_unresolved,1.0950162444727742,-0.67828990651849219,-0.74474866273416918,0.50524814931118767,1.2778332151185789,-0.46937646307898567,0,0,-135
-150.00000000000003,-150.00000000000003,400,1,0,0.00020973914802475843,,11.754248481286163,115.50029986522163,0.00020973914802475843,orientation_unresolved,0.5273339713658729,-0.95728560022554821,0.38889132303017426,-1.0314867243399306,0.35219351139230548,-6.6913187540094076e-18,0,0,-135
-150.00000000000003,-100,-450,0,0,234.76468927511215,,,,,position_unresolved,,,,,,,0,0,-146.30993247402023
-150.00000000000003,-100,-400,0,0,183.7751437032743,,,,,position_unresolved,,,,,,,0,0,-146.30993247402023
-150.00000000000003,-100,-350.00000000000006,0,0,135.46644662092388,,,,,position_unresolved,,,,,,,0,0,-146.30993247402023
-150.00000000000003,-100,-300.00000000000006,0,0,85.738833800894483,,,,,position_unresolved,,,,,,,0,0,-146.30993247402023
-150.00000000000003,-100,-250,0,0,37.936771020241274,,,,,position_unresolved,,,,,,,0,0,-146.30993247402023
-150.00000000000003,-100,-200,1,0,0.0001747882803060573,,6.066722885456354,168.77353844429578,0.0001747882803060573,orientation_unresolved,0.51792685272125105,-1.9161509356760613,-0.79435327103115139,0.16755676203179853,-0.24912223141376202,3.651664580297462e-18,0,0,-146.30993247402023
-150.00000000000003,-100,-150.00000000000003,1,0,2.957928055603024e-05,,17.692710687989404,143.4974000762582,2.957928055603024e-05,orientation_unresolved,0.89447721583923667,-1.7132391697251592,-0.72669530047036623,-0.54782130106831972,-0.85293838101945796,0.20562362098811565,0,0,-146.30993247402023
-150.00000000000003,-100,-100,1,0,6.1664134152425372e-05,,15.77264041925949,161.0157230317829,6.1664134152425372e-05,orientation_unresolved,0.73090355296950715,-1.2025976453329654,-1.2755118197456796,-0.35088443374634903,-0.64733832522400547,0.16138324040704574,0,0,-146.30993247402023
-150.00000000000003,-100,-50,1,0,2.9615476312586771e-05,,6.3784354760292095,79.562290114013692,2.9615476312586771e-05,orientation_unresolved,1.1584160943654127,-1.2191940635005358,-1.1265693877732104,-0.79116669739965995,-1.2153106687785487,-1.439471626612175,0,0,-146.30993247402023
-150.00000000000003,-100,0,1,0,0.00028153818659813794,,15.901674689291154,170.34238999636068,0.00028153818659813794,orientation_unresolved,0.47540025119293261,-0.63982961277260286,-1.2732597468857196,0.10095822397444074,-1.1231907020659777,2.1618511956338428e-17,0,0,-146.30993247402023
-150.00000000000003,-100,50,1,0,3.7916310464881072e-05,,6.5218148443916828,140.85737378667255,3.7916310464881072e-05,orientation_unresolved,1.1525440416816557,-0.47430832646357085,-1.43696918455482,-0.75466456737168786,-1.3052957805011172,0.47535946277220298,0,0,-146.30993247402023
-150.00000000000003,-100,100,1,0,2.026582974772873e-05,,12.605711511200164,159.41618332306007,2.026582974772873e-05,orientation_unresolved,0.50887195454958678,-0.04831941520490509,-1.3307851563679036,0.054787198066400179,-1.2359617267159362,0.32171803180055525,0,0,-146.30993247402023
-150.00000000000003,-100,150.00000000000003,1,0,3.017181520897949e-05,,3.0635011491657389,106.7923114035593,3.017181520897949e-05,orientation_unresolved,0.49301503611713943,0.27925292594034895,-1.4973281451033245,0.08190378067224037,-1.0331680132075907,-1.4689650970693164,0,0,-146.30993247402023
-150.00000000000003,-100,200,1,0,2.4246722299596461e-05,,5.8909236930084399,65.348273260257542,2.4246722299596461e-05,orientation_unresolved,-0.32867999122239638,-1.8166434616421865,1.271669042306786,-1.1338210470091763,1.5078805063696026,-1.1827594344653445,0,0,-146.30993247402023
-150.00000000000003,-100,250,1,0,2.7625299010622225e-05,,10.827531906501081,100.43009605525393,2.7625299010622225e-05,orientation_unresolved,0.12198725503409981,-1.5051774048050248,0.073292735849964902,-0.52556085174123213,1.7917539886920839,-1.3618202451617138,0,0,-146.30993247402023
-150.00000000000003,-100,300.00000000000006,1,0,3.3246892158832169e-05,,32.122120430558624,177.83594037316979,3.3246892158832169e-05,orientation_unresolved,0.50553233694902688,0.25267777436904915,-0.85192622967725151,0.066579815105463624,-0.99015956255950999,-6.5696768307699708e-17,0,0,-146.30993247402023
-150.00000000000003,-100,350.00000000000006,1,0,5.3707130021301261e-05,,4.6344671919795744,120.29130969325291,5.3707130021301261e-05,orientation_unresolved,0.046180497400703888,-0.6250371834983699,0.90635105732599841,0.60847014654490594,-1.4699096152191968,-0.90801513317371285,0,0,-146.30993247402023
-150.00000000000003,-100,400,1,0,9.4526618324992535e-05,,30.261071963774402,104.13174879792349,9.4526618324992535e-05,orientation_unresolved,0.68464175525925641,-1.1512795384133871,0.75066177540291545,0.70848172048510771,0.23853838961706228,0.90969115994458205,0,0,-146.30993247402023
-150.00000000000003,-100,450,0,0,10.504981289149079,,,,,position_unresolved,,,,,,,0,0,-146.30993247402023
-150.00000000000003,-50,-450,0,0,232.30013773810305,,,,,position_unresolved,,,,,,,0,0,-161.56505117707798
-150.00000000000003,-50,-400,0,0,180.95379165804985,,,,,position_unresolved,,,,,,,0,0,-161.56505117707798
-150.00000000000003,-50,-350.00000000000006,0,0,130.78914991490134,,,,,position_unresolved,,,,,,,0,0,-161.56505117707798
-150.00000000000003,-50,-300.00000000000006,0,0,80.898609196140825,,,,,position_unresolved,,,,,,,0,0,-161.56505117707798
-150.00000000000003,-50,-250,0,0,34.895043738510175,,,,,position_unresolved,,,,,,,0,0,-161.56505117707798
-150.00000000000003,-50,-200,1,0,8.0680254583420487e-05,,8.1503433372028358,159.84473082758689,8.0680254583420487e-05,orientation_unresolved,0.3693292323456418,-1.8797848984311936,-1.2480929683260067,0.24479676701027264,0.30567447465627834,0.29011855368549805,0,0,-161.56505117707798
-150.00000000000003,-50,-150.00000000000003,1,0,4.1049549336830913e-05,,19.371229250192524,178.20245939201544,4.1049549336830913e-05,orientation_unresolved,0.18282992695600664,-1.493655406304121,-1.2127045962204046,0.28465214912139558,-0.4466880296504645,-0.47134854802046117,0,0,-161.56505117707798
-150.00000000000003,-50,-100,1,0,2.3446144192171321e-05,,14.070575153713536,107.46230768913453,2.3446144192171321e-05,orientation_unresolved,-0.4199188501219876,-1.6742067364250945,-0.80238815193798962,0.79286596939002063,-1.3052184627132881,-0.26324784628379083,0,0,-161.56505117707798
-150.00000000000003,-50,-50,1,0,6.0721451298398666e-05,,14.984005279668191,173.45032825287771,6.0721451298398666e-05,orientation_unresolved,0.24865950650866436,-0.90682608683605925,-1.2892760995284729,0.061837551053514912,-1.0269115727290927,4.1391472698757213e-18,0,0,-161.56505117707798
-150.00000000000003,-50,0,1,0,0.00032195446143309497,,8.2831235786408204,120.2681657552728,0.00032195446143309497,orientation_unresolved,-0.057188990536109728,-0.77654381815883422,-1.1448528273783067,0.37810298421813859,-1.4062285479980388,0.68854975924186834,0,0,-161.56505117707798
-150.00000000000003,-50,50,1,0,4.0231600269702849e-05,,12.238652603821858,175.04195074964335,4.0231600269702849e-05,orientation_unresolved,0.25120192658436269,-0.29310463916065388,-1.330911179813328,0.051657125609100192,-1.337191542850428,-1.7317014835010868e-17,0,0,-161.56505117707798
-150.00000000000003,-50,100,1,0,3.2034409442618358e-05,,0.42744042536629234,144.31585850268885,3.2034409442618358e-05,orientation_unresolved,0.56507413328672962,-0.12385150103066396,-1.1637536424223849,-0.27762551942148517,-1.5433360840161297,1.1423199916267117,0,0,-161.56505117707798
-150.00000000000003,-50,150.00000000000003,1,0,3.0093409054524006e-05,,7.4264107890398412,177.06618044422885,3.0093409054524006e-05,orientation_unresolved,0.25739829047556312,0.20146603091422333,-1.2141149252688381,0.044282435845017169,-1.4211810069205213,1.7679714793300266e-17,0,0,-161.56505117707798
-150.00000000000003,-50,200,1,0,2.490537194728745e-05,,6.756939590167196,68.15657671609101,2.490537194728745e-05,orientation_unresolved,-0.69349518682825673,-1.4646904756324646,0.98442946482688198,-1.1187062182291434,1.810192752381045,-0.98180169552908769,0,0,-161.56505117707798
-150.00000000000003,-50,250,1,0,1.9211215770718051e-05,,17.962845492972686,178.49947696398405,1.9211215770718051e-05,orientation_unresolved,0.26407395932047861,0.38992978517733179,-1.011729926137422,0.038970358158897232,-1.2372855299154992,2.0803168987861648e-17,0,0,-161.56505117707798
-150.00000000000003,-50,300.00000000000006,1,0,4.1736615426395556e-05,,27.459327437038539,178.95409642765301,4.1736615426395556e-05,orientation_unresolved,0.26866266039067799,0.3684303538119183,-0.88629412409908948,0.036489928937321989,-1.0715406526353581,-9.7420291230756494e-18,0,0,-161.56505117707798
-150.00000000000003,-50,350.00000000000006,1,0,8.3987227344847342e-05,,39.601450909985118,179.27395863635218,8.3987227344847342e-05,orientation_unresolved,0.27496047691882797,0.27854175177731921,-0.73744800307183933,0.033613548418030402,-0.8596206198487516,1.3460206589060687e-17,0,0,-161.56505117707798
-150.00000000000003,-50,400,1,0,0.00010407008894951558,,28.191461694628877,170.45685100019941,0.00010407008894951558,orientation_unresolved,0.89655166678218845,-0.27694933803380595,0.26158541831997145,-0.74460323391478311,-1.0465840529979753,0.22775559556372449,0,0,-161.56505117707798
-150.00000000000003,-50,450,0,0,1.0538866164621048,,,,,position_unresolved,,,,,,,0,0,-161.56505117707798
-150.00000000000003,0,-450,0,0,231.78858978073717,,,,,position_unresolved,,,,,,,0,0,180
-150.00000000000003,0,-400,0,0,180.33098289286642,,,,,position_unresolved,,,,,,,0,0,180
-150.00000000000003,0,-350.00000000000006,0,0,133.33455044030123,,,,,position_unresolved,,,,,,,0,0,180
-150.00000000000003,0,-300.00000000000006,0,0,81.880641506734989,,,,,position_unresolved,,,,,,,0,0,180
-150.00000000000003,0,-250,0,0,31.496506177261317,,,,,position_unresolved,,,,,,,0,0,180
-150.00000000000003,0,-200,1,0,0.00018685370294117067,,4.6951306226240925,172.74270097450281,0.00018685370294117067,orientation_unresolved,-0.15432257429893986,-1.9400897366573637,-1.3603664883040925,-0.28916738365775935,0.56733440388789169,-0.11102477233326126,0,0,180
-150.00000000000003,0,-150.00000000000003,1,0,6.9306580942611119e-05,,20.805333544574644,150.88101040800416,6.9306580942611119e-05,orientation_unresolved,0.20482229066325783,-1.5149193193981991,-1.1876747544664465,-0.40809552939534421,-0.53626206584800529,0.04747045139270864,0,0,180
-150.00000000000003,0,-100,1,0,0.00011525182103573006,,22.43319422547863,116.79110819352228,0.00011525182103573006,orientation_unresolved,0.3603905899126611,-1.4102293191185693,-0.915570959272342,-0.39367043662853279,-1.1592632258209152,-0.7948467532186716,0,0,180
-150.00000000000003,0,-50,1,0,6.8919696911859285e-05,,13.782634700860635,179.99999999999997,6.8919696911859285e-05,orientation_unresolved,0,-0.89906216429729624,-1.3102439716652547,0,-1.0493050600893552,0,0,0,180
-150.00000000000003,0,0,1,0,0.00031805285897665839,,7.3137914569839468,132.98542769439908,0.00031805285897665839,orientation_unresolved,-0.24029813239726425,-0.73934346677409168,-1.1461915256200168,0.24223131713717069,-1.4231465850662934,0.68854975924186834,0,0,180
-150.00000000000003,0,50,1,0,5.9587447893336274e-05,,10.385285426507382,180,5.9587447893336274e-05,orientation_unresolved,0,-0.27154612625353014,-1.3499403895870896,0,-1.3695389023429592,0,0,0,180
-150.00000000000003,0,100,1,0,9.3442635767336377e-05,,5.6929254607858271,180.00000000000003,9.3442635767336377e-05,orientation_unresolved,0,0.015090884588961339,-1.3037633908326318,0,-1.4514360334335685,0,0,0,180
-150.00000000000003,0,150.00000000000003,1,0,4.4723752391009554e-05,,5.3369133009367875,179.99999999999997,4.4723752391009554e-05,orientation_unresolved,0,0.24039248212278344,-1.2270164036395694,0,-1.4576496178000706,0,0,0,180
-150.00000000000003,0,200,1,0,0.00012069980841515425,,9.3193734708295146,69.205346307698377,0.00012069980841515425,orientation_unresolved,-1.0260724511631407,-1.8593814735443788,1.4773012186000758,-1.0249604817469042,1.5014520557164586,-1.1038445336753397,0,0,180
-150.00000000000003,0,250,1,0,2.4036012545989375e-05,,16.217192369605986,180.00000000000003,2.4036012545989375e-05,orientation_unresolved,0,0.43255386095940213,-1.0221778805528967,0,-1.2677529245159709,0,0,0,180
-150.00000000000003,0,300.00000000000006,1,0,3.2818318988839259e-05,,13.159065186120172,180.00000000000003,3.2818318988839259e-05,orientation_unresolved,0,-1.7923662108510081,0.98167128338872334,0,1.0259328386571771,0,0,0,180
-150.00000000000003,0,350.00000000000006,1,0,4.3199457985436329e-05,,11.57947000179435,56.343310059498485,4.3199457985436329e-05,orientation_unresolved,1.0246296714717638,-0.58073925946847849,-0.10397736771196413,1.0345371842686921,1.4365576361802723,0.66669608689510396,0,0,180
-150.00000000000003,0,400,1,0,4.5834961299382458e-05,,24.957975615396613,168.92895621411017,4.5834961299382458e-05,orientation_unresolved,-0.25297337760672489,-1.0749822811209866,0.49535359729178446,-0.40743188383921991,0.68114556415952987,1.1151974776737676,0,0,180
-150.00000000000003,0,450,1,0,0.00034644374775481682,,24.957975615396613,153.01987154635646,0.00034644374775481682,orientation_unresolved,-0.053951828490860498,-0.56332643314628061,0.12995347702811716,-0.45834931640559062,0.12180027955842651,1.1151974776737676,0,0,180
-150.00000000000003,50,-450,0,0,232.30013773810305,,,,,position_unresolved,,,,,,,0,0,161.56505117707798
-150.00000000000003,50,-400,0,0,181.45941519018288,,,,,position_unresolved,,,,,,,0,0,161.56505117707798
-150.00000000000003,50,-350.00000000000006,0,0,133.38735770920502,,,,,position_unresolved,,,,,,,0,0,161.56505117707798
-150.00000000000003,50,-300.00000000000006,0,0,82.472524573698891,,,,,position_unresolved,,,,,,,0,0,161.56505117707798
-150.00000000000003,50,-250,0,0,34.895043738510175,,,,,position_unresolved,,,,,,,0,0,161.56505117707798
-150.00000000000003,50,-200,1,0,8.0141489325365387e-05,,4.9556132018175596,172.12505692350942,8.0141489325365387e-05,orientation_unresolved,-0.382641770083266,-1.9355434580063509,-1.3168930391405482,-0.17302419689981194,0.52831407545252984,-0.11102477233326126,0,0,161.56505117707798
-150.00000000000003,50,-150.00000000000003,1,0,9.1673005424309806e-05,,8.5341423431209051,130.10650507609776,9.1673005424309806e-05,orientation_unresolved,-0.96637993569597969,-1.8730863421120421,-0.75416974803379411,0.86053736562705574,-1.0184479035757443,-0.80369068776161046,0,0,161.56505117707798
-150.00000000000003,50,-100,1,0,4.7072033357602595e-05,,22.390321681268137,104.7677789002817,4.7072033357602595e-05,orientation_unresolved,0.15465344401614764,-1.4538733678659823,-0.89890840203491951,-0.52256588507812129,-1.1600114928760952,-0.7948467532186716,0,0,161.56505117707798
-150.00000000000003,50,-50,1,0,6.0721451298398666e-05,,14.984005279668191,173.45032825287771,6.0721451298398666e-05,orientation_unresolved,-0.24865950650866436,-0.90682608683605925,-1.2892760995284729,-0.061837551053514912,-1.0269115727290927,-4.1391472698757213e-18,0,0,161.56505117707798
-150.00000000000003,50,0,1,0,5.5017843226245466e-05,,2.3948501329824858,105.2698467889476,5.5017843226245466e-05,orientation_unresolved,0.33668096787367424,-0.72882333925552678,-1.5089983068825281,-0.71837239063764746,-1.2275006213928812,-0.15791836699960227,0,0,161.56505117707798
-150.00000000000003,50,50,1,0,4.0231600269702849e-05,,12.238652603821858,175.04195074964335,4.0231600269702849e-05,orientation_unresolved,-0.25120192658436269,-0.29310463916065388,-1.330911179813328,-0.051657125609100192,-1.337191542850428,1.7317014835010868e-17,0,0,161.56505117707798
-150.00000000000003,50,100,1,0,6.1850226041399844e-05,,7.764816750785922,176.07530179182882,6.1850226041399844e-05,orientation_unresolved,-0.25417386076327131,-0.016124542140912333,-1.2878033874325843,-0.047728310319208544,-1.4152747086796742,1.7831110942709593e-17,0,0,161.56505117707798
-150.00000000000003,50,150.00000000000003,1,0,3.0093409054524006e-05,,7.4264107890398412,177.06618044422885,3.0093409054524006e-05,orientation_unresolved,-0.25739829047556312,0.20146603091422333,-1.2141149252688381,-0.044282435845017169,-1.4211810069205213,-1.7679714793300266e-17,0,0,161.56505117707798
-150.00000000000003,50,200,1,0,5.9919085990030716e-05,,5.6703448468626343,69.19805435618548,5.9919085990030716e-05,orientation_unresolved,-1.2440644194807764,-1.9230690375321189,1.4204612654887949,-1.0146469393538362,1.4753519458517856,-1.1038445336753397,0,0,161.56505117707798
-150.00000000000003,50,250,1,0,1.9211215770718051e-05,,17.962845492972686,178.49947696398405,1.9211215770718051e-05,orientation_unresolved,-0.26407395932047861,0.38992978517733179,-1.011729926137422,-0.038970358158897232,-1.2372855299154992,-2.0803168987861648e-17,0,0,161.56505117707798
-150.00000000000003,50,300.00000000000006,1,0,4.1736615426395556e-05,,27.459327437038539,178.95409642765301,4.1736615426395556e-05,orientation_unresolved,-0.26866266039067799,0.3684303538119183,-0.88629412409908948,-0.036489928937321989,-1.0715406526353581,9.7420291230756494e-18,0,0,161.56505117707798
-150.00000000000003,50,350.00000000000006,1,0,3.1572052035410196e-05,,28.275596057460511,125.49217123313241,3.1572052035410196e-05,orientation_unresolved,-0.2418580680676666,0.39122245851520715,-1.0572940776282829,-0.11487914561303351,-0.55054073466556863,1.0407853127988282,0,0,161.56505117707798
-150.00000000000003,50,400,1,0,9.3828903538446546e-05,,6.3900290624964962,132.84011497080249,9.3828903538446546e-05,orientation_unresolved,0.51278785733626031,-0.29667460445318827,0.18246388754713391,-1.1251100149972268,-0.9957971356029689,-0.67913069579362484,0,0,161.56505117707798
-150.00000000000003,50,450,0,0,1.0538866824097619,,,,,position_unresolved,,,,,,,0,0,161.56505117707798
-150.00000000000003,100,-450,0,0,234.76468927511215,,,,,position_unresolved,,,,,,,0,0,146.30993247402023
-150.00000000000003,100,-400,0,0,185.33465994209257,,,,,position_unresolved,,,,,,,0,0,146.30993247402023
-150.00000000000003,100,-350.00000000000006,0,0,135.46644662092388,,,,,position_unresolved,,,,,,,0,0,146.30993247402023
-150.00000000000003,100,-300.00000000000006,0,0,88.915971441602963,,,,,position_unresolved,,,,,,,0,0,146.30993247402023
-150.00000000000003,100,-250,0,0,37.936771020241274,,,,,position_unresolved,,,,,,,0,0,146.30993247402023
-150.00000000000003,100,-200,1,0,0.00011147897564299373,,5.3708104739462526,157.90296685203188,0.00011147897564299373,orientation_unresolved,-0.6967676021797109,-1.9282968985624063,-0.80431322654513859,0.67087793043312827,-0.27333336925325113,-1.3781219481297817,0,0,146.30993247402023
-150.00000000000003,100,-150.00000000000003,1,0,7.2799812377249488e-05,,8.893712025969041,141.78194391857966,7.2799812377249488e-05,orientation_unresolved,-0.54834862922966343,-1.4743759376752106,-1.3955717692175214,-0.18194271182045366,-0.030324905046865965,-0.64051555510303826,0,0,146.30993247402023
-150.00000000000003,100,-100,1,0,0.00023101586055339324,,10.470820051561214,100.79181045495649,0.00023101586055339324,orientation_unresolved,0.14361315940429459,-1.7931160424429973,-0.56189947277660579,-0.87485132429590162,-1.3680460415113109,0.11445271320211839,0,0,146.30993247402023
-150.00000000000003,100,-50,1,0,4.6418072647799325e-05,,18.444779106799338,169.23621373915125,4.6418072647799325e-05,orientation_unresolved,-0.47549014998838285,-0.93463935197681314,-1.2288742015781893,-0.11100814666997764,-0.96004706508597459,-2.086112870796597e-17,0,0,146.30993247402023
-150.00000000000003,100,0,1,0,2.0797735218181967e-05,,8.306682550113905,118.81443160132581,2.0797735218181967e-05,orientation_unresolved,-0.12429232562219433,-0.88394032720916671,-1.0264394225455891,-0.51639727460005413,-1.40581736637745,-0.42318702421242471,0,0,146.30993247402023
-150.00000000000003,100,50,1,0,0.00016330854654264843,,0.16554831602853257,120.14730484668316,0.00016330854654264843,orientation_unresolved,-0.096285507426112693,-0.63078162472821575,-1.013398754623978,-0.54314165625045907,-1.5479069636090665,-0.42318702421242471,0,0,146.30993247402023
-150.00000000000003,100,100,1,0,2.1340903707727438e-05,,13.492916894919238,173.33084834035634,2.1340903707727438e-05,orientation_unresolved,-0.48203838634533142,-0.10336301383993696,-1.2402846303537582,-0.085996964184482286,-1.3153005012805861,1.3381506629340529e-17,0,0,146.30993247402023
-150.00000000000003,100,150.00000000000003,1,0,0.00034628347646008993,,13.205757826676386,174.84195764550648,0.00034628347646008993,orientation_unresolved,-0.48682596829328711,0.095039306874968574,-1.1739416518251933,-0.080089534621823083,-1.320312372498383,2.4700451951856263e-17,0,0,146.30993247402023
-150.00000000000003,100,200,1,0,4.7738817158703458e-05,,2.2720956054057981,80.896646182062611,4.7738817158703458e-05,orientation_unresolved,0.16273168276499697,-1.3661130594594408,-0.073797348428520884,1.031744340744674,2.0313690662393413,1.5111407775604715,0,0,146.30993247402023
-150.00000000000003,100,250,1,0,1.827644299533639e-05,,2.2657019746093408,65.234754699726835,1.827644299533639e-05,orientation_unresolved,0.30271300969989007,-0.84232385851533897,-0.39309687164691726,1.1970931021100473,1.8877891847956318,1.0830110348439275,0,0,146.30993247402023
-150.00000000000003,100,300.00000000000006,1,0,3.3246892158832169e-05,,32.122120430558624,177.83594037316979,3.3246892158832169e-05,orientation_unresolved,-0.50553233694902688,0.25267777436904915,-0.85192622967725151,-0.066579815105463624,-0.99015956255950999,6.5696768307699708e-17,0,0,146.30993247402023
-150.00000000000003,100,350.00000000000006,1,0,5.2870531660833577e-05,,23.899466273287434,122.35760688546499,5.2870531660833577e-05,orientation_unresolved,-0.60929171824676209,-1.6049108488951609,1.2726154701667884,-0.46116019487087939,0.14858971616402594,-0.81629908808736273,0,0,146.30993247402023
-150.00000000000003,100,400,1,0,0.00010966908612992681,,8.8182684343992506,137.83419678043393,0.00010966908612992681,orientation_unresolved,-1.1576268473627045,-0.35688979283627886,0.078410636013654472,1.0827292429309647,-0.85410497541448194,-1.1684197948462383,0,0,146.30993247402023
-150.00000000000003,100,450,0,0,10.504981289149086,,,,,position_unresolved,,,,,,,0,0,146.30993247402023
-150.00000000000003,150.00000000000003,-400,0,0,191.12205574213451,,,,,position_unresolved,,,,,,,0,0,135
-150.00000000000003,150.00000000000003,-350.00000000000006,0,0,142.4108044713112,,,,,position_unresolved,,,,,,,0,0,135
-150.00000000000003,150.00000000000003,-300.00000000000006,0,0,97.832185795925398,,,,,position_unresolved,,,,,,,0,0,135
-150.00000000000003,150.00000000000003,-250,0,0,45.911858820888042,,,,,position_unresolved,,,,,,,0,0,135
-150.00000000000003,150.00000000000003,-200,1,0,9.0031493460975606e-05,,0.46083214897517538,167.28471515580125,9.0031493460975606e-05,orientation_unresolved,-0.72823971186129177,-2.0139921865347077,-0.63599187890322084,-0.21398046079326433,-0.12002725021476252,-2.0369005762418333e-17,0,0,135
-150.00000000000003,150.00000000000003,-150.00000000000003,1,0,5.2847856008563942e-05,,13.461703151264501,167.75363252549292,5.2847856008563942e-05,orientation_unresolved,-1.0767152898991197,-1.7870841819177037,-0.58013547843346569,0.6658346714191925,-0.79266133352315249,-0.86814440631774903,0,0,135
-150.00000000000003,150.00000000000003,-100,1,0,0.00018799382705930102,,7.1838316142646548,104.90029031195593,0.00018799382705930102,orientation_unresolved,-1.042296751389336,-1.7566440684319911,-0.054043122051490193,0.41115987536004284,-1.4254148122171191,1.2878238618396631,0,0,135
-150.00000000000003,150.00000000000003,-50,1,0,4.6735135726191475e-05,,23.894987650552771,167.51019305022547,4.6735135726191475e-05,orientation_unresolved,-0.66771085728312884,-0.99232456989992646,-1.1337501175693665,-0.14367397262156043,-0.84983696519503882,2.5352130904561806e-17,0,0,135
-150.00000000000003,150.00000000000003,0,1,0,8.4036271359780478e-05,,8.5228663306300216,83.756923436649458,8.4036271359780478e-05,orientation_unresolved,-0.11997592721581056,-0.93282616135191465,-1.402044247618035,-1.0860724460825053,-1.1218423606754886,-0.15791836699960227,0,0,135
-150.00000000000003,150.00000000000003,50,1,0,6.0665929881540531e-05,,8.1909306302163767,112.72072334017818,6.0665929881540531e-05,orientation_unresolved,-0.85925514844972828,-0.64401872782300762,-0.83427433772924953,0.15491827111164233,-1.4078376184951666,1.3439522844866911,0,0,135
-150.00000000000003,150.00000000000003,100,1,0,0.00018592080986169115,,21.904135198237054,171.83944344075041,0.00018592080986169115,orientation_unresolved,-0.6708916196602438,-0.23409381288981382,-1.162104076934253,-0.11243933652739685,-1.1684970477836791,6.6943492754752408e-17,0,0,135
-150.00000000000003,150.00000000000003,150.00000000000003,1,0,4.060207981263531e-05,,6.1130741828345867,172.72779834169592,4.060207981263531e-05,orientation_unresolved,-1.3621149307263802,-1.6739793331157233,-0.12992452572439617,-1.0235199224369391,1.9781738059960361,0.9242414778113297,0,0,135
-150.00000000000003,150.00000000000003,200,1,0,2.6465759542524377e-05,,24.728446836997598,174.77861231122952,2.6465759542524377e-05,orientation_unresolved,-0.68126887638016742,0.053949061460518338,-1.0216094507144102,-0.099280203835263536,-1.119203510584911,-2.3270600545827904e-17,0,0,135
-150.00000000000003,150.00000000000003,250,1,0,2.8828332515948714e-05,,22.596870879177619,84.096621912299298,2.8828332515948714e-05,orientation_unresolved,-0.22695943045249617,0.045027759644217541,-0.95354143517168732,-0.84224726394624205,-1.1308229508183347,-1.0742116966685078,0,0,135
-150.00000000000003,150.00000000000003,300.00000000000006,1,0,3.0919307790608355e-05,,39.625273160081107,176.67150498753077,3.0919307790608355e-05,orientation_unresolved,-0.6972358170636056,0.078452950185940631,-0.78821624701253534,-0.089279755418959009,-0.85920484314934309,-8.681956551846317e-18,0,0,135
-150.00000000000003,150.00000000000003,350.00000000000006,1,0,7.8235524239505836e-05,,29.909921379143039,131.94786277485602,7.8235524239505836e-05,orientation_unresolved,-0.41141624812858213,-1.1313201330317977,1.2466780587658473,-0.5494607505072221,-1.0287697197162073,0.88868658549955937,0,0,135
-150.00000000000003,150.00000000000003,400,1,0,0.00020973914802475843,,11.754248481286163,115.50029986522163,0.00020973914802475843,orientation_unresolved,-0.5273339713658729,-0.95728560022554821,0.38889132303017426,1.0314867243399306,0.35219351139230548,6.6913187540094076e-18,0,0,135
-150.00000000000003,200,-400,0,0,199.38099017429954,,,,,position_unresolved,,,,,,,0,0,126.86989764584403
-150.00000000000003,200,-350.00000000000006,0,0,152.99197821162363,,,,,position_unresolved,,,,,,,0,0,126.86989764584403
-150.00000000000003,200,-300.00000000000006,0,0,105.87814858750305,,,,,position_unresolved,,,,,,,0,0,126.86989764584403
-150.00000000000003,200,-250,0,0,60.324695689165473,,,,,position_unresolved,,,,,,,0,0,126.86989764584403
-150.00000000000003,200,-200,0,0,21.890200943404668,,,,,position_unresolved,,,,,,,0,0,126.86989764584403
-150.00000000000003,200,-150.00000000000003,1,0,7.9946789052924423e-05,,10.109096836091195,135.14036253347425,7.9946789052924423e-05,orientation_unresolved,-1.0868876961641991,-1.8455982006406326,-0.43345597786236978,0.59059570857926358,-0.59008712711671407,0.12268730206981709,0,0,126.86989764584403
-150.00000000000003,200,-100,1,0,5.5959834598648327e-05,,22.430775807818186,133.35743046641988,5.5959834598648327e-05,orientation_unresolved,-1.1593054351717784,-1.5648712004095258,-0.54894565824130725,0.57908052452508429,-0.87895881241175355,0.12268730206981711,0,0,126.86989764584403
-150.00000000000003,200,-50,1,0,3.4646100846015044e-05,,5.4504521748854051,102.97922549884312,3.4646100846015044e-05,orientation_unresolved,-1.1414963777650882,-1.5716929831010644,0.015253099866853496,0.40802584900887945,-1.4556679906206604,1.2878238618396631,0,0,126.86989764584403
-150.00000000000003,200,0,1,0,4.407077658875068e-05,,2.4408239531152929,142.37475505777874,4.407077658875068e-05,orientation_unresolved,-0.8376429954905058,-1.9794348103899599,-1.2422931557348027,0.091626450005542967,2.008587443371002,-0.6601281984590871,0,0,126.86989764584403
-150.00000000000003,200,50,1,0,5.3599989155935694e-05,,9.9083757911071579,125.40216705719081,5.3599989155935694e-05,orientation_unresolved,-0.41310885547385173,-1.8134481270367566,-1.0059880944843005,0.88114155583926779,1.9119332968254437,0.87006055744382482,0,0,126.86989764584403
-150.00000000000003,200,100,1,0,2.9015516661870092e-05,,11.85129064168561,108.24510821178802,2.9015516661870092e-05,orientation_unresolved,-0.95763298240353922,-0.56104825697896687,-0.70031746050797616,0.11193285053216633,-1.2815780668920367,1.3439522844866911,0,0,126.86989764584403
-150.00000000000003,200,150.00000000000003,1,0,2.4870093710292568e-05,,31.356586750370131,172.51892255114393,2.4870093710292568e-05,orientation_unresolved,-0.82545462290387472,-0.247185830216963,-1.0035206458137085,-0.12268311737295193,-0.98749801127008197,2.5802935350394548e-17,0,0,126.86989764584403
-150.00000000000003,200,200,1,0,6.6105984011640431e-05,,14.122681277846848,163.69469558060277,6.6105984011640431e-05,orientation_unresolved,-1.3043090392867089,-1.1732368765908612,-1.0525528610798869,-0.7210682392606329,1.8330330144581282,0.16021355162693215,0,0,126.86989764584403
-150.00000000000003,200,250,1,0,4.5905575638192591e-05,,9.4745392544640996,146.86069117800281,4.5905575638192591e-05,orientation_unresolved,-1.3854344216950492,-1.6468886338611464,1.5140051402193764,0.99006698142662286,-1.1212955494152037,-0.81911192274530176,0,0,126.86989764584403
-150.00000000000003,200,300.00000000000006,1,0,4.4256594917737507e-05,,40.283267210295179,175.48820583841555,4.4256594917737507e-05,orientation_unresolved,-0.84772068051457472,-0.14654015662180198,-0.68531523537565253,-0.10700119009964044,-0.67725743058630883,-5.504137614120401e-17,0,0,126.86989764584403
-150.00000000000003,200,350.00000000000006,1,0,8.9846482590845683e-05,,39.453659584310905,175.83711628827487,8.9846482590845683e-05,orientation_unresolved,-0.8622000650876539,-0.27405813182108391,-0.49112088362314776,-0.10408580516768193,-0.43736158783771872,2.497478318683807e-17,0,0,126.86989764584403
-150.00000000000003,200,400,0,0,6.9400080414131358,,,,,position_unresolved,,,,,,,0,0,126.86989764584403
-150.00000000000003,250,-350.00000000000006,0,0,167.53076307050114,,,,,position_unresolved,,,,,,,0,0,120.96375653207355
-150.00000000000003,250,-300.00000000000006,0,0,123.97669386543087,,,,,position_unresolved,,,,,,,0,0,120.96375653207355
-150.00000000000003,250,-250,0,0,81.793162328033318,,,,,position_unresolved,,,,,,,0,0,120.96375653207355
-150.00000000000003,250,-200,0,0,39.550164227954838,,,,,position_unresolved,,,,,,,0,0,120.96375653207355
-150.00000000000003,250,-150.00000000000003,1,0,0.88163658796081978,,0,167.6494811710082,0.88163658796081978,orientation_unresolved,-1.0000244273099264,-2.0220352248333655,-0.3707391244494142,-0.22427673053218483,0.034569794823698652,-2.0054978587707012e-17,0,0,120.96375653207355
-150.00000000000003,250,-100,1,0,0.00019457915108301706,,2.3159667057722326,138.03129262587726,0.00019457915108301706,orientation_unresolved,-0.62780541253319422,-1.9199432022942986,-0.22299873984049801,-1.196215817053625,-0.78762730735084996,0.78306534319977428,0,0,120.96375653207355
-150.00000000000003,250,-50,1,0,6.3830866975791875e-05,,34.409893947418283,167.5655800465004,6.3830866975791875e-05,orientation_unresolved,-0.95023038215037892,-1.2446980794674181,-0.83397544696207349,-0.17883353137257998,-0.48902323320599433,-3.2379627589047113e-17,0,0,120.96375653207355
-150.00000000000003,250,0,1,0,4.5170119369816416e-05,,1.4609604598269912,78.209168929464369,4.5170119369816416e-05,orientation_unresolved,-1.0111658142585898,-0.8881344974889801,-1.3600762849118084,0.43805205317971102,-0.066332223533104723,1.5252977565294652,0,0,120.96375653207355
-150.00000000000003,250,50,1,0,9.4448220723948411e-05,,34.940014092787472,169.54486408383377,9.4448220723948411e-05,orientation_unresolved,-0.94097804018253561,-0.77733960551831482,-0.92357968871313567,-0.15225712655337442,-0.72434111080552477,-3.9249441350709661e-17,0,0,120.96375653207355
-150.00000000000003,250,100,1,0,5.4912489682931118e-05,,7.6761633079390643,130.88369236904231,5.4912489682931118e-05,orientation_unresolved,-1.4052961449190737,-0.75883465956001761,-0.94913060578605568,1.1026627377916012,-0.95763928731491421,-0.34828819827807689,0,0,120.96375653207355
-150.00000000000003,250,150.00000000000003,1,0,7.8636315756245109e-05,,4.9894319064777246,133.59028372977423,7.8636315756245109e-05,orientation_unresolved,-1.4207470818089296,-0.6352334928107789,-0.89127145605053382,1.1495550468638231,-0.97577266421552622,-0.34828819827807689,0,0,120.96375653207355
-150.00000000000003,250,200,1,0,0.00013218916410963303,,34.453123563750978,172.9126832048218,0.00013218916410963303,orientation_unresolved,-0.9494758830109995,-0.39065921873701065,-0.79012817163312787,-0.13009197262633859,-0.71391874625584917,-5.0943033889122305e-17,0,0,120.96375653207355
-150.00000000000003,250,250,1,0,9.2164608743675199e-05,,18.172873760851235,155.59602051362813,9.2164608743675199e-05,orientation_unresolved,-1.0738410963878962,-0.79396248310765305,-1.2336198451187579,-0.15182550843869005,1.2364926548906265,-0.33450300515436648,0,0,120.96375653207355
-150.00000000000003,250,300.00000000000006,1,0,0.00012095245776204338,,0,97.832079034798568,0.00012095245776204338,orientation_unresolved,-0.68184317721781884,-1.3062316859967522,0.40767755046873488,1.2366370614359172,0.64268429131341231,5.4665819472819883e-17,0,0,120.96375653207355
-150.00000000000003,250,350.00000000000006,1,0,0.16514589195395962,,0,113.35023037621296,0.16514589195395962,orientation_unresolved,-0.99351252201397633,-0.87245560552102874,0.0089304408402848014,1.2366370614359172,0.0044913822406580468,-1.4875828779052969e-16,0,0,120.96375653207355
-150.00000000000003,300.00000000000006,-350.00000000000006,0,0,188.66077430387048,,,,,position_unresolved,,,,,,,0,0,116.56505117707799
-150.00000000000003,300.00000000000006,-300.00000000000006,0,0,147.52805189959801,,,,,position_unresolved,,,,,,,0,0,116.56505117707799
-150.00000000000003,300.00000000000006,-250,0,0,104.65587386353282,,,,,position_unresolved,,,,,,,0,0,116.56505117707799
-150.00000000000003,300.00000000000006,-200,0,0,68.843050050140988,,,,,position_unresolved,,,,,,,0,0,116.56505117707799
-150.00000000000003,300.00000000000006,-150.00000000000003,0,0,34.811109037449988,,,,,position_unresolved,,,,,,,0,0,116.56505117707799
-150.00000000000003,300.00000000000006,-100,0,0,3.2097797510143735,,,,,position_unresolved,,,,,,,0,0,116.56505117707799
-150.00000000000003,300.00000000000006,-50,1,0,0.00015709279614396912,,1.4609604598269912,76.709912305941614,0.00015709279614396912,orientation_unresolved,-1.0430237853492568,-1.5128942399953689,-0.76683168887863862,0.42468726904369924,0.16694732095478473,1.5252977565294652,0,0,116.56505117707799
-150.00000000000003,300.00000000000006,0,1,0,0.00010054050524629441,,1.4609604598269912,74.813019319078919,0.00010054050524629441,orientation_unresolved,-1.0550309599626944,-1.19443447571479,-0.99543761968362077,0.4340126159403967,0.10311772941157543,1.5252977565294652,0,0,116.56505117707799
-150.00000000000003,300.00000000000006,50,1,0,0.00016937277673420508,,29.184681144971872,169.50681600330105,0.00016937277673420508,orientation_unresolved,-1.0414275496704288,-1.0190895416707719,-0.72133856339256242,-0.16474333706716782,-0.45326942748261939,-8.0283526033075929e-18,0,0,116.56505117707799
-150.00000000000003,300.00000000000006,100,1,0,7.7657784435218691e-05,,7.5323047512937977,149.3801278940289,7.7657784435218691e-05,orientation_unresolved,-1.4193328086212071,-1.6523317457634574,0.62046524420125915,0.90814302171666172,-1.1123360693526945,-0.15170109900110804,0,0,116.56505117707799
-150.00000000000003,300.00000000000006,150.00000000000003,1,0,8.2667924435962566e-05,,21.375784991731393,102.90250147381974,8.2667924435962566e-05,orientation_unresolved,-0.90010210426126502,-1.4740876983588569,0.78707821933376787,-0.40793609158827332,-1.1777184984907949,-1.1239249379993965,0,0,116.56505117707799
-150.00000000000003,300.00000000000006,200,1,0,9.272699601901544e-05,,6.8883643435236559,156.20553600416818,9.272699601901544e-05,orientation_unresolved,-1.1039994467298802,-1.9018105869619,1.0058786747499369,0.33908117733799426,-0.17968360768975083,0.10983775180503945,0,0,116.56505117707799
-150.00000000000003,300.00000000000006,250,1,0,0.00019978088522250862,,14.146473027449659,110.18358722999845,0.00019978088522250862,orientation_unresolved,-1.074471940065544,-1.0031067327292218,-0.64141150672039848,0.0039047599001521592,0.69452709411900959,-1.3038937949213298,0,0,116.56505117707799
-150.00000000000003,300.00000000000006,300.00000000000006,0,0,6.0595043567147755,,,,,position_unresolved,,,,,,,0,0,116.56505117707799
-150.00000000000003,300.00000000000006,350.00000000000006,0,0,33.860271148056377,,,,,position_unresolved,,,,,,,0,0,116.56505117707799
-150.00000000000003,350.00000000000006,-300.00000000000006,0,0,171.89733496587257,,,,,position_unresolved,,,,,,,0,0,113.1985905136482
-150.00000000000003,350.00000000000006,-250,0,0,134.59753375660657,,,,,position_unresolved,,,,,,,0,0,113.1985905136482
-150.00000000000003,350.00000000000006,-200,0,0,99.102004215911023,,,,,position_unresolved,,,,,,,0,0,113.1985905136482
-150.00000000000003,350.00000000000006,-150.00000000000003,0,0,68.330915665035363,,,,,position_unresolved,,,,,,,0,0,113.1985905136482
-150.00000000000003,350.00000000000006,-100,0,0,41.891969791070103,,,,,position_unresolved,,,,,,,0,0,113.1985905136482
-150.00000000000003,350.00000000000006,-50,0,0,21.560601609024197,,,,,position_unresolved,,,,,,,0,0,113.1985905136482
-150.00000000000003,350.00000000000006,0,0,0,6.5628881070263647,,,,,position_unresolved,,,,,,,0,0,113.1985905136482
-150.00000000000003,350.00000000000006,50,1,0,0.00044930559576035966,,7.1769521161706455,146.03906078914497,0.00044930559576035966,orientation_unresolved,-1.112386508838082,-1.5299711430367495,-0.25321277198451003,1.1113756167507649,0.066015760552519745,-0.50487753307293437,0,0,113.1985905136482
-150.00000000000003,350.00000000000006,100,1,0,0.00025465285892244788,,13.376025029540013,61.618551023031301,0.00025465285892244788,orientation_unresolved,-1.2599614519517848,-1.5772916841251714,0.13964596294112802,1.0031813838412722,-0.35159215847461456,1.0986144366216963,0,0,113.1985905136482
-150.00000000000003,350.00000000000006,150.00000000000003,1,0,0.00040921367587592008,,23.618244165917051,170.73818697878451,0.00040921367587592008,orientation_unresolved,-1.138580202559702,-1.2990981876275418,-0.20712141711201928,-0.16284479413352393,0.018712948485884135,-1.5120290635863012e-17,0,0,113.1985905136482
-150.00000000000003,350.00000000000006,200,0,0,8.3197340477927959,,,,,position_unresolved,,,,,,,0,0,113.1985905136482
-150.00000000000003,350.00000000000006,250,0,0,24.097880023495158,,,,,position_unresolved,,,,,,,0,0,113.1985905136482
-150.00000000000003,350.00000000000006,300.00000000000006,0,0,45.069088562810173,,,,,position_unresolved,,,,,,,0,0,113.1985905136482
-150.00000000000003,400,-200,0,0,134.6435126047065,,,,,position_unresolved,,,,,,,0,0,110.55604521958348
-150.00000000000003,400,-150.00000000000003,0,0,106.56205846956715,,,,,position_unresolved,,,,,,,0,0,110.55604521958348
-150.00000000000003,400,-100,0,0,83.190099010934603,,,,,position_unresolved,,,,,,,0,0,110.55604521958348
-150.00000000000003,400,-50,0,0,64.748011515135374,,,,,position_unresolved,,,,,,,0,0,110.55604521958348
-150.00000000000003,400,0,0,0,51.21742389914936,,,,,position_unresolved,,,,,,,0,0,110.55604521958348
-150.00000000000003,400,50,0,0,43.057887844467075,,,,,position_unresolved,,,,,,,0,0,110.55604521958348
-150.00000000000003,400,100,0,0,40.574153535635105,,,,,position_unresolved,,,,,,,0,0,110.55604521958348
-150.00000000000003,400,150.00000000000003,0,0,43.863484325828345,,,,,position_unresolved,,,,,,,0,0,110.55604521958348
-150.00000000000003,400,200,0,0,52.797532665516258,,,,,position_unresolved,,,,,,,0,0,110.55604521958348
-150.00000000000003,450,-100,0,0,126.06503459429547,,,,,position_unresolved,,,,,,,0,0,108.43494882292202
-150.00000000000003,450,-50,0,0,109.20620747847578,,,,,position_unresolved,,,,,,,0,0,108.43494882292202
-150.00000000000003,450,0,0,0,96.910083929405943,,,,,position_unresolved,,,,,,,0,0,108.43494882292202
-150.00000000000003,450,50,0,0,89.527054389240348,,,,,position_unresolved,,,,,,,0,0,108.43494882292202
-150.00000000000003,450,100,0,0,87.284695552763779,,,,,position_unresolved,,,,,,,0,0,108.43494882292202
-100,-450,-150.00000000000003,0,0,134.3481147366484,,,,,position_unresolved,,,,,,,0,0,-102.52880770915151
-100,-450,-100,0,0,112.64297870614652,,,,,position_unresolved,,,,,,,0,0,-102.52880770915151
-100,-450,-50,0,0,95.319082496255689,,,,,position_unresolved,,,,,,,0,0,-102.52880770915151
-100,-450,0,0,0,82.662590880892694,,,,,position_unresolved,,,,,,,0,0,-102.52880770915151
-100,-450,50,0,0,75.053913190308847,,,,,position_unresolved,,,,,,,0,0,-102.52880770915151
-100,-450,100,0,0,72.741576742909643,,,,,position_unresolved,,,,,,,0,0,-102.52880770915151
-100,-450,150.00000000000003,0,0,75.804295181610257,,,,,position_unresolved,,,,,,,0,0,-102.52880770915151
-100,-400,-250,0,0,154.7439254400694,,,,,position_unresolved,,,,,,,0,0,-104.0362434679265
-100,-400,-200,0,0,121.94260510740456,,,,,position_unresolved,,,,,,,0,0,-104.0362434679265
-100,-400,-150.00000000000003,0,0,92.768176933877967,,,,,position_unresolved,,,,,,,0,0,-104.0362434679265
-100,-400,-100,0,0,68.517409898689195,,,,,position_unresolved,,,,,,,0,0,-104.0362434679265
-100,-400,-50,0,0,49.461405800780646,,,,,position_unresolved,,,,,,,0,0,-104.0362434679265
-100,-400,0,0,0,35.44606927488492,,,,,position_unresolved,,,,,,,0,0,-104.0362434679265
-100,-400,50,0,0,26.978767403321527,,,,,position_unresolved,,,,,,,0,0,-104.0362434679265
-100,-400,100,0,0,24.39890466875325,,,,,position_unresolved,,,,,,,0,0,-104.0362434679265
-100,-400,150.00000000000003,0,0,27.815293417038394,,,,,position_unresolved,,,,,,,0,0,-104.0362434679265
-100,-400,200,0,0,37.084395884736672,,,,,position_unresolved,,,,,,,0,0,-104.0362434679265
-100,-400,250,0,0,51.838853308966065,,,,,position_unresolved,,,,,,,0,0,-104.0362434679265
-100,-350.00000000000006,-300.00000000000006,0,0,161.35286383624143,,,,,position_unresolved,,,,,,,0,0,-105.94539590092285
-100,-350.00000000000006,-250,0,0,122.01240808204544,,,,,position_unresolved,,,,,,,0,0,-105.94539590092285
-100,-350.00000000000006,-200,0,0,85.549816353450851,,,,,position_unresolved,,,,,,,0,0,-105.94539590092285
-100,-350.00000000000006,-150.00000000000003,0,0,53.461298699936634,,,,,position_unresolved,,,,,,,0,0,-105.94539590092285
-100,-350.00000000000006,-100,0,0,25.892663781966757,,,,,position_unresolved,,,,,,,0,0,-105.94539590092285
-100,-350.00000000000006,-50,0,0,4.6087081953580693,,,,,position_unresolved,,,,,,,0,0,-105.94539590092285
-100,-350.00000000000006,0,1,0,0.00018102815388093495,,0.31588434028594498,151.28549733161262,0.00018102815388093495,orientation_unresolved,1.4406655022487014,-1.7926381633880561,0.11898470197635726,-0.97870601969736404,-0.50839117605545991,1.5452831050014166,0,0,-105.94539590092285
-100,-350.00000000000006,50,1,0,0.00014377118071954578,,7.7959551042158948,104.33924165732897,0.00014377118071954578,orientation_unresolved,1.4147312418886715,-1.7284743887879155,0.46005815643419051,-0.52327420110440581,-0.76500814716772081,-0.8716088703207151,0,0,-105.94539590092285
-100,-350.00000000000006,100,1,0,0.00011259989265937654,,14.634332922524425,162.57384624124077,0.00011259989265937654,orientation_unresolved,1.2953790334638411,-1.1027561854125234,-0.43730621763740396,-0.20593761348014283,-0.38882012487558043,0.51433967206133946,0,0,-105.94539590092285
-100,-350.00000000000006,150.00000000000003,1,0,0.00012552382813233853,,10.52009487417946,86.472062602610706,0.00012552382813233853,orientation_unresolved,1.3671860336182864,-1.1087030572682974,-0.16665953753359633,-0.47439561539750469,-0.55181855773455013,-1.2060941634289728,0,0,-105.94539590092285
-100,-350.00000000000006,200,1,0,0.00023046464171977505,,11.950622018182873,85.335450379623069,0.00023046464171977505,orientation_unresolved,1.3422186249162757,-1.0963118390311923,-0.077002046543795027,-0.48954395068025242,-0.40033387691889261,-1.2060941634289728,0,0,-105.94539590092285
-100,-350.00000000000006,250,0,0,7.254001863132534,,,,,position_unresolved,,,,,,,0,0,-105.94539590092285
-100,-350.00000000000006,300.00000000000006,0,0,29.066958948213379,,,,,position_unresolved,,,,,,,0,0,-105.94539590092285
-100,-300.00000000000006,-350.00000000000006,0,0,178.7907397693767,,,,,position_unresolved,,,,,,,0,0,-108.43494882292201
-100,-300.00000000000006,-300.00000000000006,0,0,135.55982753514263,,,,,position_unresolved,,,,,,,0,0,-108.43494882292201
-100,-300.00000000000006,-250,0,0,92.280199811900687,,,,,position_unresolved,,,,,,,0,0,-108.43494882292201
-100,-300.00000000000006,-200,0,0,53.563278936078852,,,,,position_unresolved,,,,,,,0,0,-108.43494882292201
-100,-300.00000000000006,-150.00000000000003,0,0,16.971042985018236,,,,,position_unresolved,,,,,,,0,0,-108.43494882292201
-100,-300.00000000000006,-100,1,0,0.00014132713493580375,,11.972401632852058,99.886757429197132,0.00014132713493580375,orientation_unresolved,1.1203597942756733,-1.8130773969689518,-0.21415341832776319,0.4464534778238104,-0.43832721091642973,1.0163149748277831,0,0,-108.43494882292201
-100,-300.00000000000006,-50,1,0,7.03504591753483e-05,,21.558938277780403,165.40263683692899,7.03504591753483e-05,orientation_unresolved,1.1745218706133926,-1.3634066591533831,-0.71183159002372454,0.22462287354101046,-0.35186677744889838,-1.8191208934284056e-17,0,0,-108.43494882292201
-100,-300.00000000000006,0,1,0,5.7012323799289792e-05,,14.179094874093359,142.98924234232882,5.7012323799289792e-05,orientation_unresolved,1.0242739382059742,-1.7414503440873783,0.57275772030015426,0.3944622793409438,-1.3033244362893166,-1.1007379434946731,0,0,-108.43494882292201
-100,-300.00000000000006,50,1,0,7.5464370163296439e-05,,4.9205527477507909,166.41618350186394,7.5464370163296439e-05,orientation_unresolved,1.4649164803285912,-1.3101004960565399,-1.3393937462769763,0.54744843447645275,1.2282246121510452,-0.47670139009172097,0,0,-108.43494882292201
-100,-300.00000000000006,100,1,0,5.3794206879233864e-05,,22.479968276214397,168.62267285011865,5.3794206879233864e-05,orientation_unresolved,1.1584468646310813,-0.72860346034691992,-0.81277697502023538,0.18157093267120109,-0.64394736863510449,-2.2684051214860644e-17,0,0,-108.43494882292201
-100,-300.00000000000006,150.00000000000003,1,0,9.4163251667147692e-05,,11.804086360910087,161.33039473225713,9.4163251667147692e-05,orientation_unresolved,1.3447761546072599,-0.95307006325012678,0.040656119453149321,-0.27801549413479038,-1.2225810416062912,0.53720901491176043,0,0,-108.43494882292201
-100,-300.00000000000006,200,1,0,7.0573079829263117e-05,,8.2118734933708986,90.682314783311625,7.0573079829263117e-05,orientation_unresolved,1.4074720965783256,-0.73489224677172227,-0.26159370744480076,-0.48948577611172966,-0.94066492472554519,-1.2060941634289728,0,0,-108.43494882292201
-100,-300.00000000000006,250,1,0,7.7493700494197598e-05,,11.947093265196127,101.90526728267494,7.7493700494197598e-05,orientation_unresolved,1.1930683650597618,-1.0882927678360117,0.6113087837868868,0.045760081783999866,-1.0749842016960647,1.3422802132743841,0,0,-108.43494882292201
-100,-300.00000000000006,300.00000000000006,1,0,0.00018263410238550493,,20.347934463612312,171.88628783993749,0.00018263410238550493,orientation_unresolved,1.1956578744248354,-0.66976802306230598,-0.35696415723159802,0.16196897758296508,-0.21962915943300879,9.7094729729540877e-17,0,0,-108.43494882292201
-100,-300.00000000000006,350.00000000000006,0,0,17.419208656987632,,,,,position_unresolved,,,,,,,0,0,-108.43494882292201
-100,-250,-400,0,0,206.44277466314435,,,,,position_unresolved,,,,,,,0,0,-111.80140948635182
-100,-250,-350.00000000000006,0,0,159.67465332272639,,,,,position_unresolved,,,,,,,0,0,-111.80140948635182
-100,-250,-300.00000000000006,0,0,113.69889225184012,,,,,position_unresolved,,,,,,,0,0,-111.80140948635182
-100,-250,-250,0,0,67.90992444895835,,,,,position_unresolved,,,,,,,0,0,-111.80140948635182
-100,-250,-200,0,0,26.27980400930263,,,,,position_unresolved,,,,,,,0,0,-111.80140948635182
-100,-250,-150.00000000000003,1,0,0.0001561631607803193,,6.4330333479005493,75.174158516482223,0.0001561631607803193,orientation_unresolved,0.93474229584431512,-1.9097576120219071,-0.46834643830374073,1.0556894814872047,-0.42578031490695151,0.87207611586633349,0,0,-111.80140948635182
-100,-250,-100,1,0,4.6853229077462376e-05,,26.399129455708973,163.13789944610835,4.6853229077462376e-05,orientation_unresolved,1.0900445981325564,-1.4391894152350062,-0.83163840561478264,0.24308629265591072,-0.43004483205209726,1.7220205879551735e-17,0,0,-111.80140948635182
-100,-250,-50,1,0,7.6880294599402811e-05,,27.99483224850793,118.97420355819814,7.6880294599402811e-05,orientation_unresolved,1.0287588468891276,-1.1204642576130086,-1.0621943305149457,0.42991899168692094,-0.50933636482618883,0.66069144295511284,0,0,-111.80140948635182
-100,-250,0,1,0,2.9896707952554256e-05,,27.626596438846676,165.33214362930437,2.9896707952554256e-05,orientation_unresolved,1.0686212578172818,-0.89505654976756233,-0.9941156577324427,0.19857922541130435,-0.76327600841823573,-6.0927190619902232e-17,0,0,-111.80140948635182
-100,-250,50,1,0,4.1514086503039801e-05,,21.423829011490866,147.20733310406499,4.1514086503039801e-05,orientation_unresolved,1.0285742388511663,-0.61447080939568766,-1.1768799721600989,0.3182801208592671,-0.70813745269034944,0.21414526860371408,0,0,-111.80140948635182
-100,-250,100,1,0,1.8634959778800745e-05,,10.788707145556472,127.25467338655379,1.8634959778800745e-05,orientation_unresolved,1.0162607664350569,-0.74078754437519323,-0.42596690351122463,0.23113267403951965,-1.3624978650714969,-1.2943968481669195,0,0,-111.80140948635182
-100,-250,150.00000000000003,1,0,2.1376419768159793e-05,,10.596792324714253,122.50804623812026,2.1376419768159793e-05,orientation_unresolved,1.0122588402131407,-0.60195997440976179,-0.3627358135909034,0.23798721243544121,-1.3658474105785687,-1.2943968481669195,0,0,-111.80140948635182
-100,-250,200,1,0,3.3559204306689908e-05,,7.3915388472377961,95.320476770165541,3.3559204306689908e-05,orientation_unresolved,1.4217896371215308,-0.49850463831596792,-0.36679239751928933,-0.49395598280768027,-1.2726765802130384,-1.2060941634289728,0,0,-111.80140948635182
-100,-250,250,1,0,4.6302007339910219e-05,,26.549474003794856,172.68396149271985,4.6302007339910219e-05,orientation_unresolved,1.0874205907560348,-0.22092262527335085,-0.75773677935410866,0.15292387517564882,-0.75840105841552297,3.0763846627367136e-17,0,0,-111.80140948635182
-100,-250,300.00000000000006,1,0,0.00013672701764407124,,12.222332884926148,145.37136495016628,0.00013672701764407124,orientation_unresolved,0.68907852016583171,-0.73190671965867782,-0.62500049914283262,-1.0233171103191787,1.0705234392303682,0.65443901732398846,0,0,-111.80140948635182
-100,-250,350.00000000000006,1,0,0.00014371383204788205,,0,98.665977029862631,0.00014371383204788205,orientation_unresolved,0.85265823842968824,-1.013189276460321,0.20395093208403745,-1.2366370614359172,0.54937166243578628,-1.6832648554327831e-16,0,0,-111.80140948635182
-100,-250,400,0,0,17.84746544402098,,,,,position_unresolved,,,,,,,0,0,-111.80140948635182
-100,-200,-400,0,0,194.3259176753015,,,,,position_unresolved,,,,,,,0,0,-116.56505117707799
-100,-200,-350.00000000000006,0,0,146.51363904521946,,,,,position_unresolved,,,,,,,0,0,-116.56505117707799
-100,-200,-300.00000000000006,0,0,96.597928443922385,,,,,position_unresolved,,,,,,,0,0,-116.56505117707799
-100,-200,-250,0,0,50.157894325243831,,,,,position_unresolved,,,,,,,0,0,-116.56505117707799
-100,-200,-200,0,0,5.2326606550606076,,,,,position_unresolved,,,,,,,0,0,-116.56505117707799
-100,-200,-150.00000000000003,1,0,0.00010445655369303377,,3.294579603554423,172.33519852070862,0.00010445655369303377,orientation_unresolved,0.63542768941978867,-1.9645339632822914,-1.1596347307648047,-0.80501990176910709,0.93846720892420943,0.26232178896703789,0,0,-116.56505117707799
-100,-200,-100,1,0,7.0724843796463347e-05,,30.655385783790308,161.18181784280478,7.0724843796463347e-05,orientation_unresolved,0.96183877982693189,-1.3056814170067059,-1.0157589113986931,0.23656342361071597,-0.63319236387883171,-2.510916267238606e-17,0,0,-116.56505117707799
-100,-200,-50,1,0,4.9277049951975806e-05,,9.3257833038807512,141.92407115574943,4.9277049951975806e-05,orientation_unresolved,0.99131649126980637,-1.3192197088665607,-0.40261558265128156,0.099052187598902358,-1.3880307028146626,0.71377008088152305,0,0,-116.56505117707799
-100,-200,0,1,0,0.00017107001481150608,,0.12908090379297574,122.61309579061867,0.00017107001481150608,orientation_unresolved,0.61246073177843086,-1.9844647849073147,-1.3801476818387897,-0.77625597080178199,2.082614191132524,0.82156895946889286,0,0,-116.56505117707799
-100,-200,50,1,0,8.6747289818511259e-06,,22.417640362980091,166.22067900627621,8.6747289818511259e-06,orientation_unresolved,0.95048170465609083,-0.49495508996253179,-1.1595346919329172,0.17639603279562618,-1.0781040844684007,1.9458302078669298e-17,0,0,-116.56505117707799
-100,-200,100,1,0,9.5433526849686239e-05,,23.731086651782043,168.40751120746251,9.5433526849686239e-05,orientation_unresolved,0.95456780531297014,-0.27745118678908481,-1.1319605017827921,0.16485365387022,-1.1366107296452228,4.3609742512753864e-17,0,0,-116.56505117707799
-100,-200,150.00000000000003,1,0,5.0170262298343441e-05,,23.476761457862963,170.50279537528849,5.0170262298343441e-05,orientation_unresolved,0.9602788000477247,-0.10832702807141949,-1.0736903548159964,0.15558447394128302,-1.1410495416498838,8.974011881886706e-18,0,0,-116.56505117707799
-100,-200,200,1,0,0.00013954824198923011,,9.8044070277916067,154.39023185900041,0.00013954824198923011,orientation_unresolved,1.3796771429542618,-0.11422704267983892,-0.81091173587783039,-0.48018020749558138,-1.282592928295881,-0.098318648212201917,0,0,-116.56505117707799
-100,-200,250,1,0,8.0903144891627079e-05,,5.380636578201984,125.49557608309208,8.0903144891627079e-05,orientation_unresolved,0.70256516582660145,-1.9281254006904995,0.92236411423489162,-0.61550486909398816,1.0265200386653472,-0.098226860051924159,0,0,-116.56505117707799
-100,-200,300.00000000000006,1,0,0.00012179247325158462,,12.895575632590146,161.38887116022744,0.00012179247325158462,orientation_unresolved,1.2807885574019473,-0.27830353113984957,-0.070007089594578673,-0.32362013651970706,-1.3257260730662479,0.42901924621488829,0,0,-116.56505117707799
-100,-200,350.00000000000006,1,0,0.00010544856587285985,,19.12612844382474,178.98789839152838,0.00010544856587285985,orientation_unresolved,1.0454005270503359,0.019423385288145419,-1.2169824122908155,-0.094232404159669131,0.22538340671436352,0.13584509483444562,0,0,-116.56505117707799
-100,-200,400,1,0,0.00021406163362462644,,29.406276462325327,175.18183310021641,0.00021406163362462644,orientation_unresolved,1.0375599817756094,-0.33641256313714968,-0.30194093199637745,0.12941225266911946,-0.25126435132591818,-6.3190573209434795e-17,0,0,-116.56505117707799
-100,-150.00000000000003,-450,0,0,235.14498137562879,,,,,position_unresolved,,,,,,,0,0,-123.69006752597979
-100,-150.00000000000003,-400,0,0,185.49364738360202,,,,,position_unresolved,,,,,,,0,0,-123.69006752597979
-100,-150.00000000000003,-350.00000000000006,0,0,136.36244093861018,,,,,position_unresolved,,,,,,,0,0,-123.69006752597979
-100,-150.00000000000003,-300.00000000000006,0,0,87.081195697411886,,,,,position_unresolved,,,,,,,0,0,-123.69006752597979
-100,-150.00000000000003,-250,0,0,39.525399068208714,,,,,position_unresolved,,,,,,,0,0,-123.69006752597979
-100,-150.00000000000003,-200,1,0,5.1197923001780954e-05,,2.1083444702990666,166.93078241047982,5.1197923001780954e-05,orientation_unresolved,1.070698743559795,-1.985237672060431,-0.56580485604002773,-0.32732745421013221,-0.52878597229420199,0.20562362098811565,0,0,-123.69006752597979
-100,-150.00000000000003,-150.00000000000003,1,0,3.0261207911103953e-05,,26.997520708458111,158.98427248046403,3.0261207911103953e-05,orientation_unresolved,0.81439518431867719,-1.5508395985954193,-1.0211273428016614,0.25605297449954234,-0.54931744946589156,-2.093041664602182e-17,0,0,-123.69006752597979
-100,-150.00000000000003,-100,1,0,3.0275379277324402e-05,,22.685895948192293,159.6582046383003,3.0275379277324402e-05,orientation_unresolved,0.79527829685128459,-1.2375936597263275,-1.1548527487341,0.22109306881227817,-0.77907478465561741,3.8762190613652809e-17,0,0,-123.69006752597979
-100,-150.00000000000003,-50,1,0,3.5206471434101278e-05,,6.3784354760292095,90.24482993542162,3.5206471434101278e-05,orientation_unresolved,1.3960341209478155,-1.1395689640879108,-1.0719055579630141,-0.58771426899070223,-1.2073085001732811,-1.439471626612175,0,0,-123.69006752597979
-100,-150.00000000000003,0,1,0,3.9695421426132366e-05,,15.410083082961034,163.18509799456501,3.9695421426132366e-05,orientation_unresolved,0.79010452047089141,-0.64091519428958588,-1.281839638991348,0.17677287589584487,-1.1427346844862374,-1.7107492697869692e-17,0,0,-123.69006752597979
-100,-150.00000000000003,50,1,0,2.8307396145058046e-05,,7.3876633200645427,144.06992245965606,2.8307396145058046e-05,orientation_unresolved,0.73021412850007072,-0.28303597963961902,-1.4218572778309546,0.25151692422889199,-1.1581570004876762,0.32171803180055525,0,0,-123.69006752597979
-100,-150.00000000000003,100,1,0,1.9594330608470199e-05,,12.05699059039982,168.46946641192721,1.9594330608470199e-05,orientation_unresolved,0.80210712114359362,-0.097545523522024682,-1.2427077283001351,0.15082538710136492,-1.3403621431104447,-1.1834345216613444e-17,0,0,-123.69006752597979
-100,-150.00000000000003,150.00000000000003,1,0,6.8235900732672422e-05,,2.6090218406177903,37.405891480647178,6.8235900732672422e-05,orientation_unresolved,-1.5052603054196734,-0.34835718737104765,1.836427056199357,-0.99983367946199286,1.0957138622160065,1.4719904644289687,0,0,-123.69006752597979
-100,-150.00000000000003,200,1,0,2.7283400928519916e-05,,7.8468122048433679,115.85735800750822,2.7283400928519916e-05,orientation_unresolved,0.33294477905178188,-1.885082516073173,0.64989246337598106,-0.71239737372289791,1.7122046468837639,-0.07725240828667311,0,0,-123.69006752597979
-100,-150.00000000000003,250,1,0,0.00017530034435450434,,18.894501312606891,116.73776298112026,0.00017530034435450434,orientation_unresolved,0.37986663138833071,-1.6922639664059849,0.62961234404401867,-0.6469115068388237,1.5127451985865723,-0.077252408286673097,0,0,-123.69006752597979
-100,-150.00000000000003,300.00000000000006,1,0,2.5053515923455879e-05,,30.400331427898777,176.19191700520588,2.5053515923455879e-05,orientation_unresolved,0.83993634496237224,0.2625534489555002,-0.83998294650588878,0.12111192052581374,-1.0202104496805537,-1.7689331620030955e-17,0,0,-123.69006752597979
-100,-150.00000000000003,350.00000000000006,1,0,5.2218416586726318e-05,,5.9723319336633187,114.58044135468232,5.2218416586726318e-05,orientation_unresolved,0.086719696314576697,-0.14735534199736888,-0.13619789310516786,1.1324002051714928,-1.2523562256388894,0.87518030450950435,0,0,-123.69006752597979
-100,-150.00000000000003,400,1,0,9.5348601799662128e-05,,38.280617844644091,177.28462738391781,9.5348601799662128e-05,orientation_unresolved,0.88267350570816194,-0.010375558119673825,-0.4755672319235929,0.10843995312319832,-0.52074712272694068,4.203343058237633e-17,0,0,-123.69006752597979
-100,-150.00000000000003,450,0,0,9.0078124237075077,,,,,position_unresolved,,,,,,,0,0,-123.69006752597979
-100,-100,-450,0,0,230.17758077700367,,,,,position_unresolved,,,,,,,0,0,-135
-100,-100,-400,0,0,181.73255690913345,,,,,position_unresolved,,,,,,,0,0,-135
-100,-100,-350.00000000000006,0,0,131.3973981459595,,,,,position_unresolved,,,,,,,0,0,-135
-100,-100,-300.00000000000006,0,0,81.079898166220715,,,,,position_unresolved,,,,,,,0,0,-135
-100,-100,-250,0,0,29.422012569024933,,,,,position_unresolved,,,,,,,0,0,-135
-100,-100,-200,1,0,4.9350664693074778e-05,,8.8583551392128452,160.24905409341881,4.9350664693074778e-05,orientation_unresolved,0.62822312325288965,-1.8674277613431407,-0.93387174589344379,0.25515982263969944,-0.37660737513350345,2.0945209802201288e-17,0,0,-135
-100,-100,-150.00000000000003,1,0,3.5395935146108521e-05,,19.446592198613651,152.6594872836711,3.5395935146108521e-05,orientation_unresolved,1.062245706181475,-1.6826281626749142,-0.82192433734905834,-0.37894567598046935,-0.95679591580206313,0.20562362098811565,0,0,-135
-100,-100,-100,1,0,5.7550372970380682e-06,,15.671615763852907,162.911422350289,5.7550372970380682e-06,orientation_unresolved,0.65569973988523267,-1.1993287572640738,-1.2772750326082172,0.089631088462280795,-0.85484554504661847,-0.76303908507526952,0,0,-135
-100,-100,-50,1,0,0.00010710839666035715,,6.3784354760292095,93.732702624600918,0.00010710839666035715,orientation_unresolved,1.337596477475629,-1.1648325143293825,-1.1886147991067793,-0.57644609211135733,-1.3227337612166401,-1.439471626612175,0,0,-135
-100,-100,0,1,0,3.2124204276450233e-05,,13.69272684988649,107.76366184979683,3.2124204276450233e-05,orientation_unresolved,-1.2731491476237429,1.2936808860912443,1.5888732568724186,-0.99765389432916662,1.5271085328729246,1.1719284497096243,0,0,-135
-100,-100,50,1,0,2.7329475574212398e-05,,3.1430551689258639,153.94770548124353,2.7329475574212398e-05,orientation_unresolved,0.60619662916063022,-0.16381285297362255,-1.4959396655253137,0.11667887754542405,-1.3297820981469988,0.32171803180055525,0,0,-135
-100,-100,100,1,0,3.3649994805805335e-05,,3.0136659981374629,170.00274556514225,3.3649994805805335e-05,orientation_unresolved,0.15897868560735506,0.086944732241928613,-1.4975713575088174,0.52340105211776689,-1.4981979325719965,-0.64154600243115922,0,0,-135
-100,-100,150.00000000000003,1,0,8.7891330753271738e-05,,1.3808299243350266,172.38093221759047,8.7891330753271738e-05,orientation_unresolved,0.6043250135436965,0.29484878046545626,-1.2390308246416994,0.11513163139124888,-1.5266962982051862,-1.6999579034654181e-17,0,0,-135
-100,-100,200,1,0,2.0059150434749963e-05,,5.913552728193987,123.79860942784742,2.0059150434749963e-05,orientation_unresolved,0.15775762316711761,-1.9188242592360871,0.70118289296341307,-0.54652110765666284,1.8509094801177137,-0.077252408286673124,0,0,-135
-100,-100,250,1,0,3.0974162587804668e-05,,12.631711882269915,176.42865441909601,3.0974162587804668e-05,orientation_unresolved,0.62046028081981475,0.49196968985994405,-1.0219037764532153,0.10310204532122318,-1.3303313642859962,4.4447835780485269e-17,0,0,-135
-100,-100,300.00000000000006,1,0,4.882435215191879e-05,,22.447004741431442,177.65422728555396,4.882435215191879e-05,orientation_unresolved,0.63193837063071512,0.46638676290117947,-0.89433204182824899,0.097719183093227302,-1.1590221868461394,5.5322858103204601e-17,0,0,-135
-100,-100,350.00000000000006,1,0,7.1636965924412114e-05,,34.711234460349857,178.4909258882297,7.1636965924412114e-05,orientation_unresolved,0.6491013887772682,0.37399480279625297,-0.74745180047615634,0.090950980202023413,-0.94497099803007445,4.2695471007990408e-17,0,0,-135
-100,-100,400,1,0,5.8619062344849053e-05,,27.551633313351502,153.604665546028,5.8619062344849053e-05,orientation_unresolved,0.76179539312029976,0.33367831224280692,-1.0699296111747583,-0.29694248993294681,-0.10419127983497126,0.78727632504944578,0,0,-135
-100,-100,450,1,0,0.00036368665198273912,,27.196919455299184,175.5248573317383,0.00036368665198273912,orientation_unresolved,0.95102322231910708,-0.19822599789022929,-0.41886624556566288,0.76185139985959249,0.29940518000151795,-1.0761205359002231,0,0,-135
-100,-50,-450,0,0,227.29579561568838,,,,,position_unresolved,,,,,,,0,0,-153.43494882292202
-100,-50,-400,0,0,177.00436872775691,,,,,position_unresolved,,,,,,,0,0,-153.43494882292202
-100,-50,-350.00000000000006,0,0,126.83218214851738,,,,,position_unresolved,,,,,,,0,0,-153.43494882292202
-100,-50,-300.00000000000006,0,0,77.802666558763065,,,,,position_unresolved,,,,,,,0,0,-153.43494882292202
-100,-50,-250,0,0,26.979234282073428,,,,,position_unresolved,,,,,,,0,0,-153.43494882292202
-100,-50,-200,1,0,3.6972296791970562e-05,,9.6181894327972621,145.65875862873722,3.6972296791970562e-05,orientation_unresolved,0.47801919860732678,-1.8541661511505274,-1.0323998557951708,-0.1130571958226181,-0.39928390056634894,-0.76303908507526952,0,0,-153.43494882292202
-100,-50,-150.00000000000003,1,0,3.2882332647846458e-05,,12.65559339370966,170.20171793597228,3.2882332647846458e-05,orientation_unresolved,0.21625227413882508,-1.4955227287581501,-1.3299145532810199,0.2907410572321687,-0.56150750676069794,-0.47134854802046117,0,0,-153.43494882292202
-100,-50,-100,1,0,3.0025915564817806e-05,,12.631852899555476,166.49992041921192,3.0025915564817806e-05,orientation_unresolved,0.30592182232248866,-1.2164051955704109,-1.3303289030700609,0.10718606909679464,-0.93110710075962821,2.139270016952722e-18,0,0,-153.43494882292202
-100,-50,-50,1,0,2.6594265805534565e-05,,3.2315418358353067,92.60263027329917,2.6594265805534565e-05,orientation_unresolved,-0.55273015553005511,-1.2436546327115552,-1.4943952818436284,0.71116957156600236,-1.2716400199597941,-0.24576647038495245,0,0,-153.43494882292202
-100,-50,0,1,0,0.00015836355908241254,,1.1107043545147945,123.57968425967071,0.00015836355908241254,orientation_unresolved,-0.99040144864306046,1.3876179032316402,2.0968975564385381,-0.91453056193028437,1.223935531758986,1.2701782157128376,0,0,-153.43494882292202
-100,-50,50,1,0,0.00018158159071869764,,13.834813556606221,122.36452287739046,0.00018158159071869764,orientation_unresolved,-1.3093332788325711,1.2966080801451942,1.7917326689203661,-0.86063184479321508,1.7556142840923157,1.1719284497096243,0,0,-153.43494882292202
-100,-50,100,1,0,0.0003419107267595016,,0,168.29976866030484,0.0003419107267595016,orientation_unresolved,-1.1969460923157986,0.19375430277362601,2.1162830044410597,-0.88816163711061202,1.8090547020058987,-0.98353657458045296,0,0,-153.43494882292202
-100,-50,150.00000000000003,1,0,0.00021075567618422802,,0,90.849638977046112,0.00021075567618422802,orientation_unresolved,-0.55518082907300736,-2.0220352248333655,1.1763798164241155,-0.75048921716148564,1.9833758720003536,4.0807247202331048e-17,0,0,-153.43494882292202
-100,-50,200,1,0,9.1791467799353171e-05,,4.6885840956412252,98.468890104879463,9.1791467799353171e-05,orientation_unresolved,0.42646449876571768,0.79406366391480121,-1.4407342296384682,-0.0050959122001959806,-1.3478976457508309,-1.4689650970693164,0,0,-153.43494882292202
-100,-50,250,1,0,4.1141243355385402e-05,,15.571958777871671,175.15429368728149,4.1141243355385402e-05,orientation_unresolved,0.36005377104418779,-1.7502532731746725,0.61041498280737572,-0.045975705301806578,1.7611353755627144,0.095203972389044836,0,0,-153.43494882292202
-100,-50,300.00000000000006,1,0,2.6636989217465456e-05,,28.826733508855835,175.10475382932634,2.6636989217465456e-05,orientation_unresolved,0.3599444952810793,-1.5189138125088533,0.55962259527405855,-0.045275407245449664,1.5246763349577919,0.095203972389044836,0,0,-153.43494882292202
-100,-50,350.00000000000006,1,0,5.2297459728798389e-05,,4.3057396102952215,138.48727468896317,5.2297459728798389e-05,orientation_unresolved,0.61904088451813011,-1.4090097659260348,2.0411336715078705,-0.17626190949207088,-1.0190842731994354,-0.99190250547656778,0,0,-153.43494882292202
-100,-50,400,1,0,9.7067581072728682e-05,,46.161762937493926,171.01183077742624,9.7067581072728682e-05,orientation_unresolved,0.55738987283111652,-0.75574649329029342,-0.2104285837592261,0.10823638500325562,1.2791923261208031,-0.56454398273252659,0,0,-153.43494882292202
-100,-50,450,1,0,0.00016374809220121597,,65.954853454830612,179.91235232369519,0.00016374809220121597,orientation_unresolved,0.39966697633774512,0.044848336690654821,-0.33747995617405807,0.043850023861132389,-0.3554539390629684,3.5599147047232613e-17,0,0,-153.43494882292202
-100,0,-450,0,0,229.69238396926673,,,,,position_unresolved,,,,,,,0,0,180
-100,0,-400,0,0,178.32977183983363,,,,,position_unresolved,,,,,,,0,0,180
-100,0,-350.00000000000006,0,0,130.00424696815827,,,,,position_unresolved,,,,,,,0,0,180
-100,0,-300.00000000000006,0,0,77.204837706757516,,,,,position_unresolved,,,,,,,0,0,180
-100,0,-250,0,0,28.5411145969762,,,,,position_unresolved,,,,,,,0,0,180
-100,0,-200,1,0,6.7695004760979894e-05,,0.50968580515780704,115.47271107488113,6.7695004760979894e-05,orientation_unresolved,-0.041347335539170992,-1.8177655035582829,-1.2702767330206561,0.20232350324489687,-0.14225694365198449,1.5419006313442145,0,0,180
-100,0,-150.00000000000003,1,0,3.4058607638301348e-05,,17.757259479822121,124.13359385559031,3.4058607638301348e-05,orientation_unresolved,0.31491622647394357,-1.55739140587778,-1.2408736827410249,-0.33387614149055889,-0.70947380273463911,-0.76303908507526952,0,0,180
-100,0,-100,1,0,3.1620805301426684e-05,,11.217544696882365,180,3.1620805301426684e-05,orientation_unresolved,0,-1.2207269976209236,-1.35501323784467,0,-0.94738270632394961,0,0,0,180
-100,0,-50,1,0,7.1862157672973945e-05,,6.9529567132060519,177.43224902735005,7.1862157672973945e-05,orientation_unresolved,-0.72362674141478001,1.9635150905110728,1.7236710500694414,-0.56000389707989573,1.0335059181160438,0.22710852441481627,0,0,180
-100,0,0,1,0,0.00011799087033829149,,0.7886410724007189,119.1277176509118,0.00011799087033829149,orientation_unresolved,-0.80141811058777368,-0.85119299100729695,-1.4676379016314045,0.5182797557791966,-1.537031943465045,-0.24576647038495245,0,0,180
-100,0,50,1,0,0.00018207972430889441,,0,180.00000000000003,0.00052288007078836126,orientation_unresolved,0,-0.12692093652831365,-1.5128015090000637,0,-1.5507963267948965,0,0,0,180
-100,0,100,1,0,0.00025594456998633875,,5.6901598971861258,77.761188586038983,0.00025594456998633875,orientation_unresolved,-1.4514843016240566,-1.9033085344927392,1.9224323902340847,-0.82359676616865107,1.9393654474076194,-0.84311860553696172,0,0,180
-100,0,150.00000000000003,1,0,0.00012549197005941291,,2.4542791188785862,69.624810721942652,0.00012549197005941291,orientation_unresolved,-1.5079610754075199,-1.8317432070286839,1.7968320998212226,-0.7682299604847026,1.7127916507800647,-0.84311860553696172,0,0,180
-100,0,200,1,0,1.732013372428711e-05,,4.4277996053649122,149.29510591604179,1.732013372428711e-05,orientation_unresolved,-0.41464168752850039,-1.9447555431012422,0.74828364488147547,-0.30520321317763788,1.9630506886519969,0.13023610335695113,0,0,180
-100,0,250,1,0,2.3721089478504364e-05,,17.21135268695825,150.68609217018647,2.3721089478504364e-05,orientation_unresolved,-0.38221784748640319,-1.7216404517239712,0.72423707841682783,-0.26368474900045158,1.7365212383683557,0.13023610335695113,0,0,180
-100,0,300.00000000000006,1,0,3.3149856239182676e-05,,9.6214797413101945,147.26957248153371,3.3149856239182676e-05,orientation_unresolved,0.94009834602150832,-0.92257469388425817,-0.017503769184462364,0.63320383135605962,1.9169405775053663,-1.3658622297288303,0,0,180
-100,0,350.00000000000006,1,0,5.2897676243337646e-05,,16.268288222751156,117.10523200776916,5.2897676243337646e-05,orientation_unresolved,-0.80697094668895708,0.52666442781364453,-0.57685356659132381,0.54880619205221637,-1.2668611336444722,-1.1110699145002572,0,0,180
-100,0,400,1,0,6.5085653255757503e-05,,44.087145011575693,180,6.5085653255757503e-05,orientation_unresolved,0,0.39848228774945582,-0.62087811941443383,0,-0.78133048853870712,0,0,0,180
-100,0,450,1,0,8.8645731590044204e-05,,70.854084409738348,180,8.8645731590044204e-05,orientation_unresolved,0,-0.77032898641404879,0.55277984875319552,0,0.19850217369692388,0,0,0,180
-100,50,-450,0,0,230.11188085353737,,,,,position_unresolved,,,,,,,0,0,153.43494882292202
-100,50,-400,0,0,181.10093316392584,,,,,position_unresolved,,,,,,,0,0,153.43494882292202
-100,50,-350.00000000000006,0,0,129.94191116749977,,,,,position_unresolved,,,,,,,0,0,153.43494882292202
-100,50,-300.00000000000006,0,0,86.736553401513106,,,,,position_unresolved,,,,,,,0,0,153.43494882292202
-100,50,-250,0,0,31.217028762312971,,,,,position_unresolved,,,,,,,0,0,153.43494882292202
-100,50,-200,1,0,6.3740673465005439e-05,,7.6445200521670174,171.68848512567814,6.3740673465005439e-05,orientation_unresolved,-0.75126639213350999,-1.8886131801883224,-1.0376648308632426,0.61213969962677395,-0.441581625595379,-1.3781219481297817,0,0,153.43494882292202
-100,50,-150.00000000000003,1,0,3.63300451480464e-05,,9.755623703674976,130.27225156055283,3.63300451480464e-05,orientation_unresolved,-1.2164714466358344,-1.8517674706186336,-0.89817726787963559,0.66504677761565689,-1.0644376521247949,-0.80369068776161046,0,0,153.43494882292202
-100,50,-100,1,0,2.5475283147258606e-05,,7.5208857702202874,127.31477433229394,2.5475283147258606e-05,orientation_unresolved,0.089977997406486862,-1.2664795699487448,-1.4195321074381628,-0.4875078159185624,-0.90499246686588453,0.047470451392708626,0,0,153.43494882292202
-100,50,-50,1,0,4.9324514273537008e-05,,2.3295890879611516,178.51621696227483,4.9324514273537008e-05,orientation_unresolved,0.97341891020902394,2.0442080781017076,1.3279944689089374,0.84116503782545038,1.4891096528339096,-0.16686188684669237,0,0,153.43494882292202
-100,50,0,1,0,0.00029095363509281893,,0,104.99744389632487,0.00030720684554195473,orientation_unresolved,0.35091257328821923,-0.75710656035287105,-1.5507963267948965,-0.56005135799432992,-1.4285965697993104,-0.15791836699960227,0,0,153.43494882292202
-100,50,50,1,0,0.0002095962456853379,,0.58565544047530682,170.56412984696055,0.0002095962456853379,orientation_unresolved,-0.31530125249384772,-0.18500176509770677,-1.4477530711407183,-0.078909377635877298,-1.5405747110763848,1.8036262631389656e-17,0,0,153.43494882292202
-100,50,100,1,0,6.6517539691980925e-05,,0.57869880696845732,68.334396965604313,6.6517539691980925e-05,orientation_unresolved,0.8340338791799865,-1.5290752402008159,1.8572111665296283,0.95974151270500285,2.0747668783461988,-1.3775067556527441,0,0,153.43494882292202
-100,50,150.00000000000003,1,0,6.0874882358056818e-05,,9.9287610600773633,71.672406970718797,6.0874882358056818e-05,orientation_unresolved,1.0241894162647864,-1.3759581306380693,1.6256854075441713,0.90496962206153353,1.8815453092708534,-1.3775067556527441,0,0,153.43494882292202
-100,50,200,1,0,0.00032998238680226571,,1.6869555136800303,41.888841344310464,0.00032998238680226571,orientation_unresolved,1.2132369552079612,-0.62976574829408583,0.95371764631979861,1.0185846525910627,2.0554241498567727,-0.7119824334908611,0,0,153.43494882292202
-100,50,250,1,0,5.9094836157248415e-05,,1.7759883376079202,155.58611606834634,5.9094836157248415e-05,orientation_unresolved,0.019638086962390885,-1.4348798194479644,0.1637201333732215,0.37112776911907885,2.0538702339368826,-0.54617397775114673,0,0,153.43494882292202
-100,50,300.00000000000006,1,0,9.262817370491671e-05,,17.375971273063215,179.0237961400002,9.262817370491671e-05,orientation_unresolved,-0.34703173565665341,0.61500757372599091,-0.92260081025228713,-0.057970313247618623,-1.2475284173479928,-5.6237812228695015e-18,0,0,153.43494882292202
-100,50,350.00000000000006,1,0,7.0019581692535768e-05,,30.037683246664052,179.6200145433352,7.0019581692535768e-05,orientation_unresolved,-0.35889699365792682,0.51480462308802888,-0.78048433397591799,-0.053796125981606241,-1.0265398544694688,1.5346205055082267e-17,0,0,153.43494882292202
-100,50,400,1,0,6.3523187512897836e-05,,15.829581814170428,118.78535350054794,6.3523187512897836e-05,orientation_unresolved,0.22809078226859378,-0.00090587714635360233,0.2350140527142624,-0.4964692452115691,-1.2745180049238054,-1.2731411471001683,0,0,153.43494882292202
-100,50,450,1,0,0.00016374809220121597,,65.954853454830612,179.91235232369519,0.00016374809220121597,orientation_unresolved,-0.39966697633774512,0.044848336690654821,-0.33747995617405807,-0.043850023861132389,-0.3554539390629684,-3.5599147047232613e-17,0,0,153.43494882292202
-100,100,-450,0,0,231.09342518588699,,,,,position_unresolved,,,,,,,0,0,135
-100,100,-400,0,0,181.7837614104582,,,,,position_unresolved,,,,,,,0,0,135
-100,100,-350.00000000000006,0,0,131.80617051962625,,,,,position_unresolved,,,,,,,0,0,135
-100,100,-300.00000000000006,0,0,82.242144109522741,,,,,position_unresolved,,,,,,,0,0,135
-100,100,-250,0,0,29.622196999731933,,,,,position_unresolved,,,,,,,0,0,135
-100,100,-200,1,0,4.9350664693074778e-05,,8.8583551392128452,160.24905409341881,4.9350664693074778e-05,orientation_unresolved,-0.62822312325288965,-1.8674277613431407,-0.93387174589344379,-0.25515982263969944,-0.37660737513350345,-2.0945209802201288e-17,0,0,135
-100,100,-150.00000000000003,1,0,4.2543189486729038e-05,,1.2126064165925765,141.49643711527284,4.2543189486729038e-05,orientation_unresolved,-0.69828539783664845,-1.4220766057201364,-1.5296323522945461,-0.19659653208256328,-0.14508751005600662,-0.64051555510303826,0,0,135
-100,100,-100,1,0,2.7041211329038857e-05,,16.618812284968584,160.30171278180049,2.7041211329038857e-05,orientation_unresolved,-0.57724806291688469,-1.214436294071396,-1.2607433346513126,-0.18247157711959905,-0.87729341887864831,2.7049802559782143e-17,0,0,135
-100,100,-50,1,0,0.00023574125333088023,,11.710912071507726,161.69396426046225,0.00023574125333088023,orientation_unresolved,-0.57480413285109766,-0.90142125516321314,-1.3464023527355371,-0.16069958087877798,-1.0887692732360725,-5.336012305914151e-18,0,0,135
-100,100,0,1,0,9.5894663444716591e-05,,2.992071732922009,162.33029893918442,9.5894663444716591e-05,orientation_unresolved,1.4985748235995551,1.4240826410317737,0.95082444014138445,0.86254703756523832,1.8415207225180921,0.37636119452588235,0,0,135
-100,100,50,1,0,3.1599963263031921e-05,,7.7283182842141169,119.59622269974416,3.1599963263031921e-05,orientation_unresolved,1.4159117270932813,0.74050576076041308,1.5863904015273083,0.89117918031564425,1.6407137168779158,-0.36780131692388701,0,0,135
-100,100,100,1,0,7.9603097488000166e-05,,12.325307614905952,117.08451495348184,7.9603097488000166e-05,orientation_unresolved,1.3323876067368916,0.59919517075819462,1.573419831802964,1.0215024918660311,1.8697498787039233,-0.36780131692388701,0,0,135
-100,100,150.00000000000003,1,0,2.7235245567080406e-05,,0.42860874462460818,111.2005407522292,2.7235245567080406e-05,orientation_unresolved,1.2758515707683005,0.47466802832644739,1.5424899874745199,1.2291564276393783,2.0447386597549091,-0.36780131692388701,0,0,135
-100,100,200,1,0,5.7274217735781398e-05,,1.1461853750768047,136.39936629994821,5.7274217735781398e-05,orientation_unresolved,-0.46818694000313815,0.39266092041829059,-1.0633993072684644,-0.24063959410285468,-1.5307916181616001,0.98841374050707298,0,0,135
-100,100,250,1,0,3.0432943118388171e-05,,5.8853292893865143,100.87240637137383,3.0432943118388171e-05,orientation_unresolved,-0.03131458035495293,0.49368924009782389,-1.0103212715806742,-0.64100451189040963,-1.4480779531310437,-1.0742116966685078,0,0,135
-100,100,300.00000000000006,1,0,4.882435215191879e-05,,22.447004741431442,177.65422728555396,4.882435215191879e-05,orientation_unresolved,-0.63193837063071512,0.46638676290117947,-0.89433204182824899,-0.097719183093227302,-1.1590221868461394,-5.5322858103204601e-17,0,0,135
-100,100,350.00000000000006,1,0,4.3478381274757893e-05,,23.382739726867275,175.41569506727745,4.3478381274757893e-05,orientation_unresolved,-0.70436089332952401,-1.613929428462652,1.2302350554507497,0.050616328411748908,0.46371134556856203,-0.27525026356131188,0,0,135
-100,100,400,1,0,0.00024538974527227314,,50.290404067278935,178.93128783310743,0.00024538974527227314,orientation_unresolved,-0.6730631936625312,0.20577818604693854,-0.56280629773010493,-0.083075746988749505,-0.66990793330868803,1.3619659603898633e-17,0,0,135
-100,100,450,1,0,0.00026891067779401457,,21.829667717942737,106.57126341637584,0.00026891067779401457,orientation_unresolved,-0.63480644325343627,-0.15177362535891997,-0.2542056768696736,-0.45375616682034031,-0.19926632036718314,-1.1697967505004789,0,0,135
-100,150.00000000000003,-450,0,0,232.76125564050415,,,,,position_unresolved,,,,,,,0,0,123.69006752597979
-100,150.00000000000003,-400,0,0,183.84880112898497,,,,,position_unresolved,,,,,,,0,0,123.69006752597979
-100,150.00000000000003,-350.00000000000006,0,0,134.69065217048734,,,,,position_unresolved,,,,,,,0,0,123.69006752597979
-100,150.00000000000003,-300.00000000000006,0,0,84.89914936510165,,,,,position_unresolved,,,,,,,0,0,123.69006752597979
-100,150.00000000000003,-250,0,0,35.422343895436505,,,,,position_unresolved,,,,,,,0,0,123.69006752597979
-100,150.00000000000003,-200,1,0,9.6419404474173392e-05,,7.4446117533677549,167.2067988494214,9.6419404474173392e-05,orientation_unresolved,-0.90993868159365565,-1.8921022382044301,-1.0536493300016894,0.19887023480485042,0.11390619392451515,0.14897680496953175,0,0,123.69006752597979
-100,150.00000000000003,-150.00000000000003,1,0,3.0261207911103953e-05,,26.997520708458111,158.98427248046403,3.0261207911103953e-05,orientation_unresolved,-0.81439518431867719,-1.5508395985954193,-1.0211273428016614,-0.25605297449954234,-0.54931744946589156,2.093041664602182e-17,0,0,123.69006752597979
-100,150.00000000000003,-100,1,0,3.0275379277324402e-05,,22.685895948192293,159.6582046383003,3.0275379277324402e-05,orientation_unresolved,-0.79527829685128459,-1.2375936597263275,-1.1548527487341,-0.22109306881227817,-0.77907478465561741,-3.8762190613652809e-17,0,0,123.69006752597979
-100,150.00000000000003,-50,1,0,2.8626093997738568e-05,,10.258770702564574,155.77351310387476,2.8626093997738568e-05,orientation_unresolved,1.3548540067686436,1.7126445313402148,0.76394415673540395,1.0575877354690335,1.5902294438788214,0.27898169100936632,0,0,123.69006752597979
-100,150.00000000000003,0,1,0,2.8390864274312092e-05,,7.3883056611017892,149.12187227378146,2.8390864274312092e-05,orientation_unresolved,1.421846066864934,1.3754328973437406,0.84112806023652353,0.97477726572107593,1.7183534489262391,0.37636119452588235,0,0,123.69006752597979
-100,150.00000000000003,50,1,0,1.7237092840546196e-05,,7.6215411803642521,149.78430396717226,1.7237092840546196e-05,orientation_unresolved,1.3848793016544012,1.23576487176334,0.8826378074354142,1.103616073762226,1.8891365116487431,0.37636119452588235,0,0,123.69006752597979
-100,150.00000000000003,100,1,0,1.9594330608470199e-05,,12.05699059039982,168.46946641192721,1.9594330608470199e-05,orientation_unresolved,-0.80210712114359362,-0.097545523522024682,-1.2427077283001351,-0.15082538710136492,-1.3403621431104447,1.1834345216613444e-17,0,0,123.69006752597979
-100,150.00000000000003,150.00000000000003,1,0,0.00010074815198346709,,0.30677338282736943,102.7893453961178,0.00010074815198346709,orientation_unresolved,1.5454421212070779,0.55528245769168472,0.37863812735669999,0.90829873114363258,2.0136135579714893,0.7894698255184579,0,0,123.69006752597979
-100,150.00000000000003,200,1,0,1.1988625479166031e-05,,4.1070826297720018,83.866729853483662,1.1988625479166031e-05,orientation_unresolved,1.4791142122539078,0.35969482093084987,0.26147611419431971,0.97488025257127198,1.9433910650109565,0.7894698255184579,0,0,123.69006752597979
-100,150.00000000000003,250,1,0,4.7722963630446171e-05,,13.342875282459493,88.739036619480487,4.7722963630446171e-05,orientation_unresolved,-0.25663339017269676,0.24422745644501254,-1.0003077308010258,-0.83527813036453613,-1.31791922143301,-1.0742116966685078,0,0,123.69006752597979
-100,150.00000000000003,300.00000000000006,1,0,1.9365516216562218e-05,,3.2531498150295644,91.799465043902714,1.9365516216562218e-05,orientation_unresolved,-1.2725578554394161,-0.033422121775760774,-0.19821941655455397,0.39923783947784902,-1.4940181514619861,1.4644685416834331,0,0,123.69006752597979
-100,150.00000000000003,350.00000000000006,1,0,3.3650543894662454e-05,,4.2425213698898174,152.90917998006032,3.3650543894662454e-05,orientation_unresolved,-0.86868449048965701,-0.31642070904699893,0.41900066583479595,-0.070306571361191283,-1.476750360304099,0.46372065014603403,0,0,123.69006752597979
-100,150.00000000000003,400,1,0,9.5348601799662128e-05,,38.280617844644091,177.28462738391781,9.5348601799662128e-05,orientation_unresolved,-0.88267350570816194,-0.010375558119673825,-0.4755672319235929,-0.10843995312319832,-0.52074712272694068,-4.203343058237633e-17,0,0,123.69006752597979
-100,150.00000000000003,450,0,0,9.0078124237074917,,,,,position_unresolved,,,,,,,0,0,123.69006752597979
-100,200,-400,0,0,192.40784582695139,,,,,position_unresolved,,,,,,,0,0,116.56505117707799
-100,200,-350.00000000000006,0,0,144.96963107022822,,,,,position_unresolved,,,,,,,0,0,116.56505117707799
-100,200,-300.00000000000006,0,0,96.597928443922385,,,,,position_unresolved,,,,,,,0,0,116.56505117707799
-100,200,-250,0,0,53.095873470013593,,,,,position_unresolved,,,,,,,0,0,116.56505117707799
-100,200,-200,0,0,2.4714952807845525,,,,,position_unresolved,,,,,,,0,0,116.56505117707799
-100,200,-150.00000000000003,1,0,9.919619838094667e-05,,10.79836973581792,122.28385889524637,9.919619838094667e-05,orientation_unresolved,-1.2508529189187245,-1.7276479490423049,-1.3623292210571636,-0.44623775757213729,0.66751930752920752,-0.96724118563783967,0,0,116.56505117707799
-100,200,-100,1,0,3.5887780773849888e-05,,5.1998866182084864,139.4185992725441,3.5887780773849888e-05,orientation_unresolved,1.4401781544622128,1.825964632672378,0.58954808932806868,1.1458819192177858,1.1837020879614957,0.27898169100936632,0,0,116.56505117707799
-100,200,-50,1,0,2.7233831968131552e-05,,10.633801079078619,68.286248726201976,2.7233831968131552e-05,orientation_unresolved,-0.42884954550118609,-1.5500570321487557,-0.65692475659976435,-1.0171861949248178,-1.3652014859628487,-0.93354437206863206,0,0,116.56505117707799
-100,200,0,1,0,0.00023018443577449139,,1.5567213632802877,158.17653023408778,0.00023018443577449139,orientation_unresolved,-0.66641480021677835,-1.1538210233510835,-0.51484933472332362,-0.57278742941091498,-1.5236264134695208,1.4625034162024257,0,0,116.56505117707799
-100,200,50,1,0,8.6747289818511259e-06,,22.417640362980091,166.22067900627621,8.6747289818511259e-06,orientation_unresolved,-0.95048170465609083,-0.49495508996253179,-1.1595346919329172,-0.17639603279562618,-1.0781040844684007,-1.9458302078669298e-17,0,0,116.56505117707799
-100,200,100,1,0,9.5433526849686239e-05,,23.731086651782043,168.40751120746251,9.5433526849686239e-05,orientation_unresolved,-0.95456780531297014,-0.27745118678908481,-1.1319605017827921,-0.16485365387022,-1.1366107296452228,-4.3609742512753864e-17,0,0,116.56505117707799
-100,200,150.00000000000003,1,0,5.0170262298343441e-05,,23.476761457862963,170.50279537528849,5.0170262298343441e-05,orientation_unresolved,-0.9602788000477247,-0.10832702807141949,-1.0736903548159964,-0.15558447394128302,-1.1410495416498838,-8.974011881886706e-18,0,0,116.56505117707799
-100,200,200,1,0,0.00028283681064589325,,4.0547322195833182,85.5263212043251,0.00028283681064589325,orientation_unresolved,1.4800278992764699,0.51927408183907775,0.23428039304140091,0.93441587423487726,1.6960271214225651,0.7894698255184579,0,0,116.56505117707799
-100,200,250,1,0,5.3164586212227917e-05,,1.1551552123749556,38.119127238551215,5.3164586212227917e-05,orientation_unresolved,1.3815038746438695,0.19355999909328783,1.5307929458208633,-1.2164757996083999,-1.3198489521017747,1.2773028349529403,0,0,116.56505117707799
-100,200,300.00000000000006,1,0,3.6478512768851419e-05,,0.94134420291757082,61.521116111076473,3.6478512768851419e-05,orientation_unresolved,-0.48998813044559875,-1.4821083069881207,0.91298610243878608,1.220207505700444,0.94572263167878112,1.3297438627444265,0,0,116.56505117707799
-100,200,350.00000000000006,1,0,7.657049692701605e-05,,9.6174357789122151,69.782153102000379,7.657049692701605e-05,orientation_unresolved,-0.55615464397750214,-1.0812705383422683,0.35793127448633627,1.0687811414947936,0.89041228022742103,0.75807488595647987,0,0,116.56505117707799
-100,200,400,1,0,0.00021406163362462644,,29.406276462325327,175.18183310021641,0.00021406163362462644,orientation_unresolved,-1.0375599817756094,-0.33641256313714968,-0.30194093199637745,-0.12941225266911946,-0.25126435132591818,6.3190573209434795e-17,0,0,116.56505117707799
-100,250,-400,0,0,204.90677653530139,,,,,position_unresolved,,,,,,,0,0,111.80140948635182
-100,250,-350.00000000000006,0,0,158.42790104969419,,,,,position_unresolved,,,,,,,0,0,111.80140948635182
-100,250,-300.00000000000006,0,0,112.74445613047307,,,,,position_unresolved,,,,,,,0,0,111.80140948635182
-100,250,-250,0,0,67.835063578534218,,,,,position_unresolved,,,,,,,0,0,111.80140948635182
-100,250,-200,0,0,26.27980400930263,,,,,position_unresolved,,,,,,,0,0,111.80140948635182
-100,250,-150.00000000000003,1,0,0.00018546223462835934,,1.9754823072776262,104.63512734495407,0.00018546223462835934,orientation_unresolved,-1.3416898002628759,-1.9875565542564766,-0.78627960059564528,-0.61177555204014,0.5948153773324113,-1.0628342971684934,0,0,111.80140948635182
-100,250,-100,1,0,4.2160079919366029e-05,,5.603746950414112,62.099510761861964,4.2160079919366029e-05,orientation_unresolved,-0.71604111448509411,-1.7805270635927237,-0.46838720387417493,-1.1388332267025996,-0.89442684379841741,-0.93354437206863206,0,0,111.80140948635182
-100,250,-50,1,0,0.00012612507861023314,,3.3543951297790171,141.96532711205492,0.00012612507861023314,orientation_unresolved,-1.0450547336291418,-1.9634899854058592,-1.1971352790946561,0.17709636555079136,1.6229731318061977,-0.6601281984590871,0,0,111.80140948635182
-100,250,0,1,0,2.9896707952554256e-05,,27.626596438846676,165.33214362930437,2.9896707952554256e-05,orientation_unresolved,-1.0686212578172818,-0.89505654976756233,-0.9941156577324427,-0.19857922541130435,-0.76327600841823573,6.0927190619902232e-17,0,0,111.80140948635182
-100,250,50,1,0,3.00630730296332e-05,,3.104456912958053,65.605040682476329,3.00630730296332e-05,orientation_unresolved,1.4966133321774795,1.4906320539241256,-0.29847897350066876,0.93635590253940659,1.6710661433389027,-0.46501769798774062,0,0,111.80140948635182
-100,250,100,1,0,4.6471508193015226e-05,,4.785380671098701,58.421241838716746,4.6471508193015226e-05,orientation_unresolved,1.4672756781229284,1.334581096318568,-0.33652476391341934,1.0183624596804104,1.6966327977212012,-0.46501769798774062,0,0,111.80140948635182
-100,250,150.00000000000003,1,0,8.9898931795603538e-05,,1.8023813424276287,172.6767486902805,8.9898931795603538e-05,orientation_unresolved,-1.5193388379930191,-1.3465399403857377,-1.1301040027163496,-0.68219477049456734,1.831530987439886,0.16021355162693215,0,0,111.80140948635182
-100,250,200,1,0,3.6827632409930553e-05,,18.815070596131143,127.03103994194974,3.6827632409930553e-05,orientation_unresolved,-0.87095115651146804,-1.2506571691485273,-0.98761560076483268,0.4913436307076568,1.7564821470075007,0.69574142558461483,0,0,111.80140948635182
-100,250,250,1,0,4.1597743605590672e-05,,30.428838070459403,124.56343752441886,4.1597743605590672e-05,orientation_unresolved,-0.90480314277716822,-1.0784155694508277,-0.89195223474602647,0.42096142979713091,1.5537836660194466,0.69574142558461483,0,0,111.80140948635182
-100,250,300.00000000000006,1,0,5.8841967342228172e-05,,25.883149787619509,177.70561334596576,5.8841967342228172e-05,orientation_unresolved,-0.875689008184934,-0.61976883845611741,0.14908073092731852,-0.53743155772286677,-1.0990501422140651,0.27953849367494132,0,0,111.80140948635182
-100,250,350.00000000000006,1,0,0.00014371383204788205,,0,98.665977029862631,0.00014371383204788205,orientation_unresolved,-0.85265823842968824,-1.013189276460321,0.20395093208403745,1.2366370614359172,0.54937166243578628,1.6832648554327831e-16,0,0,111.80140948635182
-100,250,400,0,0,17.847465444021012,,,,,position_unresolved,,,,,,,0,0,111.80140948635182
-100,300.00000000000006,-350.00000000000006,0,0,177.98866854742678,,,,,position_unresolved,,,,,,,0,0,108.43494882292201
-100,300.00000000000006,-300.00000000000006,0,0,134.2438843143089,,,,,position_unresolved,,,,,,,0,0,108.43494882292201
-100,300.00000000000006,-250,0,0,92.280199811900687,,,,,position_unresolved,,,,,,,0,0,108.43494882292201
-100,300.00000000000006,-200,0,0,54.198049083287373,,,,,position_unresolved,,,,,,,0,0,108.43494882292201
-100,300.00000000000006,-150.00000000000003,0,0,16.971042985018236,,,,,position_unresolved,,,,,,,0,0,108.43494882292201
-100,300.00000000000006,-100,1,0,0.00014865387067623261,,17.764985384432389,165.19270018752943,0.00014865387067623261,orientation_unresolved,-1.1989282142285271,-1.7119777383063497,-0.52654283676033586,-0.24878040366317958,-0.11678609421731025,3.933460828481695e-17,0,0,108.43494882292201
-100,300.00000000000006,-50,1,0,5.9394840718462086e-05,,1.347893881354902,121.95155033450584,5.9394840718462086e-05,orientation_unresolved,-1.5272711405977677,-1.6120785472207906,-0.41517161956557769,1.1247575304630892,-0.73989749519977432,-0.27950271559432277,0,0,108.43494882292201
-100,300.00000000000006,0,1,0,5.2151848037310875e-05,,13.157097703056033,175.57293825293121,5.2151848037310875e-05,orientation_unresolved,-1.3211616518699856,-1.5219977941205856,0.20237272174893628,0.22894651722685863,-1.2030086647461293,-0.31547110235019066,0,0,108.43494882292201
-100,300.00000000000006,50,1,0,4.9685688021477569e-05,,7.5402813237031339,145.49565434418307,4.9685688021477569e-05,orientation_unresolved,-1.259445460475249,-0.80146839244226098,-1.2635376064657282,1.1050343258106612,-0.1015008537109269,-0.50487753307293437,0,0,108.43494882292201
-100,300.00000000000006,100,1,0,5.3794206879233864e-05,,22.479968276214397,168.62267285011865,5.3794206879233864e-05,orientation_unresolved,-1.1584468646310813,-0.72860346034691992,-0.81277697502023538,-0.18157093267120109,-0.64394736863510449,2.2684051214860644e-17,0,0,108.43494882292201
-100,300.00000000000006,150.00000000000003,1,0,6.0648950062493689e-05,,7.7994196773472257,104.02584357320717,6.0648950062493689e-05,orientation_unresolved,-0.96836562969090789,-1.4057513322538249,0.83401127800179442,-0.50534160184277621,-1.4146707736803537,-1.1239249379993965,0,0,108.43494882292201
-100,300.00000000000006,200,1,0,6.5192555340998239e-05,,7.0130813945234998,53.759642781785068,6.5192555340998239e-05,orientation_unresolved,-1.428394965750106,-0.55046638463236575,-1.2400636053019276,-0.92069587488657556,0.55616561571975309,-1.3619033402761316,0,0,108.43494882292201
-100,300.00000000000006,250,1,0,9.5125138432297941e-05,,9.7231555116740385,151.7921739970339,9.5125138432297941e-05,orientation_unresolved,-1.1422858055729113,-1.7548362442973571,0.82100629377106127,0.75578514483772841,0.20585517245440485,-1.3810952494327506,0,0,108.43494882292201
-100,300.00000000000006,300.00000000000006,1,0,0.00018263410238550493,,20.347934463612312,171.88628783993749,0.00018263410238550493,orientation_unresolved,-1.1956578744248354,-0.66976802306230598,-0.35696415723159802,-0.16196897758296508,-0.21962915943300879,-9.7094729729540877e-17,0,0,108.43494882292201
-100,300.00000000000006,350.00000000000006,0,0,17.419208656987635,,,,,position_unresolved,,,,,,,0,0,108.43494882292201
-100,350.00000000000006,-300.00000000000006,0,0,161.35286383624143,,,,,position_unresolved,,,,,,,0,0,105.94539590092285
-100,350.00000000000006,-250,0,0,123.91278191516221,,,,,position_unresolved,,,,,,,0,0,105.94539590092285
-100,350.00000000000006,-200,0,0,86.726952862746359,,,,,position_unresolved,,,,,,,0,0,105.94539590092285
-100,350.00000000000006,-150.00000000000003,0,0,53.639147837646462,,,,,position_unresolved,,,,,,,0,0,105.94539590092285
-100,350.00000000000006,-100,0,0,25.940892843272426,,,,,position_unresolved,,,,,,,0,0,105.94539590092285
-100,350.00000000000006,-50,0,0,4.608708195358072,,,,,position_unresolved,,,,,,,0,0,105.94539590092285
-100,350.00000000000006,0,1,0,0.00017641934846548667,,13.871229541937806,173.53281793626084,0.00017641934846548667,orientation_unresolved,-1.308697699988177,-1.7695870477046425,0.26079006603683902,0.19816976044436821,-0.57830776444289755,-0.31547110235019066,0,0,105.94539590092285
-100,350.00000000000006,50,1,0,9.8241492256360142e-05,,9.71942355179152,64.012692707328171,9.8241492256360142e-05,orientation_unresolved,-1.0943303297224489,-1.4393688796660504,-0.093382274423190137,-0.70415658980285167,-0.61852272987195345,-1.3811603844202529,0,0,105.94539590092285
-100,350.00000000000006,100,1,0,0.0003208546651268114,,17.948457052566422,168.54984274940048,0.0003208546651268114,orientation_unresolved,-1.2375366555748155,-1.073470301847202,-0.54056465895177663,-0.1923852272283989,-0.28232809986434509,4.7039800549625581e-17,0,0,105.94539590092285
-100,350.00000000000006,150.00000000000003,1,0,9.3289827418342522e-05,,19.4129594943042,117.14689672638981,9.3289827418342522e-05,orientation_unresolved,-1.2119762660629949,-1.0210775786306643,-0.36482842809391486,-0.29615921071883095,-0.39027067754326472,-0.80934405943990129,0,0,105.94539590092285
-100,350.00000000000006,200,1,0,0.00028671115961676678,,7.1547723982268847,109.12447933465094,0.00028671115961676678,orientation_unresolved,-1.4259219912150265,-1.3930579731822901,0.01975767474338121,-1.072475541726418,0.43613385002086164,-0.13952379134153786,0,0,105.94539590092285
-100,350.00000000000006,250,0,0,7.254001863132534,,,,,position_unresolved,,,,,,,0,0,105.94539590092285
-100,350.00000000000006,300.00000000000006,0,0,29.066958948213383,,,,,position_unresolved,,,,,,,0,0,105.94539590092285
-100,400,-250,0,0,156.46325958643368,,,,,position_unresolved,,,,,,,0,0,104.0362434679265
-100,400,-200,0,0,121.94260510740456,,,,,position_unresolved,,,,,,,0,0,104.0362434679265
-100,400,-150.00000000000003,0,0,92.965574646901132,,,,,position_unresolved,,,,,,,0,0,104.0362434679265
-100,400,-100,0,0,68.517409898689223,,,,,position_unresolved,,,,,,,0,0,104.0362434679265
-100,400,-50,0,0,49.461405800780625,,,,,position_unresolved,,,,,,,0,0,104.0362434679265
-100,400,0,0,0,35.44606927488492,,,,,position_unresolved,,,,,,,0,0,104.0362434679265
-100,400,50,0,0,26.97876740332153,,,,,position_unresolved,,,,,,,0,0,104.0362434679265
-100,400,100,0,0,24.398904668753257,,,,,position_unresolved,,,,,,,0,0,104.0362434679265
-100,400,150.00000000000003,0,0,27.815293417038369,,,,,position_unresolved,,,,,,,0,0,104.0362434679265
-100,400,200,0,0,37.084395884736686,,,,,position_unresolved,,,,,,,0,0,104.0362434679265
-100,400,250,0,0,51.838853308966065,,,,,position_unresolved,,,,,,,0,0,104.0362434679265
-100,450,-150.00000000000003,0,0,134.30146338581488,,,,,position_unresolved,,,,,,,0,0,102.52880770915151
-100,450,-100,0,0,112.64297870614651,,,,,position_unresolved,,,,,,,0,0,102.52880770915151
-100,450,-50,0,0,95.319082496255675,,,,,position_unresolved,,,,,,,0,0,102.52880770915151
-100,450,0,0,0,82.662590880892708,,,,,position_unresolved,,,,,,,0,0,102.52880770915151
-100,450,50,0,0,75.053913190308847,,,,,position_unresolved,,,,,,,0,0,102.52880770915151
-100,450,100,0,0,72.741576742909601,,,,,position_unresolved,,,,,,,0,0,102.52880770915151
-100,450,150.00000000000003,0,0,75.804295181610271,,,,,position_unresolved,,,,,,,0,0,102.52880770915151
-50,-450,-150.00000000000003,0,0,126.00786207360406,,,,,position_unresolved,,,,,,,0,0,-96.340191745909905
-50,-450,-100,0,0,103.93055068362868,,,,,position_unresolved,,,,,,,0,0,-96.340191745909905
-50,-450,-50,0,0,86.290529971001988,,,,,position_unresolved,,,,,,,0,0,-96.340191745909905
-50,-450,0,0,0,73.388038174972721,,,,,position_unresolved,,,,,,,0,0,-96.340191745909905
-50,-450,50,0,0,65.624846016946307,,,,,position_unresolved,,,,,,,0,0,-96.340191745909905
-50,-450,100,0,0,63.264515453276339,,,,,position_unresolved,,,,,,,0,0,-96.340191745909905
-50,-450,150.00000000000003,0,0,66.390697325601423,,,,,position_unresolved,,,,,,,0,0,-96.340191745909905
-50,-400,-250,0,0,147.12224576524162,,,,,position_unresolved,,,,,,,0,0,-97.125016348901809
-50,-400,-200,0,0,113.76362678201671,,,,,position_unresolved,,,,,,,0,0,-97.125016348901809
-50,-400,-150.00000000000003,0,0,83.998636383756576,,,,,position_unresolved,,,,,,,0,0,-97.125016348901809
-50,-400,-100,0,0,58.951445349348731,,,,,position_unresolved,,,,,,,0,0,-97.125016348901809
-50,-400,-50,0,0,39.472124533052572,,,,,position_unresolved,,,,,,,0,0,-97.125016348901809
-50,-400,0,0,0,25.120475343379326,,,,,position_unresolved,,,,,,,0,0,-97.125016348901809
-50,-400,50,0,0,16.438645687912075,,,,,position_unresolved,,,,,,,0,0,-97.125016348901809
-50,-400,100,0,0,13.791613055408982,,,,,position_unresolved,,,,,,,0,0,-97.125016348901809
-50,-400,150.00000000000003,0,0,17.296767070227933,,,,,position_unresolved,,,,,,,0,0,-97.125016348901809
-50,-400,200,0,0,26.799293919939466,,,,,position_unresolved,,,,,,,0,0,-97.125016348901809
-50,-400,250,0,0,41.904435181715314,,,,,position_unresolved,,,,,,,0,0,-97.125016348901809
-50,-350.00000000000006,-300.00000000000006,0,0,153.64413512488892,,,,,position_unresolved,,,,,,,0,0,-98.130102354155994
-50,-350.00000000000006,-250,0,0,113.90993772599479,,,,,position_unresolved,,,,,,,0,0,-98.130102354155994
-50,-350.00000000000006,-200,0,0,76.995089281153042,,,,,position_unresolved,,,,,,,0,0,-98.130102354155994
-50,-350.00000000000006,-150.00000000000003,0,0,43.713747637260873,,,,,position_unresolved,,,,,,,0,0,-98.130102354155994
-50,-350.00000000000006,-100,0,0,15.763083961731484,,,,,position_unresolved,,,,,,,0,0,-98.130102354155994
-50,-350.00000000000006,-50,1,0,0.00025332315017590417,,8.8520494925945332,115.13584185082081,0.00025332315017590417,orientation_unresolved,1.3962989175996285,-1.6918395246682714,-0.3960274654919993,0.50692631084701056,0.0037246212643811199,0.66069144295511284,0,0,-98.130102354155994
-50,-350.00000000000006,0,1,0,0.00016182745263736381,,9.7071605915477246,141.26971031412654,0.00016182745263736381,orientation_unresolved,1.2693664721485638,-1.8526133114910173,0.49799590473973804,0.38393650041857913,-0.82487573078257104,-1.1007379434946731,0,0,-98.130102354155994
-50,-350.00000000000006,50,1,0,6.4089976941157382e-05,,10.99951636399933,165.56010174434985,6.4089976941157382e-05,orientation_unresolved,1.3588185501161132,-1.1284315983328139,-0.62215813550324039,0.23461959386964204,-0.35202947532151557,1.2423610348117372e-17,0,0,-98.130102354155994
-50,-350.00000000000006,100,1,0,5.8838021882350222e-05,,7.2043119952326409,104.36156163208875,5.8838021882350222e-05,orientation_unresolved,1.4250573621371649,-1.185377603861965,-0.041897441059519501,-0.086279427284951971,-0.84938062538909309,-1.2994475495508921,0,0,-98.130102354155994
-50,-350.00000000000006,150.00000000000003,1,0,0.00023832176046505865,,3.9918678917888535,158.44345613923579,0.00023832176046505865,orientation_unresolved,1.4811250887785363,-0.86863606124799286,-0.99995630659598567,0.54009710716356507,0.3724550627076883,-0.88952457341211866,0,0,-98.130102354155994
-50,-350.00000000000006,200,1,0,0.00014949099673142098,,10.541678863257003,168.27456425486412,0.00014949099673142098,orientation_unresolved,1.3668093219431687,-0.83856893846232439,-0.47348165775653456,0.2116978040067401,-0.30295693904377335,-1.8519415289791145e-17,0,0,-98.130102354155994
-50,-350.00000000000006,250,1,0,0.00047464596985598989,,9.30200230748979,168.5794213628738,0.00047464596985598989,orientation_unresolved,1.3884457595010897,-0.9621585447926061,-0.2499509877879349,0.21001759440606876,-0.073789239092643205,3.1600343651619563e-18,0,0,-98.130102354155994
-50,-350.00000000000006,300.00000000000006,0,0,18.580578152822067,,,,,position_unresolved,,,,,,,0,0,-98.130102354155994
-50,-300.00000000000006,-350.00000000000006,0,0,171.87953077669698,,,,,position_unresolved,,,,,,,0,0,-99.462322208025626
-50,-300.00000000000006,-300.00000000000006,0,0,127.31403402027399,,,,,position_unresolved,,,,,,,0,0,-99.462322208025626
-50,-300.00000000000006,-250,0,0,84.477091165088538,,,,,position_unresolved,,,,,,,0,0,-99.462322208025626
-50,-300.00000000000006,-200,0,0,45.985789518459818,,,,,position_unresolved,,,,,,,0,0,-99.462322208025626
-50,-300.00000000000006,-150.00000000000003,0,0,6.8331978633900619,,,,,position_unresolved,,,,,,,0,0,-99.462322208025626
-50,-300.00000000000006,-100,1,0,7.5713989128247026e-05,,13.912935070787801,127.81339056069542,7.5713989128247026e-05,orientation_unresolved,1.2871069080378121,-1.779208699231928,-0.13162966143013421,0.24052448483954533,-0.68358628867823223,0.71377008088152305,0,0,-99.462322208025626
-50,-300.00000000000006,-50,1,0,5.1232489926767246e-05,,15.644148294450979,116.31811808934106,5.1232489926767246e-05,orientation_unresolved,1.2777544303864716,-1.2745023143838132,-0.86679072310415906,0.47539660853908861,-0.37588699426380556,0.66069144295511284,0,0,-99.462322208025626
-50,-300.00000000000006,0,1,0,5.4831741363764023e-05,,14.653751398224173,163.33336696162144,5.4831741363764023e-05,orientation_unresolved,1.2950401171271619,-1.0371332916709415,-0.85647430650229583,0.24451686132879483,-0.59422648799138256,1.2865985380448055e-17,0,0,-99.462322208025626
-50,-300.00000000000006,50,1,0,8.7286810963733115e-05,,7.8915735367123085,110.91287452040135,8.7286810963733115e-05,orientation_unresolved,1.4130623854160131,-1.0914335106469861,-0.21502108294714481,-0.092966365605009413,-1.2085147942165018,-1.2994475495508921,0,0,-99.462322208025626
-50,-300.00000000000006,100,1,0,5.9725919037025317e-05,,0.73535408344372766,56.263602198565287,5.9725919037025317e-05,orientation_unresolved,-1.5379619768708184,0.84801404562750193,1.6909259697910295,0.5241890858836028,-1.0821645046980399,-1.2304220573001736,0,0,-99.462322208025626
-50,-300.00000000000006,150.00000000000003,1,0,4.0323448793550385e-05,,5.2931372808524575,106.9801831155536,4.0323448793550385e-05,orientation_unresolved,1.4584136534839613,-0.64981882922589418,-0.50857464053618417,-0.20628427905068125,-0.99764189869279984,-1.1609077973846236,0,0,-99.462322208025626
-50,-300.00000000000006,200,1,0,5.8982056671650864e-05,,8.8008819152926065,51.390578572387767,5.8982056671650864e-05,orientation_unresolved,-1.3971919602938159,1.410290625753283,-0.9551997580709124,-0.80261525959486946,1.309135278534743,-0.48197481845497164,0,0,-99.462322208025626
-50,-300.00000000000006,250,1,0,6.5567482051594867e-05,,5.2865302343962908,50.456179074335381,6.5567482051594867e-05,orientation_unresolved,-1.4585289681984537,1.3297395502767724,-0.914652532193856,-0.73052953729396186,1.0720002893718248,-0.48197481845497164,0,0,-99.462322208025626
-50,-300.00000000000006,300.00000000000006,1,0,0.00015263353706977884,,2.669172922738321,89.689923597184503,0.00015263353706977884,orientation_unresolved,-1.4790489523302319,0.72257147707869651,0.51644326538402641,1.1900512056290533,-0.63283003891967993,0.095334749616539288,0,0,-99.462322208025626
-50,-300.00000000000006,350.00000000000006,0,0,6.6257662677306541,,,,,position_unresolved,,,,,,,0,0,-99.462322208025626
-50,-250,-400,0,0,198.284328048541,,,,,position_unresolved,,,,,,,0,0,-101.30993247402021
-50,-250,-350.00000000000006,0,0,152.10881603643679,,,,,position_unresolved,,,,,,,0,0,-101.30993247402021
-50,-250,-300.00000000000006,0,0,106.61975697029219,,,,,position_unresolved,,,,,,,0,0,-101.30993247402021
-50,-250,-250,0,0,62.026466999357915,,,,,position_unresolved,,,,,,,0,0,-101.30993247402021
-50,-250,-200,0,0,16.56145726772943,,,,,position_unresolved,,,,,,,0,0,-101.30993247402021
-50,-250,-150.00000000000003,1,0,0.00013361982018025194,,8.4479459471066036,73.446844180497848,0.00013361982018025194,orientation_unresolved,1.0277157257432583,-1.8745907530258445,-0.54354967488817063,1.0578388964019509,-0.5675708253306232,0.87207611586633349,0,0,-101.30993247402021
-50,-250,-100,1,0,3.3648598282489685e-05,,12.478738565207335,71.207552087268837,3.3648598282489685e-05,orientation_unresolved,0.9067504341817979,-1.6272620952882264,-0.68395987963736971,1.0188419869774561,-0.86432879655058537,0.87207611586633349,0,0,-101.30993247402021
-50,-250,-50,1,0,6.7555731327840449e-05,,13.462757190861156,70.843206411828277,6.7555731327840449e-05,orientation_unresolved,0.83693026023249328,-1.4182316109502813,-0.7510876577716612,1.0016676220588474,-1.0904684270918992,0.87207611586633349,0,0,-101.30993247402021
-50,-250,0,1,0,4.2247709804666057e-05,,18.836421364526252,142.04253539008334,4.2247709804666057e-05,orientation_unresolved,1.1769782519761836,-0.78383321998893063,-1.2220387546909104,0.38041498928928758,-0.69578218660881241,0.21414526860371408,0,0,-101.30993247402021
-50,-250,50,1,0,3.2601645133522438e-05,,19.438640159965693,163.52187929155986,3.2601645133522438e-05,orientation_unresolved,1.2115280538930979,-0.60961594048780787,-1.0609472923243968,0.2274075466805231,-0.952605785346189,-2.6344033172651363e-17,0,0,-101.30993247402021
-50,-250,100,1,0,2.3984095480016461e-05,,19.324659288596884,165.69391540053545,2.3984095480016461e-05,orientation_unresolved,1.2135173953827758,-0.41298309884936751,-1.0365254750730462,0.2152806540489568,-1.0073108606318557,-3.7104513196306466e-18,0,0,-101.30993247402021
-50,-250,150.00000000000003,1,0,2.4650319414199398e-05,,5.5811160118276248,110.23056968886405,2.4650319414199398e-05,orientation_unresolved,1.4533874764527297,-0.42238404431139331,-0.63076771814988897,-0.20786327341852573,-1.2972650860150654,-1.1609077973846236,0,0,-101.30993247402021
-50,-250,200,1,0,3.7597978621055102e-05,,5.4235692378875742,108.20095295977312,3.7597978621055102e-05,orientation_unresolved,1.4561371863838788,-0.32061037144791005,-0.54836272191304203,-0.21576315053109762,-1.2477831543150635,-1.1609077973846236,0,0,-101.30993247402021
-50,-250,250,1,0,5.8176473817787041e-05,,15.351028312795155,40.973721131009327,5.8176473817787041e-05,orientation_unresolved,-1.2828703391697511,1.2153391072666901,-1.1277269077833068,-0.93735942758703261,1.4803057017268204,-0.48197481845497164,0,0,-101.30993247402021
-50,-250,300.00000000000006,1,0,5.4085795251761586e-05,,17.302976508100624,172.02322467606285,5.4085795251761586e-05,orientation_unresolved,1.2488024163333094,-0.1623896666079255,-0.64857044456415958,0.19234528142487348,-0.71223830200441429,3.0710943722792188e-17,0,0,-101.30993247402021
-50,-250,350.00000000000006,1,0,5.9678501211099107e-05,,15.882701923139532,172.35156254427349,5.9678501211099107e-05,orientation_unresolved,1.2735908841232764,-0.28784543361537618,-0.45530614982275969,0.19011225711020924,-0.47085856248833058,-3.950070634552974e-17,0,0,-101.30993247402021
-50,-250,400,0,0,7.0656352914679008,,,,,position_unresolved,,,,,,,0,0,-101.30993247402021
-50,-200,-400,0,0,187.22033520583511,,,,,position_unresolved,,,,,,,0,0,-104.0362434679265
-50,-200,-350.00000000000006,0,0,137.74941096502579,,,,,position_unresolved,,,,,,,0,0,-104.0362434679265
-50,-200,-300.00000000000006,0,0,91.828690185640738,,,,,position_unresolved,,,,,,,0,0,-104.0362434679265
-50,-200,-250,0,0,46.298470781930327,,,,,position_unresolved,,,,,,,0,0,-104.0362434679265
-50,-200,-200,1,0,0.00011382789666216298,,0.88288747301999226,178.11800055483374,0.00011382789666216298,orientation_unresolved,1.2996806276403372,-2.006625931504554,-0.97933157568877971,0.10627885213486864,0.36630252229195409,-0.13038098157296008,0,0,-104.0362434679265
-50,-200,-150.00000000000003,1,0,6.5239817522951343e-05,,12.025070406023769,144.76433319848709,6.5239817522951343e-05,orientation_unresolved,1.3061204536400868,-1.5216780857334526,-1.3409192554256504,0.54023666620532385,0.090115947484894932,-1.2752500774320583,0,0,-104.0362434679265
-50,-200,-100,1,0,3.934789031239915e-05,,24.90511143155566,154.27488393750622,3.934789031239915e-05,orientation_unresolved,1.1161201317381719,-1.273898335121967,-1.0860143240056594,0.30719410760259735,-0.71278677666187906,3.6094404765624544e-17,0,0,-104.0362434679265
-50,-200,-50,1,0,5.1630747042301925e-05,,9.3655960424355644,75.33945229477402,5.1630747042301925e-05,orientation_unresolved,-1.2544249209234024,1.2218473180181271,1.2389926634724395,-1.0062421045168475,1.0810504123205755,1.3873358394426454,0,0,-104.0362434679265
-50,-200,0,1,0,2.3483957784415247e-05,,9.3655960424355644,73.291696813468846,2.3483957784415247e-05,orientation_unresolved,-1.1846997936602683,1.0196071576756178,1.2870233929133663,-1.0180905431166702,1.2864409219559068,1.3873358394426454,0,0,-104.0362434679265
-50,-200,50,1,0,7.306025352903664e-05,,19.314127223445102,161.59903562873006,7.306025352903664e-05,orientation_unresolved,1.1074836523675327,-0.4351606953212237,-1.213701214596709,0.22763707166762065,-1.1808246184638507,-1.0774574854159058e-17,0,0,-104.0362434679265
-50,-200,100,1,0,2.0618991189461777e-05,,17.362005966808386,164.70491199181501,2.0618991189461777e-05,orientation_unresolved,1.1130955855150573,-0.20168842636408574,-1.1769124715029504,0.21422338854545589,-1.2477721579231889,4.3520805697624007e-17,0,0,-104.0362434679265
-50,-200,150.00000000000003,1,0,2.3487242183686256e-05,,15.424205207241819,111.02100735788603,2.3487242183686256e-05,orientation_unresolved,-1.2815931614252725,0.41741128103364589,0.66513205536669329,-0.80983361489813221,1.7146255021879881,-1.0062193786027824,0,0,-104.0362434679265
-50,-200,200,1,0,1.7776657220251458e-05,,12.795597986224028,122.75927101684411,1.7776657220251458e-05,orientation_unresolved,0.70716511761694179,-1.6291414815868395,0.10066164381953863,-0.80076671646394293,1.8615417632839961,-0.076391530088351312,0,0,-104.0362434679265
-50,-200,250,1,0,6.2699572383613709e-05,,9.2093214603880629,163.23288288270254,6.2699572383613709e-05,orientation_unresolved,1.0163750917152345,-1.8613022434750213,0.64140749395001284,-0.33992966964956406,1.3269119947147896,1.1612814297461511,0,0,-104.0362434679265
-50,-200,300.00000000000006,1,0,3.4156624265935728e-05,,14.056975190142484,65.331507019489337,3.4156624265935728e-05,orientation_unresolved,-1.1651535181465198,0.41713433794336424,-0.216664743255084,-0.99129656149677492,1.5366617437685719,-0.9355753518581601,0,0,-104.0362434679265
-50,-200,350.00000000000006,1,0,3.382948387784894e-05,,34.832537765993848,113.41691620467083,3.382948387784894e-05,orientation_unresolved,0.94285385595303373,-1.232420312105287,0.32613717944514004,-0.52207810856554937,0.98051692959558523,-0.5540961211755866,0,0,-104.0362434679265
-50,-200,400,1,0,0.00011616642248748372,,21.102702689277351,128.29726112078711,0.00011616642248748372,orientation_unresolved,1.1824846837975449,-0.1151257972054992,-0.60820518568532544,0.60848552467205064,-0.19875860689431457,0.45313082813300465,0,0,-104.0362434679265
-50,-150.00000000000003,-450,0,0,230.80115857807647,,,,,position_unresolved,,,,,,,0,0,-108.43494882292201
-50,-150.00000000000003,-400,0,0,181.73582028139074,,,,,position_unresolved,,,,,,,0,0,-108.43494882292201
-50,-150.00000000000003,-350.00000000000006,0,0,132.03830681100391,,,,,position_unresolved,,,,,,,0,0,-108.43494882292201
-50,-150.00000000000003,-300.00000000000006,0,0,82.81180604326525,,,,,position_unresolved,,,,,,,0,0,-108.43494882292201
-50,-150.00000000000003,-250,0,0,33.98939979450337,,,,,position_unresolved,,,,,,,0,0,-108.43494882292201
-50,-150.00000000000003,-200,1,0,0.00010295489736913801,,4.2289852870875881,179.61725467327739,0.00010295489736913801,orientation_unresolved,1.2603167877904213,-1.9482255075552894,-0.64260065916792208,-0.1431574440615502,-0.60616945127357369,0.20562362098811565,0,0,-108.43494882292201
-50,-150.00000000000003,-150.00000000000003,1,0,2.4961456965018766e-05,,15.104718229649515,177.9598691254038,2.4961456965018766e-05,orientation_unresolved,1.2871692611015035,-1.6429053710128538,-0.78462638107716276,-0.13717900888324264,-0.91020563175182079,0.20562362098811565,0,0,-108.43494882292201
-50,-150.00000000000003,-100,1,0,3.0797433495746335e-05,,13.971804964796446,176.78895683425003,3.0797433495746335e-05,orientation_unresolved,1.3069423277127081,-1.3712781214136684,-0.8766428114314192,-0.13956777179144608,-1.1609312733160124,0.20562362098811565,0,0,-108.43494882292201
-50,-150.00000000000003,-50,1,0,2.7836194330200958e-05,,9.3655960424355644,86.767706804519065,2.7836194330200958e-05,orientation_unresolved,-1.1699456590268054,1.2203659358113679,1.3819763863449166,-0.86131102612992816,1.2161374354831107,1.3873358394426454,0,0,-108.43494882292201
-50,-150.00000000000003,0,1,0,3.5789405040895828e-05,,15.475656781447379,111.51687672290956,3.5789405040895828e-05,orientation_unresolved,-1.1314209372771891,0.69334134139777759,1.8461818396962144,-0.96067695467046366,1.1206950692381339,0.41014889110166208,0,0,-108.43494882292201
-50,-150.00000000000003,50,1,0,3.4332194119373973e-05,,9.3489428479905126,158.87713382011225,3.4332194119373973e-05,orientation_unresolved,0.95874555369438741,-0.2945783646133448,-1.3491416760595245,0.22364260370883524,-1.3876264925166863,-3.9552131200127569e-18,0,0,-108.43494882292201
-50,-150.00000000000003,100,1,0,4.1023092853847878e-05,,20.168789036644093,117.80791224279635,4.1023092853847878e-05,orientation_unresolved,-1.0783145242774996,0.069939618127501338,1.6682860550725103,-0.88462528660634254,1.5190327542914661,-0.4410422763732435,0,0,-108.43494882292201
-50,-150.00000000000003,150.00000000000003,1,0,0.00012904744322382849,,4.5152433144565114,48.924295412713946,0.00012904744322382849,orientation_unresolved,-1.2584576516739756,-0.58480829248097888,1.8413090582725429,-0.77710882545105886,1.1739558674013733,1.4719904644289687,0,0,-108.43494882292201
-50,-150.00000000000003,200,1,0,3.6500805432716466e-05,,7.0577929340759251,170.9481384484626,3.6500805432716466e-05,orientation_unresolved,0.98857422748646884,0.35650239220930291,-1.0991648999331072,0.19203672367113189,-1.4276146021712806,2.4244453661845063e-18,0,0,-108.43494882292201
-50,-150.00000000000003,250,1,0,2.9870647443951442e-05,,7.793989559499626,167.12098619115233,2.9870647443951442e-05,orientation_unresolved,0.92751774152447841,-1.8860044451540345,0.75548836520765861,-0.25183681663515123,1.4914959770551381,1.1612814297461511,0,0,-108.43494882292201
-50,-150.00000000000003,300.00000000000006,1,0,2.4349769620723224e-05,,26.774393550196869,176.9216551762643,2.4349769620723224e-05,orientation_unresolved,0.9420385825302523,-1.5547339021576965,0.52395626296437747,-0.24021159491965166,1.3970531613826489,0.6954780275726411,0,0,-108.43494882292201
-50,-150.00000000000003,350.00000000000006,1,0,0.00018409576614772098,,29.385755766505866,176.54238487471133,0.00018409576614772098,orientation_unresolved,1.0379181354824591,0.29272818854834504,-0.68780524103913809,0.1742999569683652,-0.94248195677483004,-4.3561198547333571e-17,0,0,-108.43494882292201
-50,-150.00000000000003,400,1,0,5.1534531841573024e-05,,27.141966140645366,176.98848490193541,5.1534531841573024e-05,orientation_unresolved,1.0770796521758166,0.12233275026368301,-0.49343969478505756,0.16480508775769695,-0.66685281798052887,3.5986499975929822e-17,0,0,-108.43494882292201
-50,-150.00000000000003,450,1,0,0.00044060045959933811,,22.403357153937915,175.04898335082868,0.00044060045959933811,orientation_unresolved,1.1597839809584538,-0.29877691851542498,-0.12161057762648106,0.16207547960730956,-0.11827456489636103,4.0686138761467172e-18,0,0,-108.43494882292201
-50,-100,-450,0,0,231.17680301154275,,,,,position_unresolved,,,,,,,0,0,-116.56505117707799
-50,-100,-400,0,0,183.92991213380148,,,,,position_unresolved,,,,,,,0,0,-116.56505117707799
-50,-100,-350.00000000000006,0,0,134.22526383022492,,,,,position_unresolved,,,,,,,0,0,-116.56505117707799
-50,-100,-300.00000000000006,0,0,84.822865689217494,,,,,position_unresolved,,,,,,,0,0,-116.56505117707799
-50,-100,-250,0,0,37.743346318873279,,,,,position_unresolved,,,,,,,0,0,-116.56505117707799
-50,-100,-200,1,0,3.8875535168955216e-05,,8.1160561028710525,143.80004594810919,3.8875535168955216e-05,orientation_unresolved,0.76910572178020298,-1.880383323561686,-1.0189158599441133,0.41079600443917863,-0.45868923343408885,-1.0037572360287107e-17,0,0,-116.56505117707799
-50,-100,-150.00000000000003,1,0,4.167215847026522e-05,,2.4536200069813061,150.71014179188714,4.167215847026522e-05,orientation_unresolved,-1.3147676843661598,1.645831865438051,1.5329070037540113,-1.1938133137212872,0.59993332890748163,-3.9065839982003152e-17,0,0,-116.56505117707799
-50,-100,-100,1,0,5.8178228266683094e-05,,10.997337029479425,145.03120457560169,5.8178228266683094e-05,orientation_unresolved,0.7047231775735725,-1.2416798697249973,-1.3588565866789879,0.27753050385639966,-0.94228679251797298,-1.3657265352534286e-17,0,0,-116.56505117707799
-50,-100,-50,1,0,2.7629892986653744e-05,,5.7951760647393042,147.62108164126113,2.7629892986653744e-05,orientation_unresolved,0.70882093135589119,-0.91836435542731909,-1.4496514237324276,0.24012714486804301,-1.168063948336769,-8.0864837984491169e-19,0,0,-116.56505117707799
-50,-100,0,1,0,2.8779525567148551e-05,,3.3417620308171996,151.17946901644385,2.8779525567148551e-05,orientation_unresolved,0.72105613838267679,-0.56745456299404307,-1.4924715765390042,0.21582084137387247,-1.3818347830189242,-1.5340798892478332e-17,0,0,-116.56505117707799
-50,-100,50,1,0,9.4104806729325234e-05,,16.003370532372937,141.73681934971137,9.4104806729325234e-05,orientation_unresolved,-0.81571217345280245,0.81157424341730011,1.8369714972345141,-0.77997081336305274,1.6729161087460402,0.29192644317710703,0,0,-116.56505117707799
-50,-100,100,1,0,0.00020463381713583728,,2.1611754540788435,69.48321952734031,0.00020463381713583728,orientation_unresolved,-0.51018486425816778,-1.192968268898017,2.0785633770541003,-0.85457337341958239,1.8582715545354955,-1.1100000137018692e-17,0,0,-116.56505117707799
-50,-100,150.00000000000003,1,0,3.5405117171088089e-05,,4.4679309941647904,91.575118588692675,3.5405117171088089e-05,orientation_unresolved,-0.2357391287931416,-1.8346631887415723,1.4978588989094965,-0.80930911725745258,1.8889880979390996,-1.4728162201948174,0,0,-116.56505117707799
-50,-100,200,1,0,0.00010941684105661338,,24.608223320919812,43.275215478258815,0.00010941684105661338,orientation_unresolved,-0.473791232863991,-1.5057464257783795,1.5255592620296001,-0.80714254141981334,1.6127587062915285,-4.2126539567046025e-17,0,0,-116.56505117707799
-50,-100,250,1,0,1.7267224510288957e-05,,4.0098842767370018,175.43810821427365,1.7267224510288957e-05,orientation_unresolved,0.78246112584513661,0.66576139654773592,-1.0220255938846063,0.16890605000624026,-1.4808106435418844,2.1255925040646942e-17,0,0,-116.56505117707799
-50,-100,300.00000000000006,1,0,4.601724050447986e-05,,15.745864575524431,119.55393484652203,4.601724050447986e-05,orientation_unresolved,0.54634246244923867,-1.7472180444173249,1.201597913543325,-0.38448511275584174,1.0619914539759334,-0.39428528863751738,0,0,-116.56505117707799
-50,-100,350.00000000000006,1,0,4.0282049595816093e-05,,19.167817671939673,67.76063424718123,4.0282049595816093e-05,orientation_unresolved,-0.10674432401314869,-1.1486156068571385,1.0397015046429798,-0.90209553263861564,0.98206293812550449,-1.5112706905896622e-17,0,0,-116.56505117707799
-50,-100,400,1,0,5.6504129954430463e-05,,17.766360057718618,136.7276275155107,5.6504129954430463e-05,orientation_unresolved,1.0180969127116701,-1.2719894274509904,1.2707903623113757,0.22782616041415577,0.0073613571306913863,-1.2407148476928969,0,0,-116.56505117707799
-50,-100,450,1,0,0.0001721847107440102,,3.9927877210997038,174.08402010529576,0.0001721847107440102,orientation_unresolved,-1.4811090347285056,0.49726850491783042,-0.14853055482894076,0.94815226570622935,-0.56526736935427102,1.2413655015824978,0,0,-116.56505117707799
-50,-50,-450,0,0,229.73312963462405,,,,,position_unresolved,,,,,,,0,0,-135
-50,-50,-400,0,0,179.64546579466241,,,,,position_unresolved,,,,,,,0,0,-135
-50,-50,-350.00000000000006,0,0,129.72731798235282,,,,,position_unresolved,,,,,,,0,0,-135
-50,-50,-300.00000000000006,0,0,81.268039058161776,,,,,position_unresolved,,,,,,,0,0,-135
-50,-50,-250,0,0,31.18726084997904,,,,,position_unresolved,,,,,,,0,0,-135
-50,-50,-200,1,0,0.00010177773329913907,,7.4523745613171579,159.00267594514909,0.00010177773329913907,orientation_unresolved,0.37967400886961655,-1.8919667516465131,-1.1775429863339375,0.37290162574804125,-0.4074690007001523,-0.47134854802046117,0,0,-135
-50,-50,-150.00000000000003,1,0,6.3054457473226154e-05,,7.9771301281807308,170.28582321683558,6.3054457473226154e-05,orientation_unresolved,-0.58410206561618205,1.9456398923083704,1.6075318044291576,-1.0122316354289731,0.58330971340377202,3.4455868218251076e-17,0,0,-135
-50,-50,-100,1,0,9.0984381390808175e-06,,15.341618376520294,172.04440919565445,9.0984381390808175e-06,orientation_unresolved,1.0720062599135463,-1.4214766636794665,-1.2053413023598121,-0.20271953932881392,-1.202926733120657,1.2830345735401503,0,0,-135
-50,-50,-50,1,0,2.5842879444372924e-05,,29.686472388671536,127.15017510697986,2.5842879444372924e-05,orientation_unresolved,-1.0326696403101925,1.5049214962640187,1.4476200669759478,-0.51412829494099777,1.4085394945757976,0.84295996657297967,0,0,-135
-50,-50,0,1,0,4.1169971646314695e-05,,24.324620932192754,132.40544720107266,4.1169971646314695e-05,orientation_unresolved,-0.9535445762746827,1.3838089888378213,1.5294154297565286,-0.51345778783584717,1.6603223533388656,0.84295996657297967,0,0,-135
-50,-50,50,1,0,0.00037445178018432934,,11.394992775654348,150.29476753754301,0.00048036678590564349,orientation_unresolved,-0.81391600732296787,0.83324619092450913,1.9174028622649237,-0.51563556003701871,1.7050844837113628,0.29192644317710703,0,0,-135
-50,-50,100,1,0,5.2160831331539797e-05,,4.7467947303730655,153.10826216041633,5.2160831331539797e-05,orientation_unresolved,-0.73107610295678793,0.70731046396547159,1.9477548341122395,-0.56162059472111314,2.002019880943835,0.29192644317710703,0,0,-135
-50,-50,150.00000000000003,1,0,0.0003059953809683782,,2.1868201438276467,79.574490337476504,0.0003059953809683782,orientation_unresolved,-0.51899451103673755,-1.880439609129688,1.3206132684291183,-0.53923229234482284,2.0466998662464331,-1.3490273535879531e-17,0,0,-135
-50,-50,200,1,0,3.7901292623052114e-05,,5.2267531560619211,104.6087603715338,3.7901292623052114e-05,orientation_unresolved,-0.22579373280830492,-1.691037213174122,0.95262021715633738,-0.43621709984386176,1.9936430261428759,0.13023610335695113,0,0,-135
-50,-50,250,1,0,0.00014296638768917209,,14.602488760638646,87.393107146736043,0.00014296638768917209,orientation_unresolved,-0.58272312514051716,-1.2804591835688355,0.81384174479276705,-0.50408918147221682,1.830005570046551,-1.2232731127549068,0,0,-135
-50,-50,300.00000000000006,1,0,3.1618560329723993e-05,,9.0089938429873673,179.8987703991713,3.1618560329723993e-05,orientation_unresolved,0.45483087501803565,0.8305782603699926,-0.91147566609520492,0.11075485809195126,-1.3935597219428699,-1.1980704973774754e-17,0,0,-135
-50,-50,350.00000000000006,1,0,6.1117923764636499e-05,,8.3882653580213482,125.8264003721866,6.1117923764636499e-05,orientation_unresolved,0.23422702547771077,-1.5973533376311655,1.9216865519082702,0.81149667755670296,-0.29479809126618883,1.4043934777664431,0,0,-135
-50,-50,400,1,0,5.3042014200521372e-05,,12.575307475891245,101.52128195145447,5.3042014200521372e-05,orientation_unresolved,1.3313158068899369,-1.1499121303718256,1.1963821668237793,0.90362160795794022,0.38862399492234778,0.52499355038538875,0,0,-135
-50,-50,450,1,0,8.1242145328625198e-05,,54.529221366454955,177.75359928314768,8.1242145328625198e-05,orientation_unresolved,0.59908187540141622,0.25601472909937345,-0.38431248846122207,0.078977644630566876,-0.51655092873098796,-1.5060720048795929e-17,0,0,-135
-50,0,-450,0,0,235.72244235624973,,,,,position_unresolved,,,,,,,0,0,180
-50,0,-400,0,0,182.02134875049632,,,,,position_unresolved,,,,,,,0,0,180
-50,0,-350.00000000000006,0,0,137.0957835154486,,,,,position_unresolved,,,,,,,0,0,180
-50,0,-300.00000000000006,0,0,80.183832862040575,,,,,position_unresolved,,,,,,,0,0,180
-50,0,-250,0,0,31.342926169573605,,,,,position_unresolved,,,,,,,0,0,180
-50,0,-200,1,0,7.7566881020073907e-05,,0.50968580515780704,121.15389061484251,7.7566881020073907e-05,orientation_unresolved,-0.099645350656011364,-1.8729430019649609,-1.3671198646050988,0.19705059422476878,-0.19510416322330493,1.5419006313442145,0,0,180
-50,0,-150.00000000000003,1,0,3.0574924807951528e-05,,11.844172392980722,145.96041643648047,3.0574924807951528e-05,orientation_unresolved,0.98420109818038637,-1.8153154194020362,-1.1518490853172365,-0.39962531373507848,-0.9556712844624099,1.2830345735401503,0,0,180
-50,0,-100,1,0,2.1878000379904732e-05,,15.341618376520294,141.65278428874353,2.1878000379904732e-05,orientation_unresolved,1.0214201746562408,-1.581100476751798,-1.2769688777359904,-0.35514800723912104,-1.2104416402255231,1.2830345735401503,0,0,180
-50,0,-50,1,0,4.4371180032317226e-05,,3.4031004170295702,141.24196636531963,4.4371180032317226e-05,orientation_unresolved,1.0646674976108828,-1.3862880997750215,-1.3372444637337089,-0.34134892656258481,-1.4914010197417384,1.4182660885472791,0,0,180
-50,0,0,0,0,6.2326848461074821e-05,,,,,collision_candidates_only,,,,,,,0,0,180
-50,0,50,1,0,5.5241823006678455e-05,,6.1372943719515822,136.18085963041165,0.00024526783629906697,orientation_unresolved,-1.4436803328402239,1.2956259168587569,1.6378382651825885,-0.41123985500914328,1.8986091225064639,0.88925249796316774,0,0,180
-50,0,100,1,0,0.00011392819737595215,,0.11593182786516318,144.64439740790414,0.00020520863682286025,orientation_unresolved,-1.4478331187854783,1.2071993180884686,1.8093590221223956,-0.44933601846933841,2.0828436858010591,0.88925249796316774,0,0,180
-50,0,150.00000000000003,1,0,0.00046998759242159621,,0,95.445043927364736,0.00046998759242159621,orientation_unresolved,-1.3083760602701244,-1.7575439985978065,1.320723959244722,-0.43694345307615962,2.0848670779051615,-0.98180169552908769,0,0,180
-50,0,200,1,0,0.00032934436798438333,,2.5393879204413174,149.68317616994096,0.00032934436798438333,orientation_unresolved,-0.4314111123877406,-1.7925682169714023,0.89459136146815654,-0.17989070949897776,2.0405463977080887,0.13023610335695113,0,0,180
-50,0,250,1,0,0.00014074653740904004,,16.438760783018864,151.28643326467056,0.00014074653740904004,orientation_unresolved,-0.18537423597968927,-1.7351247242219652,1.0082597667721165,-0.070701415480719135,1.6659162162028125,-0.94199337675476158,0,0,180
-50,0,300.00000000000006,1,0,2.084426635551554e-05,,29.121444655487391,149.96904672435636,2.084426635551554e-05,orientation_unresolved,-0.16482374612869702,-1.5137701326578048,0.93259928120132474,-0.063417201497789344,1.4145084217811374,-0.94199337675476158,0,0,180
-50,0,350.00000000000006,1,0,3.1912629802105374e-05,,35.695848846691455,180,3.1912629802105374e-05,orientation_unresolved,0,-1.399025133164379,1.0779157998575657,0,0.93160811790484022,0,0,0,180
-50,0,400,1,0,5.5786734788206826e-05,,36.879862095468546,180,5.5786734788206826e-05,orientation_unresolved,0,0.60641397581984358,-0.62937602764766321,0,-0.90712130554751513,0,0,0,180
-50,0,450,1,0,0.00014459415117279521,,57.842728656951451,180.00000000000003,0.00014459415117279521,orientation_unresolved,0,0.33480758098054358,-0.41400496185026042,0,-0.54125026339341609,0,0,0,180
-50,50,-450,0,0,229.57150860772282,,,,,position_unresolved,,,,,,,0,0,135
-50,50,-400,0,0,180.95897600450124,,,,,position_unresolved,,,,,,,0,0,135
-50,50,-350.00000000000006,0,0,132.44475538691961,,,,,position_unresolved,,,,,,,0,0,135
-50,50,-300.00000000000006,0,0,83.749287793845241,,,,,position_unresolved,,,,,,,0,0,135
-50,50,-250,0,0,32.680736800036136,,,,,position_unresolved,,,,,,,0,0,135
-50,50,-200,1,0,0.00025297620954892771,,9.959578210340986,133.02974253366494,0.00025297620954892771,orientation_unresolved,-0.83056668986380888,-1.8482077929530309,-1.3439877209428712,0.41716343689766089,-0.18409451382107053,0.81758932755269342,0,0,135
-50,50,-150.00000000000003,1,0,6.0773218679199744e-05,,1.6919558426942138,153.31632864324499,6.0773218679199744e-05,orientation_unresolved,1.1318339459398039,1.7570893161711416,1.6961315796056566,1.207106861182548,0.53455527662189262,-0.49309067394075812,0,0,135
-50,50,-100,1,0,6.8643825213264746e-05,,10.081877706356542,126.23560245071484,6.8643825213264746e-05,orientation_unresolved,0.97782452568852429,1.4561173243022214,1.940321043681724,0.92746762625031032,0.65651374411492192,-0.99357360677008111,0,0,135
-50,50,-50,1,0,3.8910286789690905e-05,,6.1683553586630548,99.106721457003601,3.8910286789690905e-05,orientation_unresolved,0.98261856092019328,-1.6346067207285169,-1.4431382163531905,-0.51696682986957754,-1.4134984897660516,1.4182660885472791,0,0,135
-50,50,0,1,0,8.5453920998298402e-05,,10.718184472640045,96.540708228503377,8.5453920998298402e-05,orientation_unresolved,1.3637287179111957,0.64314563428879035,1.9004323904450457,0.46410493910728146,1.3488935749424154,-1.3026122526686092,0,0,135
-50,50,50,1,0,0.00018531276107916058,,0,176.63905175200372,0.00052343908934292499,orientation_unresolved,1.278998568199528,1.2364853021437665,1.32005280111987,0.54837930386426581,2.0848670779051615,0.37636119452588235,0,0,135
-50,50,100,1,0,0.00025351791837748477,,0,64.881976535890075,0.00048287403016988644,orientation_unresolved,0.8391438338985755,-1.4986353271193693,1.7512891674308921,0.59694127267961339,2.0848670779051615,-1.3143671539811361e-18,0,0,135
-50,50,150.00000000000003,1,0,0.0003059953809683782,,2.1868201438276467,79.574490337476504,0.0003059953809683782,orientation_unresolved,0.51899451103673755,-1.880439609129688,1.3206132684291183,0.53923229234482284,2.0466998662464331,1.3490273535879531e-17,0,0,135
-50,50,200,1,0,0.0001499229881864601,,1.5876766473894368,94.08629800981781,0.0001499229881864601,orientation_unresolved,1.0517677574669093,-1.0105413966994723,0.93441557335445558,0.57924471906301644,2.0571568929511908,1.3370664826761827,0,0,135
-50,50,250,1,0,5.4222611171505349e-05,,15.88284571265252,80.218150083422202,5.4222611171505349e-05,orientation_unresolved,1.1445142405580373,-1.5981250881476328,1.7033979866617359,0.54730105884915004,1.1482776768199723,1.2735883745228449,0,0,135
-50,50,300.00000000000006,1,0,3.1618560329723993e-05,,9.0089938429873673,179.8987703991713,3.1618560329723993e-05,orientation_unresolved,-0.45483087501803565,0.8305782603699926,-0.91147566609520492,-0.11075485809195126,-1.3935597219428699,1.1980704973774754e-17,0,0,135
-50,50,350.00000000000006,1,0,9.1085347995385153e-05,,14.760076139607603,148.17191324339819,9.1085347995385153e-05,orientation_unresolved,-0.80687508111880746,-1.6313265551662741,1.6536224345015857,-0.25575392362353866,0.25034199891789194,1.2931844003136896,0,0,135
-50,50,400,1,0,7.4908959431740213e-05,,28.897942644569913,174.23183413518495,7.4908959431740213e-05,orientation_unresolved,0.47654019841355683,-0.93134701439088496,1.562499635001086,-0.73227281523569476,-0.73519562313481368,-0.71006935204962451,0,0,135
-50,50,450,1,0,8.1242145328625198e-05,,54.529221366454955,177.75359928314768,8.1242145328625198e-05,orientation_unresolved,-0.59908187540141622,0.25601472909937345,-0.38431248846122207,-0.078977644630566876,-0.51655092873098796,1.5060720048795929e-17,0,0,135
-50,100,-450,0,0,226.52297188877111,,,,,position_unresolved,,,,,,,0,0,116.56505117707799
-50,100,-400,0,0,177.20903186305725,,,,,position_unresolved,,,,,,,0,0,116.56505117707799
-50,100,-350.00000000000006,0,0,127.37072852545442,,,,,position_unresolved,,,,,,,0,0,116.56505117707799
-50,100,-300.00000000000006,0,0,76.279815583527153,,,,,position_unresolved,,,,,,,0,0,116.56505117707799
-50,100,-250,0,0,26.181872015197808,,,,,position_unresolved,,,,,,,0,0,116.56505117707799
-50,100,-200,1,0,3.8875535168955216e-05,,8.1160561028710525,143.80004594810919,3.8875535168955216e-05,orientation_unresolved,-0.76910572178020298,-1.880383323561686,-1.0189158599441133,-0.41079600443917863,-0.45868923343408885,1.0037572360287107e-17,0,0,116.56505117707799
-50,100,-150.00000000000003,1,0,4.167215847026522e-05,,2.4536200069813061,150.71014179188714,4.167215847026522e-05,orientation_unresolved,1.3147676843661598,1.645831865438051,1.5329070037540113,1.1938133137212872,0.59993332890748163,3.9065839982003152e-17,0,0,116.56505117707799
-50,100,-100,1,0,5.8178228266683094e-05,,10.997337029479425,145.03120457560169,5.8178228266683094e-05,orientation_unresolved,-0.7047231775735725,-1.2416798697249973,-1.3588565866789879,-0.27753050385639966,-0.94228679251797298,1.3657265352534286e-17,0,0,116.56505117707799
-50,100,-50,1,0,2.7629892986653744e-05,,5.7951760647393042,147.62108164126113,2.7629892986653744e-05,orientation_unresolved,-0.70882093135589119,-0.91836435542731909,-1.4496514237324276,-0.24012714486804301,-1.168063948336769,8.0864837984491169e-19,0,0,116.56505117707799
-50,100,0,1,0,2.8779525567148551e-05,,3.3417620308171996,151.17946901644385,2.8779525567148551e-05,orientation_unresolved,-0.72105613838267679,-0.56745456299404307,-1.4924715765390042,-0.21582084137387247,-1.3818347830189242,1.5340798892478332e-17,0,0,116.56505117707799
-50,100,50,1,0,0.00020607257346147418,,18.731264265964537,144.85477927723707,0.00020607257346147418,orientation_unresolved,0.69949254075704836,1.2519336811795603,1.7840062671893679,0.81723072991944734,1.7579448434029215,0.71834232067226989,0,0,116.56505117707799
-50,100,100,1,0,0.00011881920704723019,,7.9106429264266858,67.123360646129456,0.00011881920704723019,orientation_unresolved,0.7024596061369569,-0.16739464920250319,1.9782162394253144,0.83045862769846379,1.8157355252300069,-1.0741307414710259,0,0,116.56505117707799
-50,100,150.00000000000003,1,0,9.6496784300763866e-05,,16.803458844735623,44.649497945983128,9.6496784300763866e-05,orientation_unresolved,0.54804923423803997,-1.4199916660571361,1.7163270135264528,0.8361402412323955,1.7915913953411622,2.7343470609231248e-17,0,0,116.56505117707799
-50,100,200,1,0,4.350989995314285e-05,,12.245818023991283,102.60958381701901,4.350989995314285e-05,orientation_unresolved,1.0123317368513847,-0.6723801036672773,1.0982898912974763,0.74281671980770125,1.8527726796145287,1.3370664826761827,0,0,116.56505117707799
-50,100,250,1,0,1.3152666968609713e-05,,6.937424230955628,54.783266915129197,1.3152666968609713e-05,orientation_unresolved,0.94047026381242049,-0.48867208514825455,0.47171990742893638,0.81292407863013749,1.9637861834673502,-0.88155019110288813,0,0,116.56505117707799
-50,100,300.00000000000006,1,0,0.00029841233611557083,,3.547433976499863,164.74048685466352,0.00029841233611557083,orientation_unresolved,1.2756656422447379,1.3346820382776057,-0.71994626420072949,-0.57742410283518653,-1.4888819239078588,-0.6304996619000186,0,0,116.56505117707799
-50,100,350.00000000000006,1,0,4.0282049595816093e-05,,19.167817671939673,67.76063424718123,4.0282049595816093e-05,orientation_unresolved,0.10674432401314869,-1.1486156068571385,1.0397015046429798,0.90209553263861564,0.98206293812550449,1.5112706905896622e-17,0,0,116.56505117707799
-50,100,400,1,0,6.8819582398419319e-05,,30.068764607511131,142.95852576834528,6.8819582398419319e-05,orientation_unresolved,-1.0160774051782802,-1.2717206798654472,1.2550608761336077,-0.0061661727225508787,0.032512644771215918,-1.0259973823866868,0,0,116.56505117707799
-50,100,450,1,0,0.00017209820953682987,,16.04395410385693,116.16041807459801,0.00017209820953682987,orientation_unresolved,-1.1120037500779933,-0.77348222083272544,0.62894316418825968,-0.95661723728475756,0.085205922024140124,-0.56913674719807184,0,0,116.56505117707799
-50,150.00000000000003,-450,0,0,228.7449810111375,,,,,position_unresolved,,,,,,,0,0,108.43494882292201
-50,150.00000000000003,-400,0,0,180.22392667440536,,,,,position_unresolved,,,,,,,0,0,108.43494882292201
-50,150.00000000000003,-350.00000000000006,0,0,130.46382360476119,,,,,position_unresolved,,,,,,,0,0,108.43494882292201
-50,150.00000000000003,-300.00000000000006,0,0,81.60609594353285,,,,,position_unresolved,,,,,,,0,0,108.43494882292201
-50,150.00000000000003,-250,0,0,31.798156595525477,,,,,position_unresolved,,,,,,,0,0,108.43494882292201
-50,150.00000000000003,-200,1,0,6.2530850279721238e-05,,10.321586269497566,168.41947783506694,6.2530850279721238e-05,orientation_unresolved,-1.1619046061968998,-1.8418895604019943,-1.1895848655085468,0.19924319252795733,0.085607590754513227,0.14897680496953178,0,0,108.43494882292201
-50,150.00000000000003,-150.00000000000003,1,0,5.0905477827836869e-05,,1.0068610297812062,156.39695378858806,5.0905477827836869e-05,orientation_unresolved,-1.5101057901794097,-1.8925024218061646,-0.30757632078855612,0.34586994634161811,-1.2806828685502629,-1.5332232867151938,0,0,108.43494882292201
-50,150.00000000000003,-100,1,0,3.4002823312171515e-05,,18.054115939861855,149.09993347204284,3.4002823312171515e-05,orientation_unresolved,-0.94700087967664559,-1.2307026260510265,-1.2356925601075166,-0.30951807408267523,-0.85331721353621659,1.0693433317414275e-17,0,0,108.43494882292201
-50,150.00000000000003,-50,1,0,4.2283029978601051e-05,,8.1011851140455651,143.42212949333458,4.2283029978601051e-05,orientation_unresolved,0.96874089541248476,1.943474724351514,0.58161260597050335,1.0359141991851153,1.8030610960625855,1.3783779386033659,0,0,108.43494882292201
-50,150.00000000000003,0,1,0,3.0484008482739164e-05,,9.8511381971351248,79.558301808650953,3.0484008482739164e-05,orientation_unresolved,1.3788615301859104,0.59498162662010101,1.6413210126714401,0.65708562708143181,1.1231096210533582,-1.3026122526686092,0,0,108.43494882292201
-50,150.00000000000003,50,1,0,3.4332194119373973e-05,,9.3489428479905126,158.87713382011225,3.4332194119373973e-05,orientation_unresolved,-0.95874555369438741,-0.2945783646133448,-1.3491416760595245,-0.22364260370883524,-1.3876264925166863,3.9552131200127569e-18,0,0,108.43494882292201
-50,150.00000000000003,100,1,0,0.00014003621386572858,,5.5981342262046958,62.883564143379331,0.00014003621386572858,orientation_unresolved,0.88947206202586937,-0.010263115762930944,2.0185771302252027,1.0823982026549011,1.460602198081318,-1.0741307414710259,0,0,108.43494882292201
-50,150.00000000000003,150.00000000000003,1,0,3.4171667861063885e-05,,0.93078694503141546,155.8812479687914,3.4171667861063885e-05,orientation_unresolved,-0.71583229906246915,0.19534711840913724,-1.227675665783585,-0.46275532676287778,-1.5345510299695189,0.98841374050707298,0,0,108.43494882292201
-50,150.00000000000003,200,1,0,3.6500805432716466e-05,,7.0577929340759251,170.9481384484626,3.6500805432716466e-05,orientation_unresolved,-0.98857422748646884,0.35650239220930291,-1.0991648999331072,-0.19203672367113189,-1.4276146021712806,-2.4244453661845063e-18,0,0,108.43494882292201
-50,150.00000000000003,250,1,0,8.3350123879257404e-05,,13.706322970543843,173.50758060992561,8.3350123879257404e-05,orientation_unresolved,-0.99806579079193758,0.40765192120356919,-0.97813328316443804,-0.18688123853254329,-1.3115758626171767,-1.1601601980181433e-17,0,0,108.43494882292201
-50,150.00000000000003,300.00000000000006,1,0,0.0001227884915804775,,22.967522129093748,175.34451561489061,0.0001227884915804775,orientation_unresolved,-1.0130126466021649,0.38380254039699718,-0.84303077808275551,-0.18164320939998069,-1.1499374446175525,-3.0522661699534855e-17,0,0,108.43494882292201
-50,150.00000000000003,350.00000000000006,1,0,6.011285231288069e-05,,21.097576163172967,123.24751581802832,6.011285231288069e-05,orientation_unresolved,-0.82321305855224691,-1.4813116617639586,1.7480608362034189,-0.55311069115116818,-0.72349167977870144,1.1075692428196648,0,0,108.43494882292201
-50,150.00000000000003,400,1,0,5.1534531841573024e-05,,27.141966140645366,176.98848490193541,5.1534531841573024e-05,orientation_unresolved,-1.0770796521758166,0.12233275026368301,-0.49343969478505756,-0.16480508775769695,-0.66685281798052887,-3.5986499975929822e-17,0,0,108.43494882292201
-50,150.00000000000003,450,1,0,0.00038375747066336048,,16.145867843129746,102.19350756124001,0.00038375747066336048,orientation_unresolved,-1.2689977723404071,-0.31244696838900532,-0.10196711209104718,0.67514528816394026,-0.14437141097869696,1.0136225493480699,0,0,108.43494882292201
-50,200,-400,0,0,187.22033520583511,,,,,position_unresolved,,,,,,,0,0,104.0362434679265
-50,200,-350.00000000000006,0,0,137.74941096502579,,,,,position_unresolved,,,,,,,0,0,104.0362434679265
-50,200,-300.00000000000006,0,0,90.684965942960247,,,,,position_unresolved,,,,,,,0,0,104.0362434679265
-50,200,-250,0,0,44.128014555770221,,,,,position_unresolved,,,,,,,0,0,104.0362434679265
-50,200,-200,1,0,8.2187700049702212e-05,,3.0822206821746034,121.47283043565437,8.2187700049702212e-05,orientation_unresolved,-1.1897241290096376,-1.968240325656353,-0.75094519205563259,-0.81716404502990625,-0.14251732225758448,-0.30294147449825348,0,0,104.0362434679265
-50,200,-150.00000000000003,1,0,5.6880979372092096e-05,,1.0068610297812062,144.79373199007853,5.6880979372092096e-05,orientation_unresolved,-1.5112696538730535,-1.8964763231865995,-0.19820694587851001,0.35192561551604767,-1.102807176799756,-1.5332232867151938,0,0,104.0362434679265
-50,200,-100,1,0,3.934789031239915e-05,,24.90511143155566,154.27488393750622,3.934789031239915e-05,orientation_unresolved,-1.1161201317381719,-1.273898335121967,-1.0860143240056594,-0.30719410760259735,-0.71278677666187906,-3.6094404765624544e-17,0,0,104.0362434679265
-50,200,-50,1,0,2.7976812672562218e-05,,7.4992742895204811,98.902274180565968,2.7976812672562218e-05,orientation_unresolved,1.4199092989326056,1.1039481166603016,1.1745371531655364,0.72445827498254056,1.0128032653779002,-0.18263366980349721,0,0,104.0362434679265
-50,200,0,1,0,1.6557586504789922e-05,,5.319608245100123,91.524427769025579,1.6557586504789922e-05,orientation_unresolved,1.3232029603283457,1.6041351584232433,-0.20634794237033421,0.82692378406363054,1.9920223991119268,-0.46501769798774062,0,0,104.0362434679265
-50,200,50,1,0,6.8070717878147949e-05,,13.261394017188753,89.586672111394591,6.8070717878147949e-05,orientation_unresolved,1.3193413377906753,0.63236753615395214,1.1978669544599412,0.76370331572691719,1.3564340379791009,-0.18263366980349721,0,0,104.0362434679265
-50,200,100,1,0,2.0618991189461777e-05,,17.362005966808386,164.70491199181501,2.0618991189461777e-05,orientation_unresolved,-1.1130955855150573,-0.20168842636408574,-1.1769124715029504,-0.21422338854545589,-1.2477721579231889,-4.3520805697624007e-17,0,0,104.0362434679265
-50,200,150.00000000000003,1,0,2.7933623214686781e-05,,6.9837629063766631,72.062608459461842,2.7933623214686781e-05,orientation_unresolved,1.4289066698999753,0.38622193768401658,0.55878482249561978,0.59241523769534843,1.7248679633271258,0.31844038891425985,0,0,104.0362434679265
-50,200,200,1,0,6.1060654944147948e-05,,1.341087324123194,39.481418689313912,6.1060654944147948e-05,orientation_unresolved,1.0768565405917985,0.060698527585278432,2.0928766150783495,-1.1908260174082466,-1.4296423426963141,0.43483804547816524,0,0,104.0362434679265
-50,200,250,1,0,0.00024811355850690652,,3.7992807888601114,64.789591352282415,0.00024811355850690652,orientation_unresolved,-0.51605595007576155,-1.6253195844770139,1.0655442093493879,1.1703271024625408,1.2800006755261268,1.3297438627444265,0,0,104.0362434679265
-50,200,300.00000000000006,1,0,4.3908312455479676e-05,,22.866720589003204,173.56021755117933,4.3908312455479676e-05,orientation_unresolved,-1.1516967633832136,0.12412922250293432,-0.767643005379262,-0.18767300415562521,-0.95524249780707315,-7.3369357600211594e-18,0,0,104.0362434679265
-50,200,350.00000000000006,1,0,0.00013042090844597211,,1.8477247001742105,46.902146279147807,0.00013042090844597211,orientation_unresolved,1.1652742002115475,0.26610184002540738,0.20507537308878962,1.2043881817474522,1.1097306998839307,-1.1847897117966957,0,0,104.0362434679265
-50,200,400,1,0,0.0001225548851057351,,21.446252401997842,99.551466961111245,0.0001225548851057351,orientation_unresolved,-1.1764886101662917,-1.0873600639779852,0.60401839713001937,0.629737410209251,0.20617232128980517,1.0204789713168645,0,0,104.0362434679265
-50,250,-400,0,0,198.284328048541,,,,,position_unresolved,,,,,,,0,0,101.30993247402021
-50,250,-350.00000000000006,0,0,152.10881603643679,,,,,position_unresolved,,,,,,,0,0,101.30993247402021
-50,250,-300.00000000000006,0,0,106.22898270984803,,,,,position_unresolved,,,,,,,0,0,101.30993247402021
-50,250,-250,0,0,61.721932073932265,,,,,position_unresolved,,,,,,,0,0,101.30993247402021
-50,250,-200,0,0,16.56145726772943,,,,,position_unresolved,,,,,,,0,0,101.30993247402021
-50,250,-150.00000000000003,1,0,0.00014402212464028954,,16.034933735393448,158.09739922265308,0.00014402212464028954,orientation_unresolved,-1.2709339377731677,-1.7254550562153099,-0.72600918706301576,-0.34284392493254229,-0.27081726759259794,1.9610292757329079e-18,0,0,101.30993247402021
-50,250,-100,1,0,5.2869438024563416e-05,,7.0410477796243054,77.277031372042288,5.2869438024563416e-05,orientation_unresolved,1.4279068602502163,1.5403732415632001,1.2908122729055385,-1.1109259664144329,-0.72871923488205836,-0.5581107394448358,0,0,101.30993247402021
-50,250,-50,1,0,4.562768116597752e-05,,4.4808171831617321,70.451699517341794,4.562768116597752e-05,orientation_unresolved,1.2227501552316251,1.6855309192067738,1.2574639261575224,-1.1584320484098072,-1.3023902865884056,-0.85224415102349249,0,0,101.30993247402021
-50,250,0,1,0,2.5439065544091291e-05,,7.3126819482971932,83.896595576688242,2.5439065544091291e-05,orientation_unresolved,1.4231659496459568,0.96141889524788482,1.054279650100715,0.81513179637072053,0.97812415174627299,-0.18263366980349721,0,0,101.30993247402021
-50,250,50,1,0,2.9027372138417394e-05,,9.7742786779192361,78.80417208227982,2.9027372138417394e-05,orientation_unresolved,1.3802029818577275,0.75761682044684098,1.0534589949058712,0.83847991589105464,1.1100352650839416,-0.18263366980349721,0,0,101.30993247402021
-50,250,100,1,0,2.3984095480016461e-05,,19.324659288596884,165.69391540053545,2.3984095480016461e-05,orientation_unresolved,-1.2135173953827758,-0.41298309884936751,-1.0365254750730462,-0.2152806540489568,-1.0073108606318557,3.7104513196306466e-18,0,0,101.30993247402021
-50,250,150.00000000000003,1,0,2.5285833258853114e-05,,16.910518055371565,122.20907136868335,2.5285833258853114e-05,orientation_unresolved,-0.82938976921372742,-1.7268910065491829,-0.1671334785420811,0.87905120094091482,1.7516676280994732,0.3189875710053216,0,0,101.30993247402021
-50,250,200,1,0,9.9283703534623779e-05,,16.395915933838083,103.82981427359404,9.9283703534623779e-05,orientation_unresolved,-1.1003051507008743,-0.046155583420156639,-1.2646336098692212,-0.6120144808174629,-0.67127082292572604,-0.74627918518052994,0,0,101.30993247402021
-50,250,250,1,0,3.6504253109780349e-05,,9.0572939605673017,100.81606456930929,3.6504253109780349e-05,orientation_unresolved,1.3927167258619997,1.838697709583579,-0.9756585595127536,-1.0075947414124615,-0.87321437226397691,0.085491212937070918,0,0,101.30993247402021
-50,250,300.00000000000006,1,0,5.4085795251761586e-05,,17.302976508100624,172.02322467606285,5.4085795251761586e-05,orientation_unresolved,-1.2488024163333094,-0.1623896666079255,-0.64857044456415958,-0.19234528142487348,-0.71223830200441429,-3.0710943722792188e-17,0,0,101.30993247402021
-50,250,350.00000000000006,1,0,5.9678501211099107e-05,,15.882701923139532,172.35156254427349,5.9678501211099107e-05,orientation_unresolved,-1.2735908841232764,-0.28784543361537618,-0.45530614982275969,-0.19011225711020924,-0.47085856248833058,3.950070634552974e-17,0,0,101.30993247402021
-50,250,400,0,0,7.0656352914678928,,,,,position_unresolved,,,,,,,0,0,101.30993247402021
-50,300.00000000000006,-350.00000000000006,0,0,171.87953077669698,,,,,position_unresolved,,,,,,,0,0,99.462322208025626
-50,300.00000000000006,-300.00000000000006,0,0,127.38607682367851,,,,,position_unresolved,,,,,,,0,0,99.462322208025626
-50,300.00000000000006,-250,0,0,84.477091165088538,,,,,position_unresolved,,,,,,,0,0,99.462322208025626
-50,300.00000000000006,-200,0,0,50.754937128000897,,,,,position_unresolved,,,,,,,0,0,99.462322208025626
-50,300.00000000000006,-150.00000000000003,0,0,6.8331978633900619,,,,,position_unresolved,,,,,,,0,0,99.462322208025626
-50,300.00000000000006,-100,1,0,0.00011899805890316002,,12.596672638514788,161.62274902939379,0.00011899805890316002,orientation_unresolved,-1.330942914456932,-1.6036491878759769,-0.64235636450028244,-0.29521682300278068,-0.23574785704912662,-4.8840479790898614e-17,0,0,99.462322208025626
-50,300.00000000000006,-50,1,0,8.3205444230284055e-05,,0.15933103478373292,109.48072467231033,8.3205444230284055e-05,orientation_unresolved,1.5480154756373108,1.4104567603892169,1.2455659932123959,-0.72209816288821993,-0.69544002295999729,-1.4253877954715075,0,0,99.462322208025626
-50,300.00000000000006,0,1,0,3.3994689443746722e-05,,13.43722272764721,87.59348789426609,3.3994689443746722e-05,orientation_unresolved,-0.94830717786485175,-1.4847126032329596,-0.25356963297744406,-1.0021132825146601,-1.1423342499404303,-0.58491909295368505,0,0,99.462322208025626
-50,300.00000000000006,50,1,0,3.9930551914112589e-05,,2.3878448168994688,127.30669462003799,3.9930551914112589e-05,orientation_unresolved,1.412416862608169,1.5521594342327414,-0.47468985174993383,0.73554852809500104,1.4752743988633834,1.5091205727133197,0,0,99.462322208025626
-50,300.00000000000006,100,1,0,7.2775913231629689e-05,,5.0900631963700373,93.214801065786062,7.2775913231629689e-05,orientation_unresolved,-0.98942691986000375,-0.79102813620573209,-1.4619579648836527,1.0894378607560684,0.90123411817562882,0.76411731950315132,0,0,99.462322208025626
-50,300.00000000000006,150.00000000000003,1,0,5.8035658728254489e-05,,6.7999672287830419,107.00560373563815,5.8035658728254489e-05,orientation_unresolved,-1.0637589060836785,-1.9033534076633869,1.5015452640588456,-0.63385901275820389,-1.2548148191238944,-1.0542433273578264,0,0,99.462322208025626
-50,300.00000000000006,200,1,0,9.4773901247367488e-05,,14.434992346058166,169.03086685647762,9.4773901247367488e-05,orientation_unresolved,-1.2988581828560009,-0.45442327552977479,-0.73499975519326788,-0.20396165147695394,-0.68633275487302547,-3.4475003590608375e-17,0,0,99.462322208025626
-50,300.00000000000006,250,1,0,8.2707829466028529e-05,,16.914282262447479,99.505242626118005,8.2707829466028529e-05,orientation_unresolved,-1.2555864107035124,-0.38007622411467606,-0.88656411256510548,-0.69547650244207493,-0.33324454528345465,-0.74627918518052994,0,0,99.462322208025626
-50,300.00000000000006,300.00000000000006,1,0,0.000192209500225142,,12.738751776783277,170.43467988431394,0.000192209500225142,orientation_unresolved,-1.3284631656957506,-0.52490334492543023,-0.44532301727338208,-0.19903754823257058,-0.37612261859255053,5.195241004331151e-17,0,0,99.462322208025626
-50,300.00000000000006,350.00000000000006,0,0,6.6257662677306746,,,,,position_unresolved,,,,,,,0,0,99.462322208025626
-50,350.00000000000006,-300.00000000000006,0,0,153.64413512488892,,,,,position_unresolved,,,,,,,0,0,98.130102354155994
-50,350.00000000000006,-250,0,0,114.03263305942122,,,,,position_unresolved,,,,,,,0,0,98.130102354155994
-50,350.00000000000006,-200,0,0,77.188086797308273,,,,,position_unresolved,,,,,,,0,0,98.130102354155994
-50,350.00000000000006,-150.00000000000003,0,0,43.840898136248107,,,,,position_unresolved,,,,,,,0,0,98.130102354155994
-50,350.00000000000006,-100,0,0,15.544353551380123,,,,,position_unresolved,,,,,,,0,0,98.130102354155994
-50,350.00000000000006,-50,1,0,0.00026763399233616222,,9.0866991577997176,164.394804110536,0.00026763399233616222,orientation_unresolved,-1.3922035083530957,-1.6923261883847818,-0.37765397833929748,-0.27042281775227195,-0.026768007942553251,2.0583438798664435e-17,0,0,98.130102354155994
-50,350.00000000000006,0,1,0,0.00021490692429698227,,10.433011577535167,164.73602812323017,0.00021490692429698227,orientation_unresolved,-1.3687059238682202,-1.3493414665665846,-0.56592698711462064,-0.24953806631973527,-0.23932823846837903,-1.3795448048823023e-17,0,0,98.130102354155994
-50,350.00000000000006,50,1,0,6.4089976941157382e-05,,10.99951636399933,165.56010174434985,6.4089976941157382e-05,orientation_unresolved,-1.3588185501161132,-1.1284315983328139,-0.62215813550324039,-0.23461959386964204,-0.35202947532151557,-1.2423610348117372e-17,0,0,98.130102354155994
-50,350.00000000000006,100,1,0,8.1556454755781293e-05,,11.159388239181913,166.54207372472064,8.1556454755781293e-05,orientation_unresolved,-1.3560282595128397,-0.96922795106554882,-0.62176006308243514,-0.22389038833884137,-0.39900298135790574,-5.4659105738680506e-17,0,0,98.130102354155994
-50,350.00000000000006,150.00000000000003,1,0,0.00010921498135428923,,5.9337850366898275,109.52567391371947,0.00010921498135428923,orientation_unresolved,-1.0802344452794421,-1.3636268242773197,0.15979142657320661,-1.1330729754401072,-0.84621267493133356,-0.26096383707460291,0,0,98.130102354155994
-50,350.00000000000006,200,1,0,0.00012396187074979116,,13.045632507213877,136.3060560712677,0.00012396187074979116,orientation_unresolved,-1.3231070865388115,-1.7547582780581115,0.74219899044325055,-1.0087684994415516,-0.18800749038938891,0.15536479407492923,0,0,98.130102354155994
-50,350.00000000000006,250,1,0,0.00039017958950527477,,11.361260725744756,137.11460292772358,0.00039017958950527477,orientation_unresolved,-1.35250491995313,-1.3530558328482829,0.3178020059717605,-0.9699351084065766,-0.11415561152413882,0.15536479407492923,0,0,98.130102354155994
-50,350.00000000000006,300.00000000000006,0,0,18.580578152822071,,,,,position_unresolved,,,,,,,0,0,98.130102354155994
-50,400,-250,0,0,147.14755299901717,,,,,position_unresolved,,,,,,,0,0,97.125016348901809
-50,400,-200,0,0,114.20743767452552,,,,,position_unresolved,,,,,,,0,0,97.125016348901809
-50,400,-150.00000000000003,0,0,83.998636383756576,,,,,position_unresolved,,,,,,,0,0,97.125016348901809
-50,400,-100,0,0,58.951449537989127,,,,,position_unresolved,,,,,,,0,0,97.125016348901809
-50,400,-50,0,0,39.4721245330526,,,,,position_unresolved,,,,,,,0,0,97.125016348901809
-50,400,0,0,0,25.120475343379312,,,,,position_unresolved,,,,,,,0,0,97.125016348901809
-50,400,50,0,0,16.438645687912071,,,,,position_unresolved,,,,,,,0,0,97.125016348901809
-50,400,100,0,0,13.791613055409004,,,,,position_unresolved,,,,,,,0,0,97.125016348901809
-50,400,150.00000000000003,0,0,17.296767070227936,,,,,position_unresolved,,,,,,,0,0,97.125016348901809
-50,400,200,0,0,26.799293919939441,,,,,position_unresolved,,,,,,,0,0,97.125016348901809
-50,400,250,0,0,41.904435181715314,,,,,position_unresolved,,,,,,,0,0,97.125016348901809
-50,450,-150.00000000000003,0,0,126.07853848234407,,,,,position_unresolved,,,,,,,0,0,96.340191745909905
-50,450,-100,0,0,103.93055068362871,,,,,position_unresolved,,,,,,,0,0,96.340191745909905
-50,450,-50,0,0,86.290529971001959,,,,,position_unresolved,,,,,,,0,0,96.340191745909905
-50,450,0,0,0,73.388038174972735,,,,,position_unresolved,,,,,,,0,0,96.340191745909905
-50,450,50,0,0,65.624846016946321,,,,,position_unresolved,,,,,,,0,0,96.340191745909905
-50,450,100,0,0,63.26451545327631,,,,,position_unresolved,,,,,,,0,0,96.340191745909905
-50,450,150.00000000000003,0,0,66.390697325601423,,,,,position_unresolved,,,,,,,0,0,96.340191745909905
0,-450,-150.00000000000003,0,0,122.44313966439991,,,,,position_unresolved,,,,,,,0,0,-90
0,-450,-100,0,0,100.17842990098818,,,,,position_unresolved,,,,,,,0,0,-90
0,-450,-50,0,0,82.398616390035443,,,,,position_unresolved,,,,,,,0,0,-90
0,-450,0,0,0,69.387065413440922,,,,,position_unresolved,,,,,,,0,0,-90
0,-450,50,0,0,61.555245246367605,,,,,position_unresolved,,,,,,,0,0,-90
0,-450,100,0,0,59.17357763422757,,,,,position_unresolved,,,,,,,0,0,-90
0,-450,150.00000000000003,0,0,62.327971782020029,,,,,position_unresolved,,,,,,,0,0,-90
0,-400,-250,0,0,142.57913914325854,,,,,position_unresolved,,,,,,,0,0,-90
0,-400,-200,0,0,109.79186831769371,,,,,position_unresolved,,,,,,,0,0,-90
0,-400,-150.00000000000003,0,0,79.957011471767558,,,,,position_unresolved,,,,,,,0,0,-90
0,-400,-100,0,0,54.823466367869017,,,,,position_unresolved,,,,,,,0,0,-90
0,-400,-50,0,0,35.152848166007182,,,,,position_unresolved,,,,,,,0,0,-90
0,-400,0,0,0,20.650640713700263,,,,,position_unresolved,,,,,,,0,0,-90
0,-400,50,0,0,11.872498440883795,,,,,position_unresolved,,,,,,,0,0,-90
0,-400,100,0,0,9.1952648395529817,,,,,position_unresolved,,,,,,,0,0,-90
0,-400,150.00000000000003,0,0,12.740324961478118,,,,,position_unresolved,,,,,,,0,0,-90
0,-400,200,0,0,22.347614000613241,,,,,position_unresolved,,,,,,,0,0,-90
0,-400,250,0,0,37.609670912824761,,,,,position_unresolved,,,,,,,0,0,-90
0,-350.00000000000006,-300.00000000000006,0,0,147.79784967605383,,,,,position_unresolved,,,,,,,0,0,-90
0,-350.00000000000006,-250,0,0,108.87522574869796,,,,,position_unresolved,,,,,,,0,0,-90
0,-350.00000000000006,-200,0,0,73.407680528753872,,,,,position_unresolved,,,,,,,0,0,-90
0,-350.00000000000006,-150.00000000000003,0,0,40.521720131273554,,,,,position_unresolved,,,,,,,0,0,-90
0,-350.00000000000006,-100,0,0,10.910965467349458,,,,,position_unresolved,,,,,,,0,0,-90
0,-350.00000000000006,-50,1,0,0.00016632513064318558,,7.2795419615350472,174.77756403509181,0.00016632513064318558,orientation_unresolved,1.4237443515290236,-1.6976679286718774,-0.25145667204466238,0.79762410876363576,-0.3457288397990379,-0.7972071379889083,0,0,-90
0,-350.00000000000006,0,1,0,0.00014241709025446304,,3.1339692959022463,161.37778058875429,0.00014241709025446304,orientation_unresolved,1.4960982439249939,-1.3068764979158047,-0.60108353783868473,0.30197858368158786,-0.29721268388202116,8.2413781578049125e-18,0,0,-90
0,-350.00000000000006,50,1,0,5.7841539557366224e-05,,3.811325769971134,162.28642487030285,5.7841539557366224e-05,orientation_unresolved,1.4842761432427922,-1.0925739025119168,-0.64639728930205131,0.28688449826503643,-0.40906051354777623,-4.0942795853818481e-17,0,0,-90
0,-350.00000000000006,100,1,0,6.0626298417031326e-05,,4.0563338400001845,163.29031365340589,6.0626298417031326e-05,orientation_unresolved,1.4799999457268285,-0.93452623361774656,-0.64003440730875327,0.27832368088592907,-0.4591011600894439,-2.2750125862214611e-17,0,0,-90
0,-350.00000000000006,150.00000000000003,1,0,7.6387699911110811e-05,,0,72.873586040489684,7.6387699911110811e-05,orientation_unresolved,-1.4878542814884967,0.79418498849442765,0.85031477319522331,-1.2366370614359172,0.2700595897165885,1.3024053868758777e-17,0,0,-90
0,-350.00000000000006,200,1,0,6.7122796693478779e-05,,5.6051504959774814,149.52993301041175,6.7122796693478779e-05,orientation_unresolved,1.4529679955702963,-0.84492518060350696,-0.35229858759982657,0.37715791912035795,-0.51024098281846553,-0.88145943379105485,0,0,-90
0,-350.00000000000006,250,1,0,0.00029782646863394616,,4.560442997279333,77.040239725684387,0.00029782646863394616,orientation_unresolved,-1.4712015811428534,0.94384294658241652,0.39320699388206937,1.1410074524074554,-0.32194677430135588,0.095334749616539288,0,0,-90
0,-350.00000000000006,300.00000000000006,0,0,14.038578409513963,,,,,position_unresolved,,,,,,,0,0,-90
0,-300.00000000000006,-350.00000000000006,0,0,165.16577570579827,,,,,position_unresolved,,,,,,,0,0,-90
0,-300.00000000000006,-300.00000000000006,0,0,124.25021413818907,,,,,position_unresolved,,,,,,,0,0,-90
0,-300.00000000000006,-250,0,0,79.324941680799171,,,,,position_unresolved,,,,,,,0,0,-90
0,-300.00000000000006,-200,0,0,41.361426151007727,,,,,position_unresolved,,,,,,,0,0,-90
0,-300.00000000000006,-150.00000000000003,0,0,2.4996718468678982,,,,,position_unresolved,,,,,,,0,0,-90
0,-300.00000000000006,-100,1,0,6.8255548401891054e-05,,12.048653002394659,176.07322907166872,6.8255548401891054e-05,orientation_unresolved,1.3405076614728095,-1.677922735126965,-0.45456870251981191,0.72794233907763717,-0.55307343214090521,-0.88357986779849051,0,0,-90
0,-300.00000000000006,-50,1,0,6.7108177505747251e-05,,15.925599173951982,174.63468355459375,6.7108177505747251e-05,orientation_unresolved,1.2728421858565453,-1.4244106613720564,-0.54118613966310058,0.7193383886130702,-0.79720987395956378,-0.88357986779849051,0,0,-90
0,-300.00000000000006,0,1,0,4.1547068953212701e-05,,19.120944436737343,169.91144212390031,4.1547068953212701e-05,orientation_unresolved,1.2170728902829373,-1.2357882501099411,-0.54061022985909102,0.74741524894825928,-0.99521173666160778,-0.7972071379889083,0,0,-90
0,-300.00000000000006,50,1,0,4.3153471908910432e-05,,0.1948139474892488,163.61384777525146,4.3153471908910432e-05,orientation_unresolved,1.5438621273807542,-0.66089625206295188,-1.5473961819824018,0.2220034239694012,0.10967671077699839,0.075046965724032105,0,0,-90
0,-300.00000000000006,100,1,0,2.558990022247851e-05,,7.2832165376327813,162.52122828228326,2.558990022247851e-05,orientation_unresolved,1.423680218077503,-0.63323325241284223,-0.86791689981378073,0.27942448453420843,-0.79856071585600119,-9.133107865051632e-17,0,0,-90
0,-300.00000000000006,150.00000000000003,1,0,2.865082449754847e-05,,1.7501235521873406,39.549673365941885,2.865082449754847e-05,orientation_unresolved,-1.5202509084925286,0.89632618618584115,-0.10029335478470121,-0.16956959628123766,1.4274269969246767,-0.11837403171578609,0,0,-90
0,-300.00000000000006,200,1,0,8.2396775684321843e-05,,5.2986504613068055,153.33439826476828,8.2396775684321843e-05,orientation_unresolved,1.3264902859529941,-0.81205570301850649,-1.4583174303327764,-0.39707863802481586,1.3228587074172962,-0.1919524531810772,0,0,-90
0,-300.00000000000006,250,1,0,6.8921234887821893e-05,,10.705385686282829,98.310371485463648,6.8921234887821893e-05,orientation_unresolved,1.0933220098741852,-1.1474589686164232,-0.24647346567841985,-1.0497928335144091,1.1256279549421906,-0.28439637410937751,0,0,-90
0,-300.00000000000006,300.00000000000006,1,0,0.00015023321617802556,,7.6399242112079406,31.095058648122759,0.00015023321617802556,orientation_unresolved,-1.4174544947064873,0.83756831106353613,-0.29706865675312538,-0.47691885231947079,0.88397997714323584,-0.1977268068490152,0,0,-90
0,-300.00000000000006,350.00000000000006,0,0,1.9456069228922455,,,,,position_unresolved,,,,,,,0,0,-90
0,-250,-400,0,0,191.6407448011675,,,,,position_unresolved,,,,,,,0,0,-90
0,-250,-350.00000000000006,0,0,145.20535505248822,,,,,position_unresolved,,,,,,,0,0,-90
0,-250,-300.00000000000006,0,0,97.915571478685806,,,,,position_unresolved,,,,,,,0,0,-90
0,-250,-250,0,0,53.889208009960349,,,,,position_unresolved,,,,,,,0,0,-90
0,-250,-200,0,0,13.347825809303119,,,,,position_unresolved,,,,,,,0,0,-90
0,-250,-150.00000000000003,1,0,7.3576151558400488e-05,,6.4108906140436153,152.35783485192832,7.3576151558400488e-05,orientation_unresolved,1.4389051775946344,-1.6996278545401478,-0.7635952003658758,0.42591902247238145,-0.3178364863922768,2.5497939448603021e-17,0,0,-90
0,-250,-100,1,0,8.2072617860779205e-05,,10.997947872943652,126.30029291033537,8.2072617860779205e-05,orientation_unresolved,1.3588459254493228,-1.6115694711652062,-0.31260798607138435,0.28977601324466606,-1.0758534151821211,0.71377008088152305,0,0,-90
0,-250,-50,1,0,5.4663785988063129e-05,,12.197966979359542,126.69090472600887,5.4663785988063129e-05,orientation_unresolved,1.3379016409555253,-1.3749791107889924,-0.35168740603285192,0.29911315686955892,-1.2910391152354188,0.71377008088152305,0,0,-90
0,-250,0,1,0,3.2976349929876014e-05,,21.072316712438276,104.89753205731533,3.2976349929876014e-05,orientation_unresolved,-1.1830150191398214,1.0954510975627658,0.7757883642051896,-0.75681116908812796,1.2432812858255304,-0.30610852715390624,0,0,-90
0,-250,50,1,0,1.876894039143393e-05,,23.5637337558383,100.52565077768953,1.876894039143393e-05,orientation_unresolved,-1.1395315886921886,0.90766488830775427,0.76148258910407607,-0.80925654334244279,1.3767629069234257,-0.30610852715390624,0,0,-90
0,-250,100,1,0,3.9686365774751761e-05,,10.923233530656141,161.09671616144018,3.9686365774751761e-05,orientation_unresolved,1.3601499367207019,-0.39752686379405922,-1.0362601333419552,0.2877530988611029,-1.0738151900823922,6.3828087997514536e-17,0,0,-90
0,-250,150.00000000000003,1,0,1.6706079168705109e-05,,10.908267513502159,163.5140239223301,1.6706079168705109e-05,orientation_unresolved,1.3604111429959489,-0.24535222905496282,-0.97038747427044358,0.28525699645915187,-1.0866971322628018,1.9685379308456432e-17,0,0,-90
0,-250,200,1,0,4.2867969187475143e-05,,4.028013724976776,36.55298730687138,4.2867969187475143e-05,orientation_unresolved,-1.0057215044691832,1.5349192390013269,-1.4804942249785304,-1.0890874124965337,1.578178496315606,0.40493162792577203,0,0,-90
0,-250,250,1,0,3.3137606256116487e-05,,10.367835651616629,167.34533805379988,3.3137606256116487e-05,orientation_unresolved,1.3698434583685346,-0.1125060019352583,-0.75783230937117219,0.2910771907078929,-0.95773456237287424,2.2389201319812111e-17,0,0,-90
0,-250,300.00000000000006,1,0,0.00010920820133150117,,0,62.428308048400197,0.00010920820133150117,orientation_unresolved,-1.2194896837473521,0.098287016666569818,0.97533271074144634,-1.2366370614359172,0.68647859171861825,-1.8621789156496964e-17,0,0,-90
0,-250,350.00000000000006,1,0,0.0001966847485334292,,7.694144268161093,168.4320190019607,0.0001966847485334292,orientation_unresolved,1.416508176192036,-0.25651963827358326,-0.42625191135164064,0.30487246284358277,-0.57584677822654351,4.7578191648679923e-17,0,0,-90
0,-250,400,0,0,2.3907090921187342,,,,,position_unresolved,,,,,,,0,0,-90
0,-200,-400,0,0,181.09653398648371,,,,,position_unresolved,,,,,,,0,0,-90
0,-200,-350.00000000000006,0,0,130.50849510918559,,,,,position_unresolved,,,,,,,0,0,-90
0,-200,-300.00000000000006,0,0,82.252800126286957,,,,,position_unresolved,,,,,,,0,0,-90
0,-200,-250,0,0,33.617212456536819,,,,,position_unresolved,,,,,,,0,0,-90
0,-200,-200,1,0,7.8728286340181325e-05,,0.42166881460466182,98.513186337796,7.8728286340181325e-05,orientation_unresolved,-1.5434368176270636,1.9336818712975608,0.85896563446674734,-1.1557720300621932,0.11773079449834649,-3.9038262715208281e-17,0,0,-90
0,-200,-150.00000000000003,1,0,0.00010943078190365403,,12.852647460677872,144.38589538586584,0.00010943078190365403,orientation_unresolved,1.3264753110079792,-1.5823103497478002,-0.98237484930187935,0.46894064453820222,-0.52384435797383766,1.7090371646426066e-17,0,0,-90
0,-200,-100,1,0,5.3319110642577791e-05,,1.5738404575596825,83.93626957917121,5.3319110642577791e-05,orientation_unresolved,-1.523327628909386,1.1361689299905595,1.8289418400884294,0.47539318441214251,-0.29293610547717952,-1.3321186816559591,0,0,-90
0,-200,-50,1,0,0.00011874281621077073,,4.2242713187311418,112.06962310874381,0.00011874281621077073,orientation_unresolved,-1.2493981811458972,0.84255743264585692,1.7811011809752539,-1.162909618426496,0.52344264431125875,4.6881335584540256e-18,0,0,-90
0,-200,0,1,0,2.9106477868260213e-05,,15.778025054148905,151.39226047090176,2.9106477868260213e-05,orientation_unresolved,1.2754178401378415,-0.69545902223093314,-1.2380370624200352,0.32592403875899034,-1.1159539618010892,2.1677470343793833e-17,0,0,-90
0,-200,50,1,0,2.4439819284883419e-05,,7.8649330434145295,137.79663130754309,2.4439819284883419e-05,orientation_unresolved,1.2240594335799435,-0.33943860639613266,-1.4135273497384149,0.40181755409769088,-1.1014561048396956,0.21414526860371408,0,0,-90
0,-200,100,1,0,2.5248488320325913e-05,,12.958802222294823,158.71102751525973,2.5248488320325913e-05,orientation_unresolved,1.2750883101332668,-0.1889904897175361,-1.1784766544103704,0.30152809383222817,-1.3246225609010938,-2.3824930392148202e-17,0,0,-90
0,-200,150.00000000000003,1,0,0.00012466682478274685,,0.092475170551822305,129.94566831308742,0.00012466682478274685,orientation_unresolved,-1.2869407024882671,-0.34630325353010755,1.797087790080047,-0.64208799911724312,0.76694591303945525,-1.5491823305924239,0,0,-90
0,-200,200,1,0,5.2561877038829928e-05,,0.092475170551822305,125.80609147563416,5.2561877038829928e-05,orientation_unresolved,-1.2922466119706735,-0.43762120475263361,1.6895581260338124,-0.66933919263958841,0.72061504239392316,-1.5491823305924239,0,0,-90
0,-200,250,1,0,6.0836442584861607e-05,,23.639452929315382,150.07227764505953,6.0836442584861607e-05,orientation_unresolved,0.96709362246746444,0.2488989590208302,-1.1382100398081247,0.79654407283519879,-1.1023003813761683,-0.066058576982817488,0,0,-90
0,-200,300.00000000000006,1,0,0.00014432371281810372,,7.7521569971461712,170.86492018915717,0.00014432371281810372,orientation_unresolved,1.4154956630631792,0.23386377661869504,-0.92772042226736018,0.154604771551905,-0.86714108059488038,0.061114599654216645,0,0,-90
0,-200,350.00000000000006,1,0,4.9294459971463946e-05,,7.1871842248912658,170.79631902658264,4.9294459971463946e-05,orientation_unresolved,1.4253562981231473,0.13635435341799215,-0.76740917855671253,0.17338160132908309,-0.65659100128077286,0.061114599654216645,0,0,-90
0,-200,400,1,0,0.00010924108398276636,,3.3940848667690711,118.55568478978178,0.00010924108398276636,orientation_unresolved,1.4159796517543957,-1.1054482079970933,0.93801891955209871,0.39062984011460516,-0.31182868978589928,-1.4915583707776632,0,0,-90
0,-150.00000000000003,-450,0,0,223.40179836699048,,,,,position_unresolved,,,,,,,0,0,-90
0,-150.00000000000003,-400,0,0,172.08754996896374,,,,,position_unresolved,,,,,,,0,0,-90
0,-150.00000000000003,-350.00000000000006,0,0,122.63981464137913,,,,,position_unresolved,,,,,,,0,0,-90
0,-150.00000000000003,-300.00000000000006,0,0,74.351881457455136,,,,,position_unresolved,,,,,,,0,0,-90
0,-150.00000000000003,-250,0,0,25.319936157981545,,,,,position_unresolved,,,,,,,0,0,-90
0,-150.00000000000003,-200,1,0,0.00016635475377419601,,8.3322996376065195,112.3901959079907,0.00016635475377419601,orientation_unresolved,-1.4053702638559324,1.8615307658465656,1.1024038121969524,-1.0834289556570376,0.25730138160628385,-1.5091680875690261e-18,0,0,-90
0,-150.00000000000003,-150.00000000000003,1,0,3.5770583014261886e-05,,18.295443950786101,97.142094622124986,3.5770583014261886e-05,orientation_unresolved,-1.1151269851307632,1.7655513428498646,0.80400542556313692,-0.59305039817797012,1.0074323668181853,0.97736886199807105,0,0,-90
0,-150.00000000000003,-100,1,0,4.5293700881661724e-05,,3.9347732841521958,50.96399523715592,4.5293700881661724e-05,orientation_unresolved,0.32646364162795438,-1.9533604757053993,-1.0361344517337701,1.0587971477733633,-1.3501942899828803,0.55452822749814823,0,0,-90
0,-150.00000000000003,-50,1,0,3.0786559145858601e-05,,5.2211913560454963,128.25960666399487,3.0786559145858601e-05,orientation_unresolved,0.5841393947426442,-1.2659202235937113,-1.4596693467552351,0.88178768158885001,-1.2370814759166575,-1.2953828164155103,0,0,-90
0,-150.00000000000003,0,1,0,2.9652527197729235e-05,,8.2131786654822854,143.5634585168994,2.9652527197729235e-05,orientation_unresolved,1.1381011176671589,-0.6159915194269584,-1.4074493170276767,0.33922741888945412,-1.2932409299628476,-2.4494883129483911e-17,0,0,-90
0,-150.00000000000003,50,1,0,9.3783209530873669e-05,,19.44133638735449,123.20553183533053,9.3783209530873669e-05,orientation_unresolved,-0.64859499496440864,0.73406780619586842,1.603726638023421,-0.89732173048880171,1.6311032963272847,0.29192644317710703,0,0,-90
0,-150.00000000000003,100,1,0,4.8193081316838358e-05,,14.682482413360187,75.607062201091765,4.8193081316838358e-05,orientation_unresolved,-1.2945386663155982,-0.029172320256991131,1.3385190115948193,-0.32881840228695552,1.5455205150152378,-0.10052586891527225,0,0,-90
0,-150.00000000000003,150.00000000000003,1,0,6.9731140719383249e-05,,0.29744427631348863,96.683226976040544,6.9731140719383249e-05,orientation_unresolved,0.41835168204075746,-1.3718829146089173,1.2994960596031313,-1.1985128143070729,2.0796756959422793,-1.3278685710934226,0,0,-90
0,-150.00000000000003,200,1,0,8.4542750015963403e-05,,16.939895873122978,44.066787781172032,8.4542750015963403e-05,orientation_unresolved,-0.64000338635872944,-0.81264422077370602,1.7020121039089138,-0.94098010350492167,1.3283183649158916,3.6491576246200571e-17,0,0,-90
0,-150.00000000000003,250,1,1,2.3343725745796033e-05,0.018239780093212886,16.438861535299555,6.0774384020589963e-05,0.00048685398625316365,pose_found,-0.80576826098123555,-0.85133682094987595,1.6648442190547201,-0.94972480236548995,1.0190023712269516,0.63228998892709898,0,0,-90
0,-150.00000000000003,300.00000000000006,1,1,2.4426389554692638e-05,0.018842627489433675,24.354560317821964,5.9603099066017432e-05,0.00046445849391465918,pose_found,-0.80576966521207494,-0.50881418885357321,0.93371177635776126,-0.81156979601436741,1.2688632963475384,0.30366226390295231,0,0,-90
0,-150.00000000000003,350.00000000000006,1,0,6.7357596336434835e-05,,0.64229000201043618,178.63547836117169,6.7357596336434835e-05,orientation_unresolved,1.5395862515071734,-1.6552476984887212,1.4208749154995812,0.20435700792300762,0.22363050180939018,-0.24646564665785781,0,0,-90
0,-150.00000000000003,400,1,0,4.3613975268650605e-05,,7.4154431342142857,107.31016837550733,4.3613975268650605e-05,orientation_unresolved,-1.4213724286084495,0.77575701570597544,0.20184541808732542,0.23180385557118544,-1.1580413291664458,-1.4174062819011408,0,0,-90
0,-150.00000000000003,450,1,0,0.00030628915543999389,,11.601580517245088,169.1592502254519,0.00030628915543999389,orientation_unresolved,1.348310548333743,-0.21491395305628364,-0.085867560893569325,0.41798306854813422,-0.33031312436601629,8.9241093824484749e-17,0,0,-90
0,-100,-450,0,0,222.42536657250707,,,,,position_unresolved,,,,,,,0,0,-90
0,-100,-400,0,0,176.84655376408722,,,,,position_unresolved,,,,,,,0,0,-90
0,-100,-350.00000000000006,0,0,123.6685982978845,,,,,position_unresolved,,,,,,,0,0,-90
0,-100,-300.00000000000006,0,0,75.408429091597469,,,,,position_unresolved,,,,,,,0,0,-90
0,-100,-250,0,0,31.52850665094665,,,,,position_unresolved,,,,,,,0,0,-90
0,-100,-200,1,0,4.2473903669062795e-05,,8.4099557023949423,152.38472919127653,4.2473903669062795e-05,orientation_unresolved,-1.3621267239249939,1.8843199353328677,1.1162130689591632,-0.50510788943972917,0.42546166509742739,-1.4040149098412325,0,0,-90
0,-100,-150.00000000000003,1,0,0.00026065703374088462,,0,131.14051270202097,0.00026065703374088462,orientation_unresolved,-0.72443033553302816,1.6728869268038769,1.625421858910663,-1.2366370614359172,0.57000278307381591,0.68018115270262836,0,0,-90
0,-100,-100,1,0,4.9291266461191727e-05,,19.80779894853756,128.85228651895568,4.9291266461191727e-05,orientation_unresolved,-0.10477209275595911,1.7391557686801102,1.5866701466733213,-0.84459162135791133,0.97705405198446238,0.94844489318766234,0,0,-90
0,-100,-50,1,0,4.6772118867856407e-05,,0.53767859934191375,126.05348136821635,4.6772118867856407e-05,orientation_unresolved,0.89436476027719791,-0.97087291618216109,-1.5414120649188687,0.36092428624226647,-1.1885546864082568,-1.8679476452918752e-18,0,0,-90
0,-100,0,1,0,3.8307907640105365e-05,,2.5216030081188987,136.78304034647556,3.8307907640105365e-05,orientation_unresolved,1.4961488052623915,-0.62912800391218471,-1.418642478291585,-0.027806737752634019,-1.5067860518750285,1.4079268921219645,0,0,-90
0,-100,50,1,0,3.850005317975126e-05,,5.9218053185851334,177.63897001140839,3.850005317975126e-05,orientation_unresolved,-0.84845745180847343,0.53720415484500372,1.4485185311213333,-0.49671303703101316,1.8162067302422438,-1.4474413263234742,0,0,-90
0,-100,100,1,0,3.1211493844498325e-05,,15.41175427465593,83.80610909762234,3.1211493844498325e-05,orientation_unresolved,-1.2718918804939023,-0.19423162251237769,1.3929551537826077,-0.26254802003756528,1.815881222304105,-0.10052586891527225,0,0,-90
0,-100,150.00000000000003,1,0,7.7333173869276154e-05,,22.041483054864049,41.173646359261419,7.7333173869276154e-05,orientation_unresolved,-0.52874296454858682,-1.2384518593298803,1.7315865531111441,-0.6093568500625115,1.6851812875242647,-3.1812662118875795e-17,0,0,-90
0,-100,200,1,1,5.0382067827802592e-05,0.058330487804956435,4.8279536715157283,6.7907562404756418e-05,0.00047578911528385647,pose_found,-1.3810943600393746,-1.4304617695547694,2.0320193167393614,-0.22881400739780183,0.9815014360485822,0.12872040663069703,0,0,-90
0,-100,250,1,1,6.6047617057352412e-05,0.062744920212586541,9.7231559328323893,6.3906668967257045e-05,0.00042954943307504424,pose_found,-1.3810952420821507,-1.0720919516340812,1.5199852974092316,-0.20988364084688935,1.1315043365342579,0.090350933427886429,0,0,-90
0,-100,300.00000000000006,1,1,2.2408156605624278e-05,0.048152604155125026,9.7225935473047915,8.7493669420772298e-05,0.00042716430115705866,pose_found,-1.3811050575612729,-0.63929293752835215,0.73840686139949074,-0.19060450400635434,1.4734644250370752,0.018747773055710085,0,0,-90
0,-100,350.00000000000006,1,0,5.1522669262609388e-05,,9.2810652419333781,13.99526247293192,5.1522669262609388e-05,orientation_unresolved,-1.388811180230755,-0.34226253842555338,0.16611220264031651,-0.18517948210460977,1.5342962079719125,0.093241501516034497,0,0,-90
0,-100,400,1,0,7.3194168754132539e-05,,30.711038083531538,176.05034998957117,7.3194168754132539e-05,orientation_unresolved,0.88563420383493996,0.37359514825904083,-0.39080483229768886,0.40188583635387859,-1.0147875955319019,4.210627801215219e-17,0,0,-90
0,-100,450,1,0,0.00012982948285773644,,29.049852947644297,179.18114012067616,0.00012982948285773644,orientation_unresolved,1.0437807456383237,0.078440447742017652,-0.14696895997716256,0.43372847030251177,-0.62439689263529552,7.1685124395856215e-18,0,0,-90
0,-50,-450,0,0,238.27840992082048,,,,,position_unresolved,,,,,,,0,0,-90
0,-50,-400,0,0,178.00503183722651,,,,,position_unresolved,,,,,,,0,0,-90
0,-50,-350.00000000000006,0,0,126.4244774566382,,,,,position_unresolved,,,,,,,0,0,-90
0,-50,-300.00000000000006,0,0,78.158695127635838,,,,,position_unresolved,,,,,,,0,0,-90
0,-50,-250,0,0,29.767234141612146,,,,,position_unresolved,,,,,,,0,0,-90
0,-50,-200,1,0,0.00012306221682232375,,0.49943411325041315,103.68348143327036,0.00012306221682232375,orientation_unresolved,0.48613570635632469,-2.0133184551603676,-1.1588035429605188,0.5002308886093324,-0.51813769519544139,-5.8475760937964181e-18,0,0,-90
0,-50,-150.00000000000003,1,0,8.7429247152233188e-05,,13.725777876929742,145.18423992160439,8.7429247152233188e-05,orientation_unresolved,0.73365908165403726,-1.7824752084835445,-1.0949806396122952,0.21438257420137866,-1.0005877538101045,-0.75836004147166958,0,0,-90
0,-50,-100,1,0,0.0001415948916588605,,6.8627496371113841,148.21518737414681,0.0001415948916588605,orientation_unresolved,-0.55564819790959619,1.2885321331275261,1.99650542753342,-0.61682270473320178,0.54596753027904155,-1.4991255477769759e-17,0,0,-90
0,-50,-50,1,0,3.7365341918938589e-05,,17.68035176306201,135.08070752207297,7.7829995688442154e-05,orientation_unresolved,-0.0055452318527874937,1.5190557126640987,1.5164305157128313,-0.32017719100235337,1.3650614042433884,-1.2422159756186801,0,0,-90
0,-50,0,0,0,2.6886096237065117e-05,,,,,collision_candidates_only,,,,,,,0,0,-90
0,-50,50,1,0,8.4164469991239912e-05,,8.5512083730456503,96.600646676856087,0.00019888069661536451,orientation_unresolved,-0.99038899836786065,-0.2978661313478021,1.9670362633073055,-0.23388043442549028,1.6756882351667686,0.327232810655668,0,0,-90
0,-50,100,1,0,7.0416405647725613e-05,,2.8086297879276425,79.141473382178376,7.0774148023426738e-05,orientation_unresolved,-0.99016354981007215,-0.5802569284095106,1.5725574852452477,-0.2608699816732637,2.035847240636234,0.327232810655668,0,0,-90
0,-50,150.00000000000003,1,1,6.9334715925795356e-05,0.12592928322601329,1.5681185393135333,3.6612016613503793e-05,0.00044557920318968289,pose_found,-1.4645309137426958,-1.9946663932607802,1.9936017984328631,-0.10626548735214697,1.5718542792608776,-0.00011287025147465833,0,0,-90
0,-50,200,1,1,2.96283027471428e-05,0.10720205331961885,4.9426446529182408,6.0850495772209759e-05,0.00037236438276281567,pose_found,-1.4645309038453809,-1.5742997991834624,1.6784240510840707,-0.10683969546144352,1.467260477400304,0.011083655570244618,0,0,-90
0,-50,250,1,1,1.9722488802115766e-05,0.0780567616253066,4.9426021255295671,7.7773578177800005e-05,0.00042164795598060732,pose_found,-1.4645316460883355,-1.1645329120562111,1.1718913469657273,-0.10626764115607769,1.5634780467437042,0.00078050476970007907,0,0,-90
0,-50,300.00000000000006,1,0,3.7353406436557261e-05,,0.20287193802724349,172.50067539946525,3.7353406436557261e-05,orientation_unresolved,0.40818829693954839,0.98970474188545965,-0.80436436777218834,0.25595558788874589,-1.5472555435164193,-3.7432434400220584e-17,0,0,-90
0,-50,350.00000000000006,1,0,4.8416440672031511e-05,,7.6329453450860347,130.90496633446719,4.8416440672031511e-05,orientation_unresolved,-0.30877635472961679,0.90077860071565308,-0.52111104875989178,0.32501448898224489,-1.4175762988983704,-0.60128300012488611,0,0,-90
0,-50,400,1,0,5.1427318203808098e-05,,24.36747101591132,175.89564505173783,5.1427318203808098e-05,orientation_unresolved,0.96913204903235783,-1.020050541859655,0.76067017301512752,-0.15615550608210191,0.81596547607834014,1.1255037271829564,0,0,-90
0,-50,450,1,0,0.00012600264786696784,,28.814774470561105,77.539570794065384,0.00012600264786696784,orientation_unresolved,0.0025766263168162705,-0.56877544718962125,0.56571515826518426,-0.73372437370502008,0.47709735834278072,-5.3771183233405351e-18,0,0,-90
0,0,-450,0,0,233.78662421670737,,,,,position_unresolved,,,,,,,0,0,0
0,0,-400,0,0,185.73737146217655,,,,,position_unresolved,,,,,,,0,0,0
0,0,-350.00000000000006,0,0,137.32413757879891,,,,,position_unresolved,,,,,,,0,0,0
0,0,-300.00000000000006,0,0,91.343870119740956,,,,,position_unresolved,,,,,,,0,0,0
0,0,-250,0,0,48.339514014726319,,,,,position_unresolved,,,,,,,0,0,0
0,0,-200,1,0,9.0943540126052323e-05,,1.1767755934550406,115.56178802292411,9.0943540126052323e-05,orientation_unresolved,0,2.0643284692422608,1.5880509293181271,0,-0.064649381273717291,0,0,0,0
0,0,-150.00000000000003,1,0,2.7125079559077227e-05,,6.2399195049837575,48.775095500613254,2.7125079559077227e-05,orientation_unresolved,0,-1.7314186787111137,-1.4418891863735153,0,-0.68779510583968773,0,0,0,0
0,0,-100,1,0,2.1797542317243865e-05,,13.219491369478348,85.655471963306184,2.1797542317243865e-05,orientation_unresolved,1.0717516296464298,-1.6340800929807979,-1.3200726769585251,-0.069620601847792368,-1.2001304703149382,1.2830345735401503,0,0,0
0,0,-50,0,0,1.6593712897033291e-05,,,,,collision_candidates_only,,,,,,,0,0,0
0,0,0,0,0,4.4856546961096632e-05,,,,,collision_candidates_only,,,,,,,0,0,0
0,0,50,0,0,5.0619494147335874e-05,,,,,collision_candidates_only,,,,,,,0,0,0
0,0,100,0,0,13.305968285577039,,,,,position_unresolved,,,,,,,0,0,0
0,0,150.00000000000003,1,0,0.0004870212789384758,,0,75.223305507057034,0.0004870212789384758,orientation_unresolved,0.33775587667630086,-1.9455680722770219,1.3578470291416764,0.028106469260587911,2.0848670779051615,-1.2651476257135785,0,0,0
0,0,200,1,1,5.1161792613699426e-05,0.073100477985193119,0.16905212870926878,4.5531457461297848e-05,0.00037628744633591451,pose_found,0,-1.4709925915780635,0.95987156204743473,0,2.0819165616516795,0,0,0,0
0,0,250,1,0,1.9458907568555809e-05,,18.996121151181718,25.527985524633845,1.9458907568555809e-05,orientation_unresolved,0,-1.690490365637509,1.3436434563317114,0,1.4720958372943815,0,0,0,0
0,0,300.00000000000006,1,0,5.3399644249011684e-05,,8.1529878604374861,73.206464585609098,5.3399644249011684e-05,orientation_unresolved,0.077372756527994357,-0.94558289704185283,0.26136828817832125,0.0061265485205867108,1.9425705958653994,1.2326850197537431,0,0,0
0,0,350.00000000000006,1,0,3.20871783563269e-05,,14.926489579980823,149.60885922203397,3.20871783563269e-05,orientation_unresolved,0,0.97058280404044261,-0.72067372296311505,0,-1.2902799378596057,0,0,0,0
0,0,400,1,0,5.9310405664427742e-05,,12.210831611549567,83.905046610387046,5.9310405664427742e-05,orientation_unresolved,0.8808704297754808,-0.55091331583072878,-0.05945518878756173,0.05766387233331708,1.4176078877005986,-1.3376771107667513,0,0,0
0,0,450,1,0,6.7586370675057814e-05,,70.854084409738348,68.955514840432102,6.7586370675057814e-05,orientation_unresolved,0,-0.66569742325213854,0.7253576762796371,0,0.30763530239404563,0,0,0,0
0,50,-450,0,0,229.3217412523519,,,,,position_unresolved,,,,,,,0,0,90
0,50,-400,0,0,179.74094933506191,,,,,position_unresolved,,,,,,,0,0,90
0,50,-350.00000000000006,0,0,131.81580196574311,,,,,position_unresolved,,,,,,,0,0,90
0,50,-300.00000000000006,0,0,88.541289906237679,,,,,position_unresolved,,,,,,,0,0,90
0,50,-250,0,0,31.714913653659956,,,,,position_unresolved,,,,,,,0,0,90
0,50,-200,1,0,0.00012306221682232375,,0.49943411325041315,103.68348143327036,0.00012306221682232375,orientation_unresolved,-0.48613570635632469,-2.0133184551603676,-1.1588035429605188,-0.5002308886093324,-0.51813769519544139,5.8475760937964181e-18,0,0,90
0,50,-150.00000000000003,1,0,5.8090057329901529e-05,,5.9457444151847882,76.863958618396353,5.8090057329901529e-05,orientation_unresolved,0.19564868524781104,1.7373020348306432,2.0007744902589608,-1.1328642449088779,-0.35663670350599236,-0.89048507127810728,0,0,90
0,50,-100,1,0,0.0001415948916588605,,6.8627496371113841,148.21518737414681,0.0001415948916588605,orientation_unresolved,0.55564819790959619,1.2885321331275261,1.99650542753342,0.61682270473320178,0.54596753027904155,1.4991255477769759e-17,0,0,90
0,50,-50,1,0,3.6118025260545665e-05,,23.737498104151069,142.77856034587441,0.00017992154637642285,orientation_unresolved,-0.23597429491328484,1.6705695798018134,1.4108179663875846,0.28815899600431777,1.443832035247907,0.88014636091654219,0,0,90
0,50,0,0,0,6.6572274796463415e-05,,,,,collision_candidates_only,,,,,,,0,0,90
0,50,50,1,0,9.9990183198684599e-05,,17.378521105786348,113.32500986497284,0.00032628073671770342,orientation_unresolved,0.97356133228056918,0.15790401970390616,1.7524154605254656,0.24174023641721445,1.7815546654818639,-0.43997710514097471,0,0,90
0,50,100,0,0,0.00016160386640597338,,,,,collision_candidates_only,,,,,,,0,0,90
0,50,150.00000000000003,1,1,7.1129105318938686e-05,0.12592926954408021,1.5681424679344367,2.0308992148467037e-05,0.00019021986987350416,pose_found,1.4645314990653324,-1.99466597562756,1.9935991517724467,0.10626494443603282,1.5718567833908967,0.00011313652930902723,0,0,90
0,50,200,1,1,2.96283027471428e-05,0.10720205331961914,4.9426446529182408,6.0850495772209759e-05,0.00037236438276281567,pose_found,1.4645309038453809,-1.5742997991834624,1.6784240510840707,0.10683969546144352,1.467260477400304,-0.011083655570244618,0,0,90
0,50,250,1,1,7.3432905303137493e-05,0.078056761625306517,4.9426021255295671,7.7773578177800005e-05,0.00042164795598060732,pose_found,1.4645316460883355,-1.1645329120562111,1.1718913469657273,0.10626764115607769,1.5634780467437042,-0.00078050476970007907,0,0,90
0,50,300.00000000000006,1,0,3.7353406436557261e-05,,0.20287193802724349,172.50067539946525,3.7353406436557261e-05,orientation_unresolved,-0.40818829693954839,0.98970474188545965,-0.80436436777218834,-0.25595558788874589,-1.5472555435164193,3.7432434400220584e-17,0,0,90
0,50,350.00000000000006,1,0,6.3278665257292626e-05,,28.760379804944197,161.61667611594399,6.3278665257292626e-05,orientation_unresolved,0.95204888495827589,1.2455900536383393,-0.98818718721623777,-0.27887758307862448,-1.0488330050745358,-0.82119137046266688,0,0,90
0,50,400,1,0,7.9008394923978068e-05,,3.8985941221913127,62.050376805563936,7.9008394923978068e-05,orientation_unresolved,0.79235638004805864,-0.91405597595952537,1.5248346653240854,-1.0016314977106928,-0.32457570733296615,1.48275302316376,0,0,90
0,50,450,1,0,0.00012600264786696784,,28.814774470561105,77.539570794065384,0.00012600264786696784,orientation_unresolved,-0.0025766263168162705,-0.56877544718962125,0.56571515826518426,0.73372437370502008,0.47709735834278072,5.3771183233405351e-18,0,0,90
0,100,-450,0,0,226.55630987680527,,,,,position_unresolved,,,,,,,0,0,90
0,100,-400,0,0,176.58377092515011,,,,,position_unresolved,,,,,,,0,0,90
0,100,-350.00000000000006,0,0,126.59653913148,,,,,position_unresolved,,,,,,,0,0,90
0,100,-300.00000000000006,0,0,77.540050399284269,,,,,position_unresolved,,,,,,,0,0,90
0,100,-250,0,0,25.872700283537046,,,,,position_unresolved,,,,,,,0,0,90
0,100,-200,1,0,6.0684677244788377e-05,,9.7237514354106747,130.57602041443351,6.0684677244788377e-05,orientation_unresolved,1.1333151952713565,1.9151555997117204,1.2181540267620079,1.0114181385034313,0.39685017247011051,1.7320544129735775e-17,0,0,90
0,100,-150.00000000000003,1,0,0.00017482879959920998,,3.8126196343014853,123.67326399873866,0.00017482879959920998,orientation_unresolved,1.0376343797944036,1.5401030703542424,1.6730596818366517,1.1700942956911742,0.42108280331345199,-0.49309067394075812,0,0,90
0,100,-100,1,0,8.3220327408994426e-05,,5.7229903821757091,121.47639270716626,8.3220327408994426e-05,orientation_unresolved,-0.87638635134168974,-1.2977395210861231,-1.4509113015659618,-0.4273403669067567,-0.94973827442338543,-4.7530630682687015e-18,0,0,90
0,100,-50,1,0,3.128697774780847e-05,,14.219899989798234,105.60529972182438,3.128697774780847e-05,orientation_unresolved,1.2587282348404494,0.7964085481258848,1.7496474153207362,0.31684795213282446,0.98264906372838257,-1.3026122526686092,0,0,90
0,100,0,1,0,7.3787615646763458e-05,,14.219899989798234,100.67750092119722,7.3787615646763458e-05,orientation_unresolved,1.164796140921178,0.45758976812807789,1.7505296490268663,0.32953597091727704,1.2894628277594693,-1.3026122526686092,0,0,90
0,100,50,1,0,6.0025351232456465e-05,,5.9704801933627376,130.87897615689815,6.0025351232456465e-05,orientation_unresolved,0.067772691057133294,0.90781122014096582,2.0120784671417722,0.66823515203720818,1.6158660497951027,1.1836162705449418,0,0,90
0,100,100,1,0,8.0380527639463872e-05,,7.4559081979293245,66.637441768672986,8.0380527639463872e-05,orientation_unresolved,0.49494975491355769,-1.0014343105921202,1.9861528576607559,0.62099756172794718,1.7050690368992973,1.2134352087067205e-17,0,0,90
0,100,150.00000000000003,1,0,7.2271881610649663e-05,,9.4269591330048659,113.28789314037577,7.2271881610649663e-05,orientation_unresolved,0.90642908395369448,-0.52171120589351538,1.2540197734318028,0.48445205865593821,1.9203356025832765,1.3370664826761827,0,0,90
0,100,200,1,1,8.5342991571731757e-05,0.058330464322669029,4.8279540774873002,5.5185843997774624e-05,0.00038665706408318071,pose_found,1.3810963111115899,-1.4304617423404873,2.0320193096538208,0.22881194460512363,0.98150120169694277,-0.12871923737782237,0,0,90
0,100,250,1,1,2.4319786826143535e-05,0.062744916036608991,9.7231880732610279,6.7588694392480843e-05,0.00045560904365787587,pose_found,1.381094681125848,-1.0720920730958541,1.5199855385332217,0.20988420575897559,1.1315042180312045,-0.090351204098775686,0,0,90
0,100,300.00000000000006,1,1,2.9452860934238727e-05,0.048152604155125026,9.7225935473047915,8.7493669420772298e-05,0.00042716430115705866,pose_found,1.3811050575612729,-0.63929293752835215,0.73840686139949074,0.19060450400635434,1.4734644250370752,-0.018747773055710085,0,0,90
0,100,350.00000000000006,1,0,5.6943158932317414e-05,,22.636656051782637,39.163194764926757,5.6943158932317414e-05,orientation_unresolved,0.31929414339935996,-0.94586314909023395,1.1158787558304821,0.84155288169081022,0.95211146034698468,-4.1484105240565868e-17,0,0,90
0,100,400,1,0,7.3194168754132539e-05,,30.711038083531538,176.05034998957117,7.3194168754132539e-05,orientation_unresolved,-0.88563420383493996,0.37359514825904083,-0.39080483229768886,-0.40188583635387859,-1.0147875955319019,-4.210627801215219e-17,0,0,90
0,100,450,1,0,0.00010783264746929081,,30.877238953408703,137.93066040706401,0.00010783264746929081,orientation_unresolved,1.0118868431328667,0.504949582943369,-0.1175395785933897,-0.697066700925279,-0.65080571798213349,-0.56260109870247377,0,0,90
0,150.00000000000003,-450,0,0,229.47855152829797,,,,,position_unresolved,,,,,,,0,0,90
0,150.00000000000003,-400,0,0,180.48457644276073,,,,,position_unresolved,,,,,,,0,0,90
0,150.00000000000003,-350.00000000000006,0,0,128.00979299319093,,,,,position_unresolved,,,,,,,0,0,90
0,150.00000000000003,-300.00000000000006,0,0,77.261029158009308,,,,,position_unresolved,,,,,,,0,0,90
0,150.00000000000003,-250,0,0,25.319936157981545,,,,,position_unresolved,,,,,,,0,0,90
0,150.00000000000003,-200,1,0,8.0877042352850927e-05,,4.6997415935818632,169.35516928969068,8.0877042352850927e-05,orientation_unresolved,-1.4687703619939678,-1.8285699248680933,-1.2595193195708907,0.20173843673982511,0.1027514340279707,0.14897680496953178,0,0,90
0,150.00000000000003,-150.00000000000003,1,0,3.7974524996638386e-05,,10.124082502561508,118.33296569142389,3.7974524996638386e-05,orientation_unresolved,1.3040503580647056,1.4857156505641778,1.4746206970225699,1.0599384880226717,0.36890040712234035,1.720369381818724e-17,0,0,90
0,150.00000000000003,-100,1,0,4.8229255313722219e-05,,3.1147042880211693,47.420238193095109,4.8229255313722219e-05,orientation_unresolved,-0.26696466732012403,-1.9676733797814103,-1.1418373825285353,-1.1231657802307062,-1.3095910875460808,-0.49152156242349421,0,0,90
0,150.00000000000003,-50,1,0,6.1661501336373448e-05,,10.168600130859332,139.16469032288711,6.1661501336373448e-05,orientation_unresolved,-1.1317425570746209,-0.93810966678354557,-1.373320774192675,-0.37433045501244078,-1.0980304915486969,5.1910436511880673e-17,0,0,90
0,150.00000000000003,0,1,0,2.9652527197729235e-05,,8.2131786654822854,143.5634585168994,2.9652527197729235e-05,orientation_unresolved,-1.1381011176671589,-0.6159915194269584,-1.4074493170276767,-0.33922741888945412,-1.2932409299628476,2.4494883129483911e-17,0,0,90
0,150.00000000000003,50,1,0,6.0591562834204424e-05,,4.5710408879821518,121.9474719566518,6.0591562834204424e-05,orientation_unresolved,1.3800108520402681,0.78160081746899424,0.63368502363231982,0.27638678403302724,2.0050873641665876,0.89388189266960627,0,0,90
0,150.00000000000003,100,1,0,0.00019263864753700754,,16.532690305211627,63.900342072685518,0.00019263864753700754,orientation_unresolved,0.59653566694521132,0.018437878730248883,1.8277331244025705,0.93604906922897535,1.5855801787718498,-1.0741307414710259,0,0,90
0,150.00000000000003,150.00000000000003,1,0,7.3635218597333061e-05,,3.1111884635815952,75.245310768772697,7.3635218597333061e-05,orientation_unresolved,1.2384973709774423,0.16253138160134337,0.60608530738385424,0.42674793120291887,2.0305665955655989,0.31844038891425985,0,0,90
0,150.00000000000003,200,1,0,2.4417480774489322e-05,,6.3247301556275586,53.762291565701872,2.4417480774489322e-05,orientation_unresolved,1.2121769224797092,-0.026998844968523689,0.46490341319941797,0.44171787939254581,1.9744797123892872,0.31844038891425985,0,0,90
0,150.00000000000003,250,1,1,5.4066266500279378e-05,0.018239767159145433,16.438910629449683,5.9152911288892402e-05,0.00047386403313216683,pose_found,0.80576920103517402,-0.85133680084000152,1.6648442152188754,0.94972394551092676,1.0190018243389547,-0.63228955011902543,0,0,90
0,150.00000000000003,300.00000000000006,1,1,2.4426389554692638e-05,0.018842639211808204,24.354493623883034,6.1726538153571115e-05,0.00048100619415062507,pose_found,0.80576845997884561,-0.50881421045002895,0.93371178048566528,0.81157096004319285,1.2688636564553393,-0.30366259872857676,0,0,90
0,150.00000000000003,350.00000000000006,1,0,2.4286856566011453e-05,,23.689440308233564,132.47067164294535,2.4286856566011453e-05,orientation_unresolved,-1.1373375954615605,-1.3465305075773959,0.64059942812221149,0.37824503944196552,1.0519402472152206,0.1758046500330116,0,0,90
0,150.00000000000003,400,1,0,0.00022503965160616113,,4.9713403749142717,67.613973458350401,0.00022503965160616113,orientation_unresolved,0.78566899890981567,0.30898610410876437,0.51119938431139211,-0.87988124679481017,-1.1542632601100882,1.4640300690153132,0,0,90
0,150.00000000000003,450,1,0,0.00021590971032494832,,14.263586919230312,105.1034948841292,0.00021590971032494832,orientation_unresolved,-1.3018497719099331,-0.17841923286498781,-0.20753238293092446,-0.76609945476194841,-0.25380153804779149,-1.009102970110461,0,0,90
0,200,-400,0,0,182.1747208302607,,,,,position_unresolved,,,,,,,0,0,90
0,200,-350.00000000000006,0,0,139.40639280632226,,,,,position_unresolved,,,,,,,0,0,90
0,200,-300.00000000000006,0,0,83.73234047055567,,,,,position_unresolved,,,,,,,0,0,90
0,200,-250,0,0,33.617212456536819,,,,,position_unresolved,,,,,,,0,0,90
0,200,-200,1,0,7.8728286340181325e-05,,0.42166881460466182,98.513186337796,7.8728286340181325e-05,orientation_unresolved,1.5434368176270636,1.9336818712975608,0.85896563446674734,1.1557720300621932,0.11773079449834649,3.9038262715208281e-17,0,0,90
0,200,-150.00000000000003,1,0,0.00010943078190365403,,12.852647460677872,144.38589538586584,0.00010943078190365403,orientation_unresolved,-1.3264753110079792,-1.5823103497478002,-0.98237484930187935,-0.46894064453820222,-0.52384435797383766,-1.7090371646426066e-17,0,0,90
0,200,-100,1,0,7.4911609560024758e-05,,14.791820125573889,145.81478806439458,7.4911609560024758e-05,orientation_unresolved,-1.2926303632408711,-1.2710848341220569,-1.1228133863274716,-0.40231745550722309,-0.75019386596345761,9.2360490914620987e-18,0,0,90
0,200,-50,1,0,0.00011874281621077073,,4.2242713187311418,112.06962310874381,0.00011874281621077073,orientation_unresolved,1.2493981811458972,0.84255743264585692,1.7811011809752539,1.162909618426496,0.52344264431125875,-4.6881335584540256e-18,0,0,90
0,200,0,1,0,2.9106477868260213e-05,,15.778025054148905,151.39226047090176,2.9106477868260213e-05,orientation_unresolved,-1.2754178401378415,-0.69545902223093314,-1.2380370624200352,-0.32592403875899034,-1.1159539618010892,-2.1677470343793833e-17,0,0,90
0,200,50,1,0,1.8222712336488365e-05,,8.9489191000363864,108.31150407987529,1.8222712336488365e-05,orientation_unresolved,1.3946082240046538,0.82212031749315539,0.51032793252187036,0.29957309000445603,1.7840124553987564,0.89388189266960627,0,0,90
0,200,100,1,0,2.5248488320325913e-05,,12.958802222294823,158.71102751525973,2.5248488320325913e-05,orientation_unresolved,-1.2750883101332668,-0.1889904897175361,-1.1784766544103704,-0.30152809383222817,-1.3246225609010938,2.3824930392148202e-17,0,0,90
0,200,150.00000000000003,1,0,4.4625262077393005e-05,,20.552064113269829,42.866384730062641,4.4625262077393005e-05,orientation_unresolved,1.1920951399373692,-0.11845520693199263,1.396766378726825,0.60444584355621989,1.1717097089567694,-0.7883059319118404,0,0,90
0,200,200,1,0,0.00011137934492833238,,13.895214121432097,165.64869275279094,0.00011137934492833238,orientation_unresolved,-1.2722567893307097,0.11237080411847483,-0.98207531539701187,-0.30653643756713056,-1.3082790901062953,5.3683441339572317e-18,0,0,90
0,200,250,1,0,8.4000868805580127e-05,,5.1901976778729413,111.58133825593276,8.4000868805580127e-05,orientation_unresolved,0.85676609294055617,-0.18854790306736396,1.1883185402678698,1.1460510231276704,1.2402507937206011,1.0618964172877534,0,0,90
0,200,300.00000000000006,1,0,5.0292560137494119e-05,,15.895228969776658,18.04925642611235,5.0292560137494119e-05,orientation_unresolved,0.90633489398640743,0.46285077905304473,-0.44600334574308637,0.95921298055492832,1.6346623109436835,-0.084117285208337625,0,0,90
0,200,350.00000000000006,1,0,9.0250443705119506e-05,,11.159621387540533,58.713307952267101,9.0250443705119506e-05,orientation_unresolved,1.0774240197757661,-0.064541862123762284,1.289311897145764,-1.0418649249473568,-0.84879826501310462,0.62944788680383512,0,0,90
0,200,400,1,0,0.0001194437529300052,,2.2521747235320908,165.31767021157569,0.0001194437529300052,orientation_unresolved,-1.5114884625390685,-1.1449664564678146,0.81072140040204244,-0.639973894887085,0.0012806594278374241,0.28317896596104392,0,0,90
0,250,-400,0,0,192.37903231046826,,,,,position_unresolved,,,,,,,0,0,90
0,250,-350.00000000000006,0,0,146.08330951928914,,,,,position_unresolved,,,,,,,0,0,90
0,250,-300.00000000000006,0,0,97.915571478685806,,,,,position_unresolved,,,,,,,0,0,90
0,250,-250,0,0,53.889208009960349,,,,,position_unresolved,,,,,,,0,0,90
0,250,-200,0,0,13.347825809303119,,,,,position_unresolved,,,,,,,0,0,90
0,250,-150.00000000000003,1,0,7.3576151558400488e-05,,6.4108906140436153,152.35783485192832,7.3576151558400488e-05,orientation_unresolved,-1.4389051775946344,-1.6996278545401478,-0.7635952003658758,-0.42591902247238145,-0.3178364863922768,-2.5497939448603021e-17,0,0,90
0,250,-100,1,0,5.7782758578901819e-05,,7.3453643056740807,78.554905929330786,5.7782758578901819e-05,orientation_unresolved,1.2377900448296113,1.4844959346347475,1.3730471000356581,-1.1084362695434373,-0.69433684709858912,-0.5581107394448358,0,0,90
0,250,-50,1,0,5.0634616675930938e-05,,13.098701407796272,75.999997652599731,5.0634616675930938e-05,orientation_unresolved,1.1711140222172567,1.2425779846145661,1.0505405829798911,1.0080215941342558,0.90795271376745745,-0.83171906722773181,0,0,90
0,250,0,1,0,0.00012171460943935351,,1.8195460134909334,87.574335215643245,0.00012171460943935351,orientation_unresolved,-0.95343863571203002,-1.4250654372971772,-0.38683864455896816,-0.98178008363690006,-1.5190392579679426,-0.58491909295368505,0,0,90
0,250,50,1,0,2.5426520182265965e-05,,2.1339053707516009,127.45560425180963,2.5426520182265965e-05,orientation_unresolved,1.0189126368123136,0.84440358012416206,1.2476446399581014,1.1993933867903115,1.2029559259188463,0.34532079014653549,0,0,90
0,250,100,1,0,3.9686365774751761e-05,,10.923233530656141,161.09671616144018,3.9686365774751761e-05,orientation_unresolved,-1.3601499367207019,-0.39752686379405922,-1.0362601333419552,-0.2877530988611029,-1.0738151900823922,-6.3828087997514536e-17,0,0,90
0,250,150.00000000000003,1,0,1.6706079168705109e-05,,10.908267513502159,163.5140239223301,1.6706079168705109e-05,orientation_unresolved,-1.3604111429959489,-0.24535222905496282,-0.97038747427044358,-0.28525699645915187,-1.0866971322628018,-1.9685379308456432e-17,0,0,90
0,250,200,1,0,6.6832083270473863e-05,,19.779579515376401,28.853328414776069,6.6832083270473863e-05,orientation_unresolved,1.205577539591554,0.10981874093625676,1.1421488558997932,0.86097153947032734,0.9533780926188713,-0.63386105175827623,0,0,90
0,250,250,1,0,3.3137606256116487e-05,,10.367835651616629,167.34533805379988,3.3137606256116487e-05,orientation_unresolved,-1.3698434583685346,-0.1125060019352583,-0.75783230937117219,-0.2910771907078929,-0.95773456237287424,-2.2389201319812111e-17,0,0,90
0,250,300.00000000000006,1,0,3.9132354201859328e-05,,5.2388787255768561,154.84775578554084,3.9132354201859328e-05,orientation_unresolved,-0.98227215136085266,-1.282425159480578,0.45871535291908788,1.1452013785619166,1.0557372469662554,-1.3606724509881534,0,0,90
0,250,350.00000000000006,1,0,0.00011955204805446869,,11.002785726507513,139.48806986035297,0.00011955204805446869,orientation_unresolved,-1.3587614889759041,-1.216045378502685,1.0676120858100349,-0.39487640262472545,-0.71281334682396413,-0.63492522048180833,0,0,90
0,250,400,0,0,2.3907090921187342,,,,,position_unresolved,,,,,,,0,0,90
0,300.00000000000006,-350.00000000000006,0,0,165.16577570579827,,,,,position_unresolved,,,,,,,0,0,90
0,300.00000000000006,-300.00000000000006,0,0,124.6182269643875,,,,,position_unresolved,,,,,,,0,0,90
0,300.00000000000006,-250,0,0,79.324941680799171,,,,,position_unresolved,,,,,,,0,0,90
0,300.00000000000006,-200,0,0,41.361426151007727,,,,,position_unresolved,,,,,,,0,0,90
0,300.00000000000006,-150.00000000000003,0,0,1.8879090608342066,,,,,position_unresolved,,,,,,,0,0,90
0,300.00000000000006,-100,1,0,0.00016975041359925598,,4.5235547211704494,176.19149650942001,0.00016975041359925598,orientation_unresolved,-1.2476025816851048,-1.7421083995172089,-0.79407500823647992,1.1576861376573588,0.59889807515989457,-0.70782526774670063,0,0,90
0,300.00000000000006,-50,1,0,6.8112506139923973e-05,,7.1853795597643755,108.8628791734257,6.8112506139923973e-05,orientation_unresolved,1.3844841879431495,1.3620490287798508,1.3257376325393584,-0.7094965693531019,-0.68973988164201439,-1.4253877954715075,0,0,90
0,300.00000000000006,0,1,0,6.1807835983226667e-05,,0,89.306807790247575,6.1807835983226667e-05,orientation_unresolved,1.4412156672862964,0.94468760875423619,1.2714242661687041,1.2366370614359172,0.33634541600135054,1.3640647280023758e-17,0,0,90
0,300.00000000000006,50,1,0,5.2316518216954298e-05,,5.2470435891117058,155.36216854371852,5.2316518216954298e-05,orientation_unresolved,-1.0333068584061933,-1.3716171787774027,-1.083066066536321,1.1450588748102575,1.317885996174907,-1.0471538521062866,0,0,90
0,300.00000000000006,100,1,0,2.558990022247851e-05,,7.2832165376327813,162.52122828228326,2.558990022247851e-05,orientation_unresolved,-1.423680218077503,-0.63323325241284223,-0.86791689981378073,-0.27942448453420843,-0.79856071585600119,9.133107865051632e-17,0,0,90
0,300.00000000000006,150.00000000000003,1,0,4.3421968951247332e-05,,7.2311234426601692,164.12325489926749,4.3421968951247332e-05,orientation_unresolved,-1.4245894141023292,-0.50582711761254051,-0.81359388333011473,-0.27562151949663954,-0.80357506675567258,1.0145589018186396e-17,0,0,90
0,300.00000000000006,200,1,0,3.5180020436251973e-05,,10.447860512756428,56.239376792614259,3.5180020436251973e-05,orientation_unresolved,1.2417914430767694,1.9025175121684588,-0.76031490236489152,-1.042400380600218,-0.88137716346677786,0.99422215977627948,0,0,90
0,300.00000000000006,250,1,0,0.00015650158852886304,,9.0806307703452092,98.836766486132561,0.00015650158852886304,orientation_unresolved,-1.3923094216944636,-0.3396480901109008,-0.90401133731842931,-0.7161182884859576,-0.39910078078830824,-0.74627918518052994,0,0,90
0,300.00000000000006,300.00000000000006,1,0,0.00026069110063995217,,1.7509643289272789,93.813979611210797,0.00026069110063995217,orientation_unresolved,1.2562643980587518,1.1152574775287671,-0.086468785084670166,-1.2060769688111632,-0.75670351923209755,0.082996396364267283,0,0,90
0,300.00000000000006,350.00000000000006,0,0,1.9456069228921542,,,,,position_unresolved,,,,,,,0,0,90
0,350.00000000000006,-300.00000000000006,0,0,147.79784967605383,,,,,position_unresolved,,,,,,,0,0,90
0,350.00000000000006,-250,0,0,108.87522574869796,,,,,position_unresolved,,,,,,,0,0,90
0,350.00000000000006,-200,0,0,72.646285972080335,,,,,position_unresolved,,,,,,,0,0,90
0,350.00000000000006,-150.00000000000003,0,0,38.889029215966218,,,,,position_unresolved,,,,,,,0,0,90
0,350.00000000000006,-100,0,0,11.062099908840578,,,,,position_unresolved,,,,,,,0,0,90
0,350.00000000000006,-50,1,0,0.00024264295680802902,,1.2165698679151391,45.15173400271707,0.00024264295680802902,orientation_unresolved,1.5295631770192248,1.66383732427364,0.59120222102522535,-0.60632807327803528,-0.28929864183633297,-0.10643878512505504,0,0,90
0,350.00000000000006,0,1,0,0.00012202563394600226,,13.965362298926815,158.09480763123403,0.00012202563394600226,orientation_unresolved,-1.3070547734447391,-1.5421673936840947,-0.74186787407379107,0.87615799524647053,0.69196089133658034,-1.0471538521062866,0,0,90
0,350.00000000000006,50,1,0,5.7841539557366224e-05,,3.811325769971134,162.28642487030285,5.7841539557366224e-05,orientation_unresolved,-1.4842761432427922,-1.0925739025119168,-0.64639728930205131,-0.28688449826503643,-0.40906051354777623,4.0942795853818481e-17,0,0,90
0,350.00000000000006,100,1,0,6.0626298417031326e-05,,4.0563338400001845,163.29031365340589,6.0626298417031326e-05,orientation_unresolved,-1.4799999457268285,-0.93452623361774656,-0.64003440730875327,-0.27832368088592907,-0.4591011600894439,2.2750125862214611e-17,0,0,90
0,350.00000000000006,150.00000000000003,1,0,7.6387699911110811e-05,,0,72.873586040489684,7.6387699911110811e-05,orientation_unresolved,1.4878542814884967,0.79418498849442765,0.85031477319522331,1.2366370614359172,0.2700595897165885,-1.3024053868758777e-17,0,0,90
0,350.00000000000006,200,1,0,0.00024517341476954478,,0,70.662740661461314,0.00024517341476954478,orientation_unresolved,1.5042123153332081,0.76483980513239991,0.70598127848787651,1.2366370614359172,0.23176235763701727,-2.3385606566375836e-17,0,0,90
0,350.00000000000006,250,1,0,0.00027100353968835143,,2.7445688135774442,67.237385132699885,0.00027100353968835143,orientation_unresolved,1.5028945644504157,0.89964197097075871,0.30828689344814858,1.1089416051960614,0.24807577640867012,0.080897362022791588,0,0,90
0,350.00000000000006,300.00000000000006,0,0,14.038578409513951,,,,,position_unresolved,,,,,,,0,0,90
0,400,-250,0,0,142.57913914325854,,,,,position_unresolved,,,,,,,0,0,90
0,400,-200,0,0,109.11554441257968,,,,,position_unresolved,,,,,,,0,0,90
0,400,-150.00000000000003,0,0,80.417309651580524,,,,,position_unresolved,,,,,,,0,0,90
0,400,-100,0,0,54.826370839643744,,,,,position_unresolved,,,,,,,0,0,90
0,400,-50,0,0,35.152848166007146,,,,,position_unresolved,,,,,,,0,0,90
0,400,0,0,0,20.650640713700263,,,,,position_unresolved,,,,,,,0,0,90
0,400,50,0,0,11.872498440883795,,,,,position_unresolved,,,,,,,0,0,90
0,400,100,0,0,9.1952648395529817,,,,,position_unresolved,,,,,,,0,0,90
0,400,150.00000000000003,0,0,12.740324961478118,,,,,position_unresolved,,,,,,,0,0,90
0,400,200,0,0,22.347614000613238,,,,,position_unresolved,,,,,,,0,0,90
0,400,250,0,0,37.609670912824797,,,,,position_unresolved,,,,,,,0,0,90
0,450,-150.00000000000003,0,0,122.53264122671199,,,,,position_unresolved,,,,,,,0,0,90
0,450,-100,0,0,100.17842990098819,,,,,position_unresolved,,,,,,,0,0,90
0,450,-50,0,0,82.398616390035428,,,,,position_unresolved,,,,,,,0,0,90
0,450,0,0,0,69.387065413440936,,,,,position_unresolved,,,,,,,0,0,90
0,450,50,0,0,61.555245246367612,,,,,position_unresolved,,,,,,,0,0,90
0,450,100,0,0,59.17357763422757,,,,,position_unresolved,,,,,,,0,0,90
0,450,150.00000000000003,0,0,62.327971782020029,,,,,position_unresolved,,,,,,,0,0,90
50,-450,-150.00000000000003,0,0,123.49611271612147,,,,,position_unresolved,,,,,,,0,0,-83.659808254090095
50,-450,-100,0,0,101.49999999999994,,,,,position_unresolved,,,,,,,0,0,-83.659808254090095
50,-450,-50,0,0,83.769681003326042,,,,,position_unresolved,,,,,,,0,0,-83.659808254090095
50,-450,0,0,0,70.796762656474158,,,,,position_unresolved,,,,,,,0,0,-83.659808254090095
50,-450,50,0,0,62.989261987549561,,,,,position_unresolved,,,,,,,0,0,-83.659808254090095
50,-450,100,0,0,60.61515696442244,,,,,position_unresolved,,,,,,,0,0,-83.659808254090095
50,-450,150.00000000000003,0,0,63.759551851305218,,,,,position_unresolved,,,,,,,0,0,-83.659808254090095
50,-400,-250,0,0,142.84206388931,,,,,position_unresolved,,,,,,,0,0,-82.874983651098191
50,-400,-200,0,0,109.59010613924944,,,,,position_unresolved,,,,,,,0,0,-82.874983651098191
50,-400,-150.00000000000003,0,0,80.533858104290061,,,,,position_unresolved,,,,,,,0,0,-82.874983651098191
50,-400,-100,0,0,56.276480490535015,,,,,position_unresolved,,,,,,,0,0,-82.874983651098191
50,-400,-50,0,0,36.675402612775883,,,,,position_unresolved,,,,,,,0,0,-82.874983651098191
50,-400,0,0,0,22.226632733177016,,,,,position_unresolved,,,,,,,0,0,-82.874983651098191
50,-400,50,0,0,13.482694314602243,,,,,position_unresolved,,,,,,,0,0,-82.874983651098191
50,-400,100,0,0,10.816189320440358,,,,,position_unresolved,,,,,,,0,0,-82.874983651098191
50,-400,150.00000000000003,0,0,14.347073506149743,,,,,position_unresolved,,,,,,,0,0,-82.874983651098191
50,-400,200,0,0,23.917160406749108,,,,,position_unresolved,,,,,,,0,0,-82.874983651098191
50,-400,250,0,0,39.123528768189992,,,,,position_unresolved,,,,,,,0,0,-82.874983651098191
50,-350.00000000000006,-300.00000000000006,0,0,148.01136970658453,,,,,position_unresolved,,,,,,,0,0,-81.869897645844034
50,-350.00000000000006,-250,0,0,108.88323454321754,,,,,position_unresolved,,,,,,,0,0,-81.869897645844034
50,-350.00000000000006,-200,0,0,72.370077704142389,,,,,position_unresolved,,,,,,,0,0,-81.869897645844034
50,-350.00000000000006,-150.00000000000003,0,0,39.853099428494609,,,,,position_unresolved,,,,,,,0,0,-81.869897645844034
50,-350.00000000000006,-100,0,0,12.182650916430127,,,,,position_unresolved,,,,,,,0,0,-81.869897645844034
50,-350.00000000000006,-50,1,0,0.00026751735133037267,,5.6234948405370737,36.73021234711068,0.00026751735133037267,orientation_unresolved,-1.4526478263586111,1.6393622329585167,0.43109087196673213,-0.29149204033199816,0.075463090307764921,-5.972928582476971e-17,0,0,-81.869897645844034
50,-350.00000000000006,0,1,1,0.00017535867640075913,0.048025540245000921,3.3944123331945986,3.0929243460695033e-05,0.00041133356935765466,pose_found,-1.491552655410348,1.7011815126696122,0.74714821214231997,-0.081382829031495837,-0.87916193691283084,0.051973709334846623,0,0,-81.869897645844034
50,-350.00000000000006,50,1,1,7.5236352365895952e-05,0.0698344524777708,3.3945064185742382,6.6360202215286123e-05,0.00045168765507177367,pose_found,-1.4915510133106953,1.3154749638786563,1.0953455671996408,-0.084045055649349193,-0.8417812213014686,0.056058579103323514,0,0,-81.869897645844034
50,-350.00000000000006,100,1,1,7.4461879184374707e-05,0.071791081335409943,3.3945148188594683,7.1412818645225854e-05,0.00020541034634201122,pose_found,-1.4915508666980599,1.0165215959194758,1.1866328411026572,-0.10574169337025223,-0.63503092361516189,0.085239192233905831,0,0,-81.869897645844034
50,-350.00000000000006,150.00000000000003,1,1,0.00013034624640866557,0.037375394756868671,3.3945749738121567,0.00011358796212655408,0.00029514756253515973,pose_found,-1.4915498167960741,0.81382410428789032,1.064714908047693,-0.2042078417972765,-0.31385665834971344,0.19448795896753368,0,0,-81.869897645844034
50,-350.00000000000006,200,1,1,0.00010252802611917101,0.042653188468376152,3.3943943305051141,3.456358104948604e-05,0.00042579052057769342,pose_found,-1.4915529696165537,1.3738915514756944,-0.66378528796105607,0.082545122574780236,0.86237628199567795,-0.053777194090519141,0,0,-81.869897645844034
50,-350.00000000000006,250,1,0,0.000261328850959739,,0,71.989166757324227,0.000261328850959739,orientation_unresolved,-1.4340535419382285,0.88558840127747174,0.38690260123084264,-1.2366370614359172,0.065616548695369148,-4.1675695450406708e-18,0,0,-81.869897645844034
50,-350.00000000000006,300.00000000000006,0,0,15.640197225999742,,,,,position_unresolved,,,,,,,0,0,-81.869897645844034
50,-300.00000000000006,-350.00000000000006,0,0,164.94621151922601,,,,,position_unresolved,,,,,,,0,0,-80.537677791974389
50,-300.00000000000006,-300.00000000000006,0,0,122.70060501641163,,,,,position_unresolved,,,,,,,0,0,-80.537677791974389
50,-300.00000000000006,-250,0,0,78.545739251944809,,,,,position_unresolved,,,,,,,0,0,-80.537677791974389
50,-300.00000000000006,-200,0,0,38.6063933254107,,,,,position_unresolved,,,,,,,0,0,-80.537677791974389
50,-300.00000000000006,-150.00000000000003,0,0,1.8267378693770209,,,,,position_unresolved,,,,,,,0,0,-80.537677791974389
50,-300.00000000000006,-100,1,0,0.00011592581360968773,,2.8723065936677656,174.13726921774901,0.00011592581360968773,orientation_unresolved,1.5006651196086511,-1.6992520036614642,-0.42818708592277172,0.76309649169470528,-0.55233725286031599,-0.88357986779849051,0,0,-80.537677791974389
50,-300.00000000000006,-50,1,1,3.9923031214049002e-05,0.061289735092131696,3.472127502593084,5.9715376179499741e-05,0.00047504560526833773,pose_found,-1.4901962698255993,1.9416132760368159,0.9624035818392167,-0.086979953652512695,-1.3340843799980115,0.020446100392332377,0,0,-80.537677791974389
50,-300.00000000000006,0,1,1,3.6464224257692672e-05,0.092302880609108504,3.4721220909992514,4.0904438608943138e-05,0.00041905438316421626,pose_found,-1.4901963642757294,1.5166264825888718,1.4678847867726363,-0.085597541260304472,-1.414279977154262,0.013374591982522607,0,0,-80.537677791974389
50,-300.00000000000006,50,1,1,5.4521475863500136e-05,0.10619316721673669,3.4723359390918191,8.5442588292033861e-05,0.00031616289735133114,pose_found,-1.490192631922415,1.1200085966702646,1.7448306918035235,-0.087871016045415293,-1.2950570235292533,0.023980627606722815,0,0,-80.537677791974389
50,-300.00000000000006,100,1,1,7.8336031913137433e-05,0.095049753748647617,3.4723603419416946,0.00010108816306016982,0.00033368985164158096,pose_found,-1.4901922060123378,0.74137616290575081,1.8297993837487401,-0.10034768041247215,-1.0026694434022836,0.0541213348533068,0,0,-80.537677791974389
50,-300.00000000000006,150.00000000000003,1,1,3.4510544924432949e-05,0.060191160946680547,3.4723884334809805,0.00011381253553596562,0.00033149550975050153,pose_found,-1.4901917157224853,0.4459924501209156,1.7174675903994179,-0.15056724157066342,-0.59794697849261536,0.1247405256344773,0,0,-80.537677791974389
50,-300.00000000000006,200,1,1,0.0001056035146330292,0.089078945278218136,3.472160982709521,1.9339794271292707e-05,0.00014724635587258083,pose_found,-1.4901956854873335,1.5687164628158643,-1.4133923852176435,0.085573043227685983,1.4160313162374378,-0.013222390242215774,0,0,-80.537677791974389
50,-300.00000000000006,250,1,1,7.1214747922983298e-05,0.035469872471282693,3.4723534359599575,0.00010571550544879199,0.00032654998913514373,pose_found,-1.4901923265444572,0.34923415572839123,0.85979401829107627,0.2350159150725695,0.37109234094820059,-0.21954541307400535,0,0,-80.537677791974389
50,-300.00000000000006,300.00000000000006,1,0,0.00011499769501762246,,8.9174012011073334,17.071274964356547,0.00011499769501762246,orientation_unresolved,-1.3951583151142766,0.49341427047117331,0.45641940679457399,-0.22733757687795172,0.42213341141699745,-9.4602753909628484e-18,0,0,-80.537677791974389
50,-300.00000000000006,350.00000000000006,0,0,3.5963127045157228,,,,,position_unresolved,,,,,,,0,0,-80.537677791974389
50,-250,-400,0,0,192.04357305763037,,,,,position_unresolved,,,,,,,0,0,-78.690067525979785
50,-250,-350.00000000000006,0,0,145.25177180361035,,,,,position_unresolved,,,,,,,0,0,-78.690067525979785
50,-250,-300.00000000000006,0,0,99.344513348614583,,,,,position_unresolved,,,,,,,0,0,-78.690067525979785
50,-250,-250,0,0,53.464422539024497,,,,,position_unresolved,,,,,,,0,0,-78.690067525979785
50,-250,-200,0,0,9.9934587413341234,,,,,position_unresolved,,,,,,,0,0,-78.690067525979785
50,-250,-150.00000000000003,1,0,0.00016052494891012425,,12.240203454149892,79.20842204492277,0.00016052494891012425,orientation_unresolved,-1.3371644754059981,1.7242039391743449,1.1121413700045164,0.36276402401582458,-0.37107873948541764,-1.3321186816559591,0,0,-78.690067525979785
50,-250,-100,1,0,8.6411901438945038e-05,,3.6381409277180961,94.544066986495594,8.6411901438945038e-05,orientation_unresolved,-1.3016208924178498,1.3056039733118519,1.2674249197521339,-1.1731395235956754,0.20059810852207563,-2.4165430587414357e-18,0,0,-78.690067525979785
50,-250,-50,1,0,5.6396863408144304e-05,,15.799973895214828,118.78604955374544,5.6396863408144304e-05,orientation_unresolved,-0.8685738322132881,1.7842732350100516,0.041583755358395133,-0.96087549523526494,1.4660007954737762,-0.39232143050063917,0,0,-78.690067525979785
50,-250,0,1,0,4.2220067876465271e-05,,15.117519189999301,70.186913165568797,4.2220067876465271e-05,orientation_unresolved,-1.2869458421959825,0.82869836363118299,1.0644792203034816,-0.27128977876153759,0.87897948574802809,1.011439851171146e-17,0,0,-78.690067525979785
50,-250,50,1,0,7.1338951769994022e-05,,7.2114511106854113,88.996808448415564,7.1338951769994022e-05,orientation_unresolved,-1.0967056927654004,0.45593679404856569,1.6564015507308838,-1.1107734957078548,0.58433634455084849,-1.9426467264161651e-17,0,0,-78.690067525979785
50,-250,100,1,0,0.00012561692358663772,,0.12574963326651756,167.50131744171458,0.00012561692358663772,orientation_unresolved,1.1386682790238405,-1.2377367540711888,-1.5486015816612204,-1.0756719405508548,1.8011679273691201,0.45753598048405647,0,0,-78.690067525979785
50,-250,150.00000000000003,1,0,2.3092957436825506e-05,,10.69982252003698,49.76050685951315,2.3092957436825506e-05,orientation_unresolved,-1.3640491944412143,0.70586303701352859,-0.02543165391310612,-0.08838373935784162,1.7441816345093406,-0.11837403171578609,0,0,-78.690067525979785
50,-250,200,1,1,2.8941719047296019e-05,0.018131120174628909,2.722819937449394,0.00010401276114825938,0.00034404637497268434,pose_found,-1.5032741539474586,-0.094627025969338807,1.8574619577461009,-0.60012890189599311,-0.23138248234912911,0.58760250058775354,0,0,-78.690067525979785
50,-250,250,1,1,6.5134773360461977e-05,0.081534069438594661,2.7233037503178519,3.3953970275384999e-05,0.00013266723057798373,pose_found,-1.5032657098199405,1.1438836831382977,-1.3560762772795945,0.13280931249852068,1.7811751410062397,0.027891585886816273,0,0,-78.690067525979785
50,-250,300.00000000000006,1,1,5.1355556425981664e-05,0.028508153850182717,2.7231727363704232,7.7271852796411422e-05,0.00045796048148438067,pose_found,-1.5032679964446891,0.62396188652425233,-0.44681762811280906,0.13190809004934814,1.3951580349958366,-0.023179457430573824,0,0,-78.690067525979785
50,-250,350.00000000000006,1,0,9.4327606503954772e-05,,10.610771063202707,38.903531655677646,9.4327606503954772e-05,orientation_unresolved,-1.36560343556667,0.17580316379426694,0.97514217463831265,0.48740938235056314,-0.18148443966801078,-0.15824394111802131,0,0,-78.690067525979785
50,-250,400,0,0,4.0395549815232492,,,,,position_unresolved,,,,,,,0,0,-78.690067525979785
50,-200,-400,0,0,181.36056469708947,,,,,position_unresolved,,,,,,,0,0,-75.963756532073532
50,-200,-350.00000000000006,0,0,130.28507638415823,,,,,position_unresolved,,,,,,,0,0,-75.963756532073532
50,-200,-300.00000000000006,0,0,82.071542856711474,,,,,position_unresolved,,,,,,,0,0,-75.963756532073532
50,-200,-250,0,0,34.152171956525159,,,,,position_unresolved,,,,,,,0,0,-75.963756532073532
50,-200,-200,1,0,4.112747080467201e-05,,4.9813196318262154,84.529308040608441,4.112747080467201e-05,orientation_unresolved,-1.4244794632861077,1.9979266492355623,0.53653307315966359,0.1280933492713586,0.41844348672296294,0.34344486850972994,0,0,-75.963756532073532
50,-200,-150.00000000000003,1,0,4.6956519104200911e-05,,4.9408283179329935,97.185128819841424,4.6956519104200911e-05,orientation_unresolved,-1.4645626048711926,1.7991257005001589,0.34718240735644773,0.11909339707504768,1.0327355529006033,0.35932312970068025,0,0,-75.963756532073532
50,-200,-100,1,0,0.00021915231665720704,,20.164212361248882,90.432819417482094,0.00021915231665720704,orientation_unresolved,-1.1988644300197633,1.2695698205461288,1.1072591586215592,-0.34866236915805038,0.73627689695343712,-4.769155882541331e-17,0,0,-75.963756532073532
50,-200,-50,1,0,2.1599741730987873e-05,,20.804563607443928,88.900154687809135,2.1599741730987873e-05,orientation_unresolved,-1.1876881924044109,0.97619513903226285,1.1909729407005794,-0.30801216292624478,0.93083190462600773,-6.044181322510791e-18,0,0,-75.963756532073532
50,-200,0,1,0,9.0150118628845065e-05,,5.6920289011409917,95.363951891423255,9.0150118628845065e-05,orientation_unresolved,-1.3598022693570868,0.3773878037717836,1.9423222663147555,-0.098918781882818246,0.29912476898476426,1.4514516813513114,0,0,-75.963756532073532
50,-200,50,1,0,2.8012785232604595e-05,,20.693571707562157,74.904980362945622,2.8012785232604595e-05,orientation_unresolved,-1.1896253665003917,0.42312538529983096,1.2272946442624719,-0.25978178466560897,1.2151209502043525,2.3500936534081952e-17,0,0,-75.963756532073532
50,-200,100,1,0,2.4630092682665721e-05,,20.407457715421067,62.88222220486972,2.4630092682665721e-05,orientation_unresolved,-1.1946189976992789,0.18520498741699021,1.1853186474667998,-0.24695270523572938,1.2866807903819419,2.4682041911891059e-17,0,0,-75.963756532073532
50,-200,150.00000000000003,1,0,3.2778321869738399e-05,,9.7152119641880397,78.93923179241753,3.2778321869738399e-05,orientation_unresolved,-1.3812338904906698,-0.33556261258465908,1.7454893379395184,-0.0035966199269306396,0.6778938873739232,1.2797150834742317,0,0,-75.963756532073532
50,-200,200,1,0,5.2852679305924969e-05,,0.092475170551822305,120.44123265743104,5.2852679305924969e-05,orientation_unresolved,-1.1182418882579019,-0.42516124012270867,1.6903837055851636,-0.56783387470014901,0.65559919418657997,-1.5491823305924239,0,0,-75.963756532073532
50,-200,250,1,0,2.2423071975040333e-05,,19.284098130487859,19.695880752008275,2.2423071975040333e-05,orientation_unresolved,-1.2142253211402003,-0.16594726982801092,0.89221631722031602,-0.23221002549838371,1.154551525175775,-6.112523448864757e-18,0,0,-75.963756532073532
50,-200,300.00000000000006,1,0,4.6913090157462567e-05,,4.3279379537909541,73.627908322303838,4.6913090157462567e-05,orientation_unresolved,-1.4752595596792182,0.85818602853278003,-1.3530351348643288,0.12117339360995487,1.8736791947161342,-1.2112685194511601,0,0,-75.963756532073532
50,-200,350.00000000000006,1,0,0.00011153296632264633,,5.2855641968029214,53.442499744619226,0.00011153296632264633,orientation_unresolved,-0.92239513739559631,-0.12218441657702896,0.93468098001683586,-1.1443865633761767,0.65815718267416157,-7.2586656858453418e-17,0,0,-75.963756532073532
50,-200,400,1,0,0.0001807153178068712,,17.272595464191987,72.510148751016985,0.0001807153178068712,orientation_unresolved,-1.2214332984816649,1.0960200079517723,-0.65203000925517329,0.9351734002207287,-0.25318917037410082,-1.1078141114494449,0,0,-75.963756532073532
50,-150.00000000000003,-450,0,0,223.04548844514693,,,,,position_unresolved,,,,,,,0,0,-71.56505117707799
50,-150.00000000000003,-400,0,0,171.15878929162901,,,,,position_unresolved,,,,,,,0,0,-71.56505117707799
50,-150.00000000000003,-350.00000000000006,0,0,122.84835797527384,,,,,position_unresolved,,,,,,,0,0,-71.56505117707799
50,-150.00000000000003,-300.00000000000006,0,0,72.188008161422985,,,,,position_unresolved,,,,,,,0,0,-71.56505117707799
50,-150.00000000000003,-250,0,0,22.640426744092768,,,,,position_unresolved,,,,,,,0,0,-71.56505117707799
50,-150.00000000000003,-200,1,0,4.5184035132961874e-05,,11.301094993807816,98.01067336231057,4.5184035132961874e-05,orientation_unresolved,-1.1194467092173497,1.8876257611825669,0.91069509298390516,-0.516200217304705,0.39997941120482028,-3.3489223078774416e-17,0,0,-71.56505117707799
50,-150.00000000000003,-150.00000000000003,1,0,2.9643915209486498e-05,,2.3401705267283455,124.32757129629051,2.9643915209486498e-05,orientation_unresolved,-1.5099526460453569,1.4908048245191639,1.2657489808352167,0.39063968576653069,0.48429338638642205,0.87450216887922116,0,0,-71.56505117707799
50,-150.00000000000003,-100,1,0,6.4928764252607216e-05,,19.303467133057968,109.25360359479643,6.4928764252607216e-05,orientation_unresolved,-1.0045260070701947,1.0802968373929389,1.7651631225734818,-0.89972800291354538,0.39017630624736704,8.9629785031763112e-18,0,0,-71.56505117707799
50,-150.00000000000003,-50,1,0,1.4376927015220294e-05,,27.767713635039843,135.09123269739158,1.4376927015220294e-05,orientation_unresolved,-0.95601596330664373,1.2922847202774173,0.71831170673950528,-0.34854487197432782,1.6002290492227931,-0.78619200596764538,0,0,-71.56505117707799
50,-150.00000000000003,0,1,0,3.6875528413401233e-05,,29.363582339472483,97.720394471654188,3.6875528413401233e-05,orientation_unresolved,-1.0383051347906425,0.60668109755698507,1.3856956787935035,-0.28323518017957827,1.2729612473956928,2.7473525913611562e-17,0,0,-71.56505117707799
50,-150.00000000000003,50,1,0,5.8624685446178637e-05,,9.0293519850762838,85.078282369617256,5.8624685446178637e-05,orientation_unresolved,-1.3099312552006552,-0.16014170350969223,1.9586910829799926,-0.015764495596418363,0.87924688721322419,-1.0649677031710476,0,0,-71.56505117707799
50,-150.00000000000003,100,1,0,3.95242818837656e-05,,28.102550287563922,71.442658257887004,3.95242818837656e-05,orientation_unresolved,-1.0603142960696268,-0.014460812951668041,1.3081749471865338,-0.24987297127578731,1.521493984572148,-3.125206586406688e-17,0,0,-71.56505117707799
50,-150.00000000000003,150.00000000000003,1,0,2.5398012150671873e-05,,27.639119957913913,53.484457501842805,2.5398012150671873e-05,orientation_unresolved,-1.0684026811756222,-0.24694153758584983,1.2093252274401927,-0.24200825850128566,1.5393146875261718,6.9214972795846658e-18,0,0,-71.56505117707799
50,-150.00000000000003,200,1,0,4.5958453389018897e-05,,1.7526090892389385,51.143299738209222,4.5958453389018897e-05,orientation_unresolved,-0.3446820057366099,0.14484305831028405,0.54719875204102886,-1.1017706056679708,2.0542782787975629,0.60985769682330004,0,0,-71.56505117707799
50,-150.00000000000003,250,1,1,0.00013177331045493746,0.016187743369280472,6.5457571847264537,5.1341347315272938e-05,0.00050355941705311459,pose_found,-0.30131742230007036,-0.83163761297487993,1.6688649824002366,-1.1223920465263659,1.1224896716535917,0.73334363598317243,0,0,-71.56505117707799
50,-150.00000000000003,300.00000000000006,1,1,5.7797823193770144e-05,0.016081856517564833,13.835368814448191,4.8917489660963529e-05,0.00047077760671556426,pose_found,-0.30132003646120209,-0.4948694193854673,0.93868164434760448,-0.9951643223960519,1.3175373771323777,0.36847085703843191,0,0,-71.56505117707799
50,-150.00000000000003,350.00000000000006,1,0,7.7774433775027675e-05,,16.339449019624148,36.695666486867417,7.7774433775027675e-05,orientation_unresolved,-0.67075450573846673,-0.46843238297904999,1.0690361502499743,-0.95145987808171628,0.78882513675911625,-1.3607292237510722e-16,0,0,-71.56505117707799
50,-150.00000000000003,400,1,0,5.1126056937724255e-05,,2.3878519895561747,35.826754033780873,5.1126056937724255e-05,orientation_unresolved,-1.509120447526844,-0.11877235516017802,0.39084994835027759,0.25039511981987966,0.79281257943733041,-0.41965400536896219,0,0,-71.56505117707799
50,-150.00000000000003,450,1,0,0.00029559859162275843,,16.115590902385506,57.393548027617761,0.00029559859162275843,orientation_unresolved,-1.2695262046438254,0.21851249259506333,0.1467650330909816,-0.22340967519049704,0.23038967609875333,-5.1620694745591075e-17,0,0,-71.56505117707799
50,-100,-450,0,0,228.5868993296896,,,,,position_unresolved,,,,,,,0,0,-63.43494882292201
50,-100,-400,0,0,177.75702486677133,,,,,position_unresolved,,,,,,,0,0,-63.43494882292201
50,-100,-350.00000000000006,0,0,121.67831087131822,,,,,position_unresolved,,,,,,,0,0,-63.43494882292201
50,-100,-300.00000000000006,0,0,75.241358098188812,,,,,position_unresolved,,,,,,,0,0,-63.43494882292201
50,-100,-250,0,0,20.226671698173309,,,,,position_unresolved,,,,,,,0,0,-63.43494882292201
50,-100,-200,1,0,0.00014313956081943503,,7.589885350439852,131.31299675837749,0.00014313956081943503,orientation_unresolved,-1.4183278375808375,1.8538991912531824,1.1498628916141858,0.418529016776367,0.34557669303436828,0.87450216887922116,0,0,-63.43494882292201
50,-100,-150.00000000000003,1,0,6.5771951712878269e-05,,21.114569985895841,101.35583796817002,6.5771951712878269e-05,orientation_unresolved,-1.1822775603982414,1.4145005355318481,1.6938021514265118,-0.11083874589089934,0.15156527809767364,-0.56367711634883744,0,0,-63.43494882292201
50,-100,-100,1,0,3.7595253747825637e-05,,40.837579607276588,119.78343585472379,3.7595253747825637e-05,orientation_unresolved,-0.77949676069465301,1.26666862180064,1.4035327817487904,-0.34191950756460199,0.95304359059608967,2.3297667224295439e-17,0,0,-63.43494882292201
50,-100,-50,1,0,8.7851934912422242e-05,,1.5261160738770259,113.47798764155738,8.7851934912422242e-05,orientation_unresolved,-0.64058237007982688,0.64332120867556442,2.0896472541842965,-0.60506542886965864,0.67088684657659292,1.1675580933265358e-17,0,0,-63.43494882292201
50,-100,0,1,0,1.2837745351620512e-05,,2.080794027892785,165.87569647519544,1.2837745351620512e-05,orientation_unresolved,-0.050831225871934484,1.7341216275707754,0.91519377150928571,-0.74599469187701684,2.0485503710625976,0.084464613651451484,0,0,-63.43494882292201
50,-100,50,1,0,3.4439025129120424e-05,,27.034536921249007,99.571029153042772,3.4439025129120424e-05,orientation_unresolved,-0.82856955427326062,0.18086302516423394,1.5159452694848188,-0.24632150390295837,1.6130253968773953,-3.2172375626138589e-17,0,0,-63.43494882292201
50,-100,100,1,0,2.8696904322644337e-05,,6.0884165096229594,133.48258367185593,2.8696904322644337e-05,orientation_unresolved,-0.74880780109075396,0.088850304229863578,1.1421358973213496,-0.32322135164508281,1.9786041635794598,-1.429256303600037,0,0,-63.43494882292201
50,-100,150.00000000000003,1,0,4.6158833561981918e-05,,17.874852411420392,54.715701881118733,4.6158833561981918e-05,orientation_unresolved,-0.85887336472922704,-0.51832674023299774,1.2757045551656703,-0.2317206591356647,1.7728920500178276,-9.6647805924394608e-17,0,0,-63.43494882292201
50,-100,200,1,1,5.0727951870211948e-05,0.049544894373268429,2.8554756894588085,5.966827815364876e-05,0.00041185722841219737,pose_found,-0.91798043704494225,-1.3950372088210099,2.0664455519493483,-0.23982692772939482,0.91348330407048672,0.1483108961130056,0,0,-63.43494882292201
50,-100,250,1,1,6.1193260830840306e-05,0.054412401994290337,32.413247466872882,6.5265451363937199e-05,0.00043177877525632318,pose_found,-0.91797980059464312,-1.0478666491450905,1.5505651148804163,-0.21510665078939245,1.0778797231842574,0.10302150822479106,0,0,-63.43494882292201
50,-100,300.00000000000006,1,1,1.8816192261367628e-05,0.050491626924941607,36.257116620677209,4.3254486798990281e-05,0.00020917129437449046,pose_found,-0.91799026448451926,-0.62963643163409999,0.7827337676356928,-0.19134321715540825,1.4204500178082586,0.029006184595520061,0,0,-63.43494882292201
50,-100,350.00000000000006,1,0,6.9056015421531779e-05,,32.952606582288823,28.495024854259423,6.9056015421531779e-05,orientation_unresolved,-0.43968781189641865,-0.78333836315732019,1.1438314150678648,-0.6615055794606215,0.83969544006349117,-4.0473908397024287e-17,0,0,-63.43494882292201
50,-100,400,1,0,9.1087798038902041e-05,,25.26776168170958,119.89282350513885,9.1087798038902041e-05,orientation_unresolved,-1.0232726200131059,1.2376898159863294,-1.109790690839805,0.40727875766784083,-0.30961372711360302,0.76768441659429087,0,0,-63.43494882292201
50,-100,450,1,0,0.00012556182799302779,,5.437313866972926,116.46584638526745,0.00012556182799302779,orientation_unresolved,-1.455897297351874,0.72997267025982537,-0.46529852768105778,-0.50077963933377911,-0.34363112233096971,-0.48998135739200999,0,0,-63.43494882292201
50,-50,-450,0,0,226.60520028050686,,,,,position_unresolved,,,,,,,0,0,-45
50,-50,-400,0,0,176.91253413729365,,,,,position_unresolved,,,,,,,0,0,-45
50,-50,-350.00000000000006,0,0,132.39656289585193,,,,,position_unresolved,,,,,,,0,0,-45
50,-50,-300.00000000000006,0,0,78.360348974685749,,,,,position_unresolved,,,,,,,0,0,-45
50,-50,-250,0,0,25.9100048090143,,,,,position_unresolved,,,,,,,0,0,-45
50,-50,-200,1,0,0.0001722526130658841,,10.595877086450336,120.77688665635532,0.0001722526130658841,orientation_unresolved,-0.55492992196280344,1.8999341356099793,1.3000239255560559,-0.47554334585036101,0.30689670462732699,-0.2378092662861887,0,0,-45
50,-50,-150.00000000000003,1,0,2.2597403440226163e-05,,4.1906632563681336,153.59412126262205,2.2597403440226163e-05,orientation_unresolved,1.4169577602793444,-1.9488943531673943,-0.76571478061682208,0.29583339166023481,-1.2675264264570647,-1.3535071398553997,0,0,-45
50,-50,-100,1,0,3.2769753715066018e-05,,1.1317967880303046,146.34138524574831,3.2769753715066018e-05,orientation_unresolved,1.3692077918570111,-1.7602561697373709,-0.86550182532598186,0.2952180609828095,-1.5310427463802714,-1.3535071398553997,0,0,-45
50,-50,-50,1,0,5.4286421907182322e-05,,9.2082078836135555,122.71241187569517,5.4286421907182322e-05,orientation_unresolved,-1.2879369046929698,0.73167470223970754,1.9555694586639043,0.17621339714885101,0.91254474238076966,0.17596051422089098,0,0,-45
50,-50,0,1,0,3.0370431349709822e-05,,10.694413046844218,119.12360614697387,0.00014693538390859152,orientation_unresolved,-1.3256051709185752,0.32699965750153392,1.9296302852053895,0.1589768499958312,1.2912448778336916,0.17596051422089098,0,0,-45
50,-50,50,1,0,6.2491388299748524e-05,,10.132241299415446,147.38438664246374,6.2491388299748524e-05,orientation_unresolved,-1.1911635637277795,0.21999102683029262,1.5558307724024452,0.10625534676863686,1.8045130171342152,1.3739553555135484,0,0,-45
50,-50,100,1,0,8.2194221283510524e-05,,6.2791936595219235,58.564947455153117,8.2194221283510524e-05,orientation_unresolved,0.28142287566981811,-1.1070229912739948,1.7651346683024738,-0.40299797342869703,1.9752744741761521,0.69134811415860364,0,0,-45
50,-50,150.00000000000003,1,1,4.1862617445930356e-05,0.11467224162216368,0.35910102744237077,1.4767916680649608e-05,8.9227864016559773e-05,pose_found,-0.70097949720359443,-1.9877762150982852,2.1100155091648958,-0.085050392459058335,1.448994747101183,0.010358312168170715,0,0,-45
50,-50,200,1,1,2.4002973324892145e-05,0.10953083637512663,19.098239516033704,7.5392980866862666e-05,0.00043986878580714282,pose_found,-0.70097756101144693,-1.5575451279681767,1.7829558435517832,-0.086600740527078515,1.3462008598558017,0.019332911936691885,0,0,-45
50,-50,250,1,1,1.8381481523714781e-05,0.08272929402677115,36.534277264580624,3.3352124608421314e-05,0.00017298274335498609,pose_found,-0.70097888460146929,-1.1574983900012517,1.2815143967254439,-0.085069548843220572,1.4472236498017221,0.010510476336273609,0,0,-45
50,-50,300.00000000000006,1,1,5.9013614651295761e-05,0.016112420715605313,10.317657960720018,7.978284314755632e-05,0.0004423431422843566,pose_found,-0.70097893673393596,-0.56367909050772502,0.22844365264254668,-0.089369916888249773,1.9047899753959934,-0.029367037714808121,0,0,-45
50,-50,350.00000000000006,1,0,4.6237764746216329e-05,,0.42745259403326641,137.34917745640843,4.6237764746216329e-05,orientation_unresolved,0.54341823311615034,-0.043875532134439815,-1.2354068979468511,-0.45502366436072361,2.0774066227430903,1.428949497988343,0,0,-45
50,-50,400,1,0,4.5127249380987821e-05,,55.336878851893985,36.240226617947769,4.5127249380987821e-05,orientation_unresolved,-0.58498559305212705,-0.58866656934760131,0.57514642596570675,-0.15693036108899169,0.9530437896979882,6.052126893035291e-18,0,0,-45
50,-50,450,1,0,0.00010963064961585157,,8.1125711228699462,168.40423129917923,0.00010963064961585157,orientation_unresolved,-1.4092052498986025,0.72338990507942258,-0.65830361573718399,-0.59522056419848934,-0.32925930372483153,-1.3532721185825258,0,0,-45
50,0,-450,0,0,225.73703493446976,,,,,position_unresolved,,,,,,,0,0,0
50,0,-400,0,0,175.21129935487193,,,,,position_unresolved,,,,,,,0,0,0
50,0,-350.00000000000006,0,0,127.20891080863225,,,,,position_unresolved,,,,,,,0,0,0
50,0,-300.00000000000006,0,0,76.629396955334599,,,,,position_unresolved,,,,,,,0,0,0
50,0,-250,0,0,27.624379285273431,,,,,position_unresolved,,,,,,,0,0,0
50,0,-200,1,0,8.3381497803708052e-05,,9.7378148135153939,122.83272674494121,8.3381497803708052e-05,orientation_unresolved,0.19571659945492928,1.9149101474598402,1.5032090201982675,-0.81899098598905462,0.062296828525144288,-0.11165599186597198,0,0,0
50,0,-150.00000000000003,1,0,3.7557360354181756e-05,,14.519854863836839,111.82587375083135,3.7557360354181756e-05,orientation_unresolved,0,1.5247763567639869,1.8628637301553939,0,0.13488592574702349,0,0,0,0
50,0,-100,1,0,4.3703098586499314e-05,,8.9878113959537487,125.39399483994153,4.3703098586499314e-05,orientation_unresolved,0.38103164301950937,1.1682908537004562,1.959416103033399,-0.17022793935336472,0.53906339875521991,-0.17119088172726024,0,0,0
50,0,-50,1,0,8.1559123190712727e-05,,1.7319501391495675,125.07764145333714,8.1559123190712727e-05,orientation_unresolved,0.41216911141874241,0.73010887299565208,2.0860547720325258,-0.12438852222065082,0.85573979402375733,-0.17119088172726024,0,0,0
50,0,0,1,0,6.3047737130053036e-05,,20.44032465706826,130.6904412732045,6.850474256903219e-05,orientation_unresolved,0,0.61034860168838778,1.7595320389986377,0,1.4818941872095794,0,0,0,0
50,0,50,0,0,7.5146916907072256e-05,,,,,collision_candidates_only,,,,,,,0,0,0
50,0,100,0,0,5.6060217836873013e-05,,,,,collision_candidates_only,,,,,,,0,0,0
50,0,150.00000000000003,1,1,7.3793150751814816e-05,0.12423764279651558,1.8730744367144221,1.6931709765314357e-05,0.00015528723547103074,pose_found,6.8912207475727808e-08,-1.9893439087777607,1.8819268674818066,-5.5180883975505103e-08,1.6782130729124594,-6.8678968779548633e-09,0,0,0
50,0,200,1,1,2.7580026494976081e-05,0.10401653907487182,25.392405453453506,5.5467347229806298e-05,0.00035067249850195608,pose_found,2.6922582912592902e-08,-1.5788541446692381,1.5740335624511579,-2.1401991404015832e-08,1.5756159409408832,-1.3473270700206159e-10,0,0,0
50,0,250,1,1,3.5206972593914234e-05,0.072369706371759379,23.502355368664112,5.2481349632405833e-05,0.00029841167481944864,pose_found,1.1009868786998625e-12,-1.1596056438736206,1.0557274599479634,-8.8116890208544727e-13,1.674673594748207,-1.0532989262321345e-13,0,0,0
50,0,300.00000000000006,1,0,8.7112777815334631e-05,,7.4500862918900284,176.21196292948198,8.7112777815334631e-05,orientation_unresolved,-1.4207677914437202,1.4744897146960072,-1.3438088753456301,-0.25918530782132077,-1.1247722562397802,-0.6345175177699558,0,0,0
50,0,350.00000000000006,1,0,2.3720651268535246e-05,,41.267479379942515,68.049948205085997,2.3720651268535246e-05,orientation_unresolved,0.62688237445284101,-1.0716468150646283,1.1297932842453486,-0.17225664908369692,0.92782592645664663,0.8305429376160316,0,0,0
50,0,400,1,0,3.1072502448120446e-05,,64.745884019275607,39.685799295959164,3.1072502448120446e-05,orientation_unresolved,0,-0.69121672422819536,0.61452696236853488,0,0.95483822465442236,0,0,0,0
50,0,450,1,0,7.328163175805824e-05,,70.854084409738348,62.05572821166465,7.328163175805824e-05,orientation_unresolved,0,-0.51410742790780906,0.73433709972371308,0,0.26748987796271173,0,0,0,0
50,50,-450,0,0,223.66513820959017,,,,,position_unresolved,,,,,,,0,0,45
50,50,-400,0,0,174.59406490035144,,,,,position_unresolved,,,,,,,0,0,45
50,50,-350.00000000000006,0,0,128.63257537156116,,,,,position_unresolved,,,,,,,0,0,45
50,50,-300.00000000000006,0,0,78.360348974685749,,,,,position_unresolved,,,,,,,0,0,45
50,50,-250,0,0,25.9100048090143,,,,,position_unresolved,,,,,,,0,0,45
50,50,-200,1,0,4.3146608780080657e-05,,6.1947810863247534,109.95025161751084,4.3146608780080657e-05,orientation_unresolved,0.52819492063527029,1.8870959298949044,1.5534889872704718,-0.90698606408507831,-0.18890383183661039,1.4426770003982585,0,0,45
50,50,-150.00000000000003,1,0,5.238733230503917e-05,,14.213749005923269,108.33013292119611,5.238733230503917e-05,orientation_unresolved,0.70981159565098073,1.4695643978979289,1.8682062852356276,0.90770516316722716,0.10294162511296065,-0.50875327520381641,0,0,45
50,50,-100,1,0,7.2155323151778438e-05,,6.0329800752708893,147.05010195041942,7.2155323151778438e-05,orientation_unresolved,1.281314069663382,1.0769990676511725,2.0109876384203673,-0.33301401087395255,0.43003751180821037,-1.0286836695380484,0,0,45
50,50,-50,1,1,5.6269009111632408e-05,0.087373650716205009,5.4790178495498791,1.8543501214561332e-05,0.0001210673784634667,pose_found,0.70097730246533951,-1.9264083235831808,-1.3651114432423883,-0.085373740443449406,-1.4214073355929289,0.01273681331535704,0,0,45
50,50,0,1,0,6.8462477386169694e-05,,3.7904308137917728,150.90526334667518,6.8462477386169694e-05,orientation_unresolved,-0.051168108888808468,0.38233978504216598,2.0501275066713451,0.34140882265410222,1.2646792128296793,0.70283567816787751,0,0,45
50,50,50,1,0,3.6356008630660147e-05,,9.8780540599662654,165.85642864156702,3.6356008630660147e-05,orientation_unresolved,-0.24516622440876115,0.73317126343877592,1.5747416209701641,0.38660250410490127,1.9124625108687567,1.1836162705449418,0,0,45
50,50,100,1,0,7.8663334522789734e-05,,12.930537595393877,68.476069907194699,7.8663334522789734e-05,orientation_unresolved,-0.056931265624937909,-1.3623017286172525,1.8809657376924891,0.34086810955588653,1.8591866228126279,-1.2651476257135785,0,0,45
50,50,150.00000000000003,1,1,3.746403538724233e-05,0.11467227154161455,0.35914828400105853,2.8359522736427333e-05,0.00016017816336415686,pose_found,0.70097912334212542,-1.9877751042548781,2.1100146843823535,0.085050698186123,1.448994725982198,-0.010358380618285331,0,0,45
50,50,200,1,1,4.5820464698740417e-05,0.10953076059109722,19.098373063016215,5.0832496052403347e-05,0.00029033604996175552,pose_found,0.7009802899624703,-1.5575438762296065,1.7829535127172322,0.086598369914429235,1.3462023609352705,-0.019332239879260513,0,0,45
50,50,250,1,1,1.8381481523714781e-05,0.082729535287742059,36.534461074354766,7.7253385423416653e-05,0.00040051404351400385,pose_found,0.70097901998940315,-1.1575008393584758,1.281519297727042,0.085069498503739446,1.447220441715966,-0.010510685326889688,0,0,45
50,50,300.00000000000006,1,1,5.0396532724232034e-05,0.016112449010652518,10.317671054435115,8.0434642199387428e-05,0.00044595691736324386,pose_found,0.70097893756466612,-0.56367928033738224,0.22844406052009128,0.089369909404022577,1.9047897468675536,0.029367016842771987,0,0,45
50,50,350.00000000000006,1,0,3.3102501957251503e-05,,35.60732518119061,74.9715811580555,3.3102501957251503e-05,orientation_unresolved,-0.90309227934975411,-0.889708954274811,0.43311643612427364,0.38581363968930543,1.4634020156650989,0.82865471907524779,0,0,45
50,50,400,1,0,4.5127249380987821e-05,,55.336878851893985,36.240226617947769,4.5127249380987821e-05,orientation_unresolved,0.58498559305212705,-0.58866656934760131,0.57514642596570675,0.15693036108899169,0.9530437896979882,-6.052126893035291e-18,0,0,45
50,50,450,1,0,0.00013222440292267915,,1.4083792718445061,102.97323468633203,0.00013222440292267915,orientation_unresolved,0.63900822317415351,0.44265896788905795,-0.95788615322080883,0.13860400510851495,0.89177545625385535,1.5262154713843696,0,0,45
50,100,-450,0,0,222.34218345454499,,,,,position_unresolved,,,,,,,0,0,63.43494882292201
50,100,-400,0,0,173.2033347460457,,,,,position_unresolved,,,,,,,0,0,63.43494882292201
50,100,-350.00000000000006,0,0,125.40861670281167,,,,,position_unresolved,,,,,,,0,0,63.43494882292201
50,100,-300.00000000000006,0,0,76.724194414545295,,,,,position_unresolved,,,,,,,0,0,63.43494882292201
50,100,-250,0,0,21.980133572710777,,,,,position_unresolved,,,,,,,0,0,63.43494882292201
50,100,-200,1,0,8.9011459968429331e-05,,6.1947810863247534,104.12900811268977,8.9011459968429331e-05,orientation_unresolved,0.68853090968131037,1.9121485415557422,1.4733934338756136,-0.94523420276674841,-0.41467854913897184,1.4426770003982585,0,0,63.43494882292201
50,100,-150.00000000000003,1,0,5.0176763698235553e-05,,9.1828369299774781,92.063689465084806,5.0176763698235553e-05,orientation_unresolved,1.0543579952456608,1.4412503416880629,1.9560122653392247,-0.3174742672869178,-0.32784652714168788,0.77361785733630462,0,0,63.43494882292201
50,100,-100,1,0,3.7595253747825637e-05,,40.837579607276588,119.78343585472379,3.7595253747825637e-05,orientation_unresolved,0.77949676069465301,1.26666862180064,1.4035327817487904,0.34191950756460199,0.95304359059608967,-2.3297667224295439e-17,0,0,63.43494882292201
50,100,-50,1,0,4.7699575034158635e-05,,27.683746793254482,127.47257751202345,4.7699575034158635e-05,orientation_unresolved,0.019409282128216312,1.2909805828770498,1.633110473610347,0.70609210536792311,1.2262492077351985,-0.64694529219178787,0,0,63.43494882292201
50,100,0,1,0,2.6822618395597548e-05,,32.945037618646722,112.54123444391917,2.6822618395597548e-05,orientation_unresolved,0.8078954602541033,0.5783336841632889,1.5412836258022824,0.26263118258213819,1.408524584467526,-1.3515762841817073e-17,0,0,63.43494882292201
50,100,50,1,0,3.4439025129120424e-05,,27.034536921249007,99.571029153042772,3.4439025129120424e-05,orientation_unresolved,0.82856955427326062,0.18086302516423394,1.5159452694848188,0.24632150390295837,1.6130253968773953,3.2172375626138589e-17,0,0,63.43494882292201
50,100,100,1,0,6.8422149782171234e-05,,0.39733718118157468,42.636229943637069,6.8422149782171234e-05,orientation_unresolved,-0.17855154351893018,-1.5238277589830527,2.1093481623888479,0.71596670401203899,1.7385546438807375,-0.84758033531783972,0,0,63.43494882292201
50,100,150.00000000000003,1,0,4.6158833561981918e-05,,17.874852411420392,54.715701881118733,4.6158833561981918e-05,orientation_unresolved,0.85887336472922704,-0.51832674023299774,1.2757045551656703,0.2317206591356647,1.7728920500178276,9.6647805924394608e-17,0,0,63.43494882292201
50,100,200,1,1,0.00010420435797786073,0.049544911976369996,2.8554758565240075,6.7813833882703553e-05,0.00046789438509520616,pose_found,0.91797906119994999,-1.3950372228905301,2.0664455490335105,0.23982846753735154,0.91348349998339529,-0.1483118493128224,0,0,63.43494882292201
50,100,250,1,1,4.0473452341560439e-05,0.054412401994290434,32.413247466872882,6.5265451363937199e-05,0.00043177877525632318,pose_found,0.91797980059464312,-1.0478666491450905,1.5505651148804163,0.21510665078939245,1.0778797231842574,-0.10302150822479106,0,0,63.43494882292201
50,100,300.00000000000006,1,1,1.8816192261367628e-05,0.050492060903588286,36.257140509837384,8.5960022799776278e-05,0.0004161539896708643,pose_found,0.91798984754001867,-0.62963992380025124,0.78274122309496552,0.19134375628443476,1.4204453936319341,-0.029007024713807179,0,0,63.43494882292201
50,100,350.00000000000006,1,0,6.9056015421531779e-05,,32.952606582288823,28.495024854259423,6.9056015421531779e-05,orientation_unresolved,0.43968781189641865,-0.78333836315732019,1.1438314150678648,0.6615055794606215,0.83969544006349117,4.0473908397024287e-17,0,0,63.43494882292201
50,100,400,1,0,8.7471551007364129e-05,,18.204034825593013,83.032444398636926,8.7471551007364129e-05,orientation_unresolved,1.2317145971047205,0.40303361256746739,-1.0629932586291018,-0.01586834090351192,1.5128731547039698,1.2330759819405868,0,0,63.43494882292201
50,100,450,1,0,0.00016115171093805778,,11.244527625688665,60.200573216685058,0.00016115171093805778,orientation_unresolved,0.58580327218721551,-0.13300272995420589,0.40938158704193012,1.0403830315361895,0.46070523642786454,7.3698244453505394e-17,0,0,63.43494882292201
50,150.00000000000003,-450,0,0,225.64905328038108,,,,,position_unresolved,,,,,,,0,0,71.56505117707799
50,150.00000000000003,-400,0,0,176.59718451770755,,,,,position_unresolved,,,,,,,0,0,71.56505117707799
50,150.00000000000003,-350.00000000000006,0,0,125.0715996471792,,,,,position_unresolved,,,,,,,0,0,71.56505117707799
50,150.00000000000003,-300.00000000000006,0,0,73.143240536051692,,,,,position_unresolved,,,,,,,0,0,71.56505117707799
50,150.00000000000003,-250,0,0,22.640426744092768,,,,,position_unresolved,,,,,,,0,0,71.56505117707799
50,150.00000000000003,-200,1,0,4.5184035132961874e-05,,11.301094993807816,98.01067336231057,4.5184035132961874e-05,orientation_unresolved,1.1194467092173497,1.8876257611825669,0.91069509298390516,0.516200217304705,0.39997941120482028,3.3489223078774416e-17,0,0,71.56505117707799
50,150.00000000000003,-150.00000000000003,1,0,5.6117086414810439e-05,,16.605179944469661,100.96540739123645,5.6117086414810439e-05,orientation_unresolved,1.2609812638777718,1.436274184562526,1.7269159464380155,-0.25082590782786879,-0.23883259707772253,-1.0163551899365115,0,0,71.56505117707799
50,150.00000000000003,-100,1,0,3.8451119250448473e-05,,0.86515614092394377,140.16644620100047,3.8451119250448473e-05,orientation_unresolved,1.3980935348266388,1.9937873477783294,-0.45791502949918539,-0.079166427830727831,2.0051342203463181,-1.5356965035919257,0,0,71.56505117707799
50,150.00000000000003,-50,1,0,4.113951862095586e-05,,4.347276424011044,143.44375296792802,4.113951862095586e-05,orientation_unresolved,0.77711494936257652,1.7208255292313115,0.055249992613213464,0.57719480450156468,2.0089927908118437,0.69764494633165897,0,0,71.56505117707799
50,150.00000000000003,0,1,0,3.6875528413401233e-05,,29.363582339472483,97.720394471654188,3.6875528413401233e-05,orientation_unresolved,1.0383051347906425,0.60668109755698507,1.3856956787935035,0.28323518017957827,1.2729612473956928,-2.7473525913611562e-17,0,0,71.56505117707799
50,150.00000000000003,50,1,0,2.988853882661651e-05,,20.61937344169106,92.203023770737744,2.988853882661651e-05,orientation_unresolved,0.4881319332410296,0.75915986574489314,1.2922718189235436,0.79530158457332034,1.7249911216493774,-0.96321996166811064,0,0,71.56505117707799
50,150.00000000000003,100,1,0,3.95242818837656e-05,,28.102550287563922,71.442658257887004,3.95242818837656e-05,orientation_unresolved,1.0603142960696268,-0.014460812951668041,1.3081749471865338,0.24987297127578731,1.521493984572148,3.125206586406688e-17,0,0,71.56505117707799
50,150.00000000000003,150.00000000000003,1,0,2.5398012150671873e-05,,27.639119957913913,53.484457501842805,2.5398012150671873e-05,orientation_unresolved,1.0684026811756222,-0.24694153758584983,1.2093252274401927,0.24200825850128566,1.5393146875261718,-6.9214972795846658e-18,0,0,71.56505117707799
50,150.00000000000003,200,1,0,0.000125496667035922,,27.36620199207152,35.598195606569377,0.000125496667035922,orientation_unresolved,1.0731659982674173,-0.38738900940942067,1.0916544722356833,0.23830610925587437,1.4827044955011672,5.7201832140371564e-17,0,0,71.56505117707799
50,150.00000000000003,250,1,1,0.00013177331045493746,0.016187745607990817,6.5457470467753893,5.1611745220252496e-05,0.00050621169457826134,pose_found,0.30131720128641531,-0.83163761688702964,1.668864982742325,1.1223922234669914,1.1224898178162128,-0.73334370989433151,0,0,71.56505117707799
50,150.00000000000003,300.00000000000006,1,1,7.2787937877592665e-05,0.016081878783784878,13.835218115558604,5.2394884039814721e-05,0.0005042462065087943,pose_found,0.3013172391716184,-0.49486946019377837,0.93868165015046734,0.99516695258785426,1.3175383800915073,-0.36847148869339946,0,0,71.56505117707799
50,150.00000000000003,350.00000000000006,1,0,7.7774433775027675e-05,,16.339449019624148,36.695666486867417,7.7774433775027675e-05,orientation_unresolved,0.67075450573846673,-0.46843238297904999,1.0690361502499743,0.95145987808171628,0.78882513675911625,1.3607292237510722e-16,0,0,71.56505117707799
50,150.00000000000003,400,1,0,0.00022696863818537014,,23.307844220541785,92.304180460181797,0.00022696863818537014,orientation_unresolved,-1.143997703604511,-0.65148918266438804,-0.094299120064821218,0.7417315974521429,1.0773802250755968,0.34719384392884928,0,0,71.56505117707799
50,150.00000000000003,450,1,0,0.00029559859162275843,,16.115590902385506,57.393548027617761,0.00029559859162275843,orientation_unresolved,1.2695262046438254,0.21851249259506333,0.1467650330909816,0.22340967519049704,0.23038967609875333,5.1620694745591075e-17,0,0,71.56505117707799
50,200,-400,0,0,181.36056469708947,,,,,position_unresolved,,,,,,,0,0,75.963756532073532
50,200,-350.00000000000006,0,0,131.14603282185004,,,,,position_unresolved,,,,,,,0,0,75.963756532073532
50,200,-300.00000000000006,0,0,83.876499109215246,,,,,position_unresolved,,,,,,,0,0,75.963756532073532
50,200,-250,0,0,34.152171956525159,,,,,position_unresolved,,,,,,,0,0,75.963756532073532
50,200,-200,1,0,0.0001194511071957657,,8.4549770362759755,89.396586260934455,0.0001194511071957657,orientation_unresolved,1.3568873307719829,1.9372998904416336,0.85677829941244699,1.0097149347817147,0.038693596217956233,1.0870074467919148e-17,0,0,75.963756532073532
50,200,-150.00000000000003,1,0,7.9891316615130338e-05,,15.157701518759657,50.707229821568866,7.9891316615130338e-05,orientation_unresolved,0.89758995303450317,1.8203152793682604,1.4162196880589066,-0.87027288185433482,-0.87044474233061375,0.082576171733255113,0,0,75.963756532073532
50,200,-100,1,0,0.00021915231665720704,,20.164212361248882,90.432819417482094,0.00021915231665720704,orientation_unresolved,1.1988644300197633,1.2695698205461288,1.1072591586215592,0.34866236915805038,0.73627689695343712,4.769155882541331e-17,0,0,75.963756532073532
50,200,-50,1,0,2.1599741730987873e-05,,20.804563607443928,88.900154687809135,2.1599741730987873e-05,orientation_unresolved,1.1876881924044109,0.97619513903226285,1.1909729407005794,0.30801216292624478,0.93083190462600773,6.044181322510791e-18,0,0,75.963756532073532
50,200,0,1,0,1.7925031823223248e-05,,3.5039564478996974,178.91098567066655,1.7925031823223248e-05,orientation_unresolved,0.60646200500601444,1.7252846333886407,0.3011453375246812,1.1754814845735824,1.8839189632264763,1.1322752626696591,0,0,75.963756532073532
50,200,50,1,0,2.8012785232604595e-05,,20.693571707562157,74.904980362945622,2.8012785232604595e-05,orientation_unresolved,1.1896253665003917,0.42312538529983096,1.2272946442624719,0.25978178466560897,1.2151209502043525,-2.3500936534081952e-17,0,0,75.963756532073532
50,200,100,1,0,2.4630092682665721e-05,,20.407457715421067,62.88222220486972,2.4630092682665721e-05,orientation_unresolved,1.1946189976992789,0.18520498741699021,1.1853186474667998,0.24695270523572938,1.2866807903819419,-2.4682041911891059e-17,0,0,75.963756532073532
50,200,150.00000000000003,1,0,2.6949990440615999e-05,,32.534650746958874,97.790715138444057,2.6949990440615999e-05,orientation_unresolved,0.9829595502740317,-0.1273544427038385,1.4232498810042788,0.57610195893755012,1.110019157167943,0.97764178016346737,0,0,75.963756532073532
50,200,200,1,0,5.5367125872128069e-05,,2.1820838578526534,134.48053960123846,5.5367125872128069e-05,orientation_unresolved,0.66233788025916251,1.8824871301240431,-0.96688915204892822,-0.97574740409103689,-1.5127117789207478,-0.19837296002656157,0,0,75.963756532073532
50,200,250,1,0,2.2423071975040333e-05,,19.284098130487859,19.695880752008275,2.2423071975040333e-05,orientation_unresolved,1.2142253211402003,-0.16594726982801092,0.89221631722031602,0.23221002549838371,1.154551525175775,6.112523448864757e-18,0,0,75.963756532073532
50,200,300.00000000000006,1,0,5.3570289434847593e-05,,18.465454230256533,9.4200244108326174,5.3570289434847593e-05,orientation_unresolved,1.2285133526006049,-0.14513179912436563,0.7533504140625783,0.23031720937088346,1.0058339915648287,1.7841757517781691e-18,0,0,75.963756532073532
50,200,350.00000000000006,1,0,0.00011153296632264633,,5.2855641968029214,53.442499744619226,0.00011153296632264633,orientation_unresolved,0.92239513739559631,-0.12218441657702896,0.93468098001683586,1.1443865633761767,0.65815718267416157,7.2586656858453418e-17,0,0,75.963756532073532
50,200,400,1,0,0.00012591771133232653,,23.179165244773518,87.734289328534274,0.00012591771133232653,orientation_unresolved,1.1462435754097613,0.92245984856923857,-0.16123524149289356,-0.50696823387393775,-0.65012615985747402,0.027733762254543385,0,0,75.963756532073532
50,250,-400,0,0,192.67709439461052,,,,,position_unresolved,,,,,,,0,0,78.690067525979785
50,250,-350.00000000000006,0,0,145.8116804263932,,,,,position_unresolved,,,,,,,0,0,78.690067525979785
50,250,-300.00000000000006,0,0,99.344513348614583,,,,,position_unresolved,,,,,,,0,0,78.690067525979785
50,250,-250,0,0,53.464422539024497,,,,,position_unresolved,,,,,,,0,0,78.690067525979785
50,250,-200,0,0,9.9934587413341234,,,,,position_unresolved,,,,,,,0,0,78.690067525979785
50,250,-150.00000000000003,1,0,9.0182687779228289e-05,,10.276238565884436,45.897183181413808,9.0182687779228289e-05,orientation_unresolved,1.1372141644482663,1.9055128802100578,1.0202423788254367,-0.73064945119199243,-0.70828945207281579,0.082576171733255099,0,0,78.690067525979785
50,250,-100,1,0,8.6411901438945038e-05,,3.6381409277180961,94.544066986495594,8.6411901438945038e-05,orientation_unresolved,1.3016208924178498,1.3056039733118519,1.2674249197521339,1.1731395235956754,0.20059810852207563,2.4165430587414357e-18,0,0,78.690067525979785
50,250,-50,1,0,0.00014089214333309864,,7.6070449315620765,31.70969370395035,0.00014089214333309864,orientation_unresolved,0.91034078380303585,1.6770356210040052,1.5057208178994117,-0.87584489472786053,-1.4180283463919916,0.32704585314127999,0,0,78.690067525979785
50,250,0,1,0,4.2220067876465271e-05,,15.117519189999301,70.186913165568797,4.2220067876465271e-05,orientation_unresolved,1.2869458421959825,0.82869836363118299,1.0644792203034816,0.27128977876153759,0.87897948574802809,-1.011439851171146e-17,0,0,78.690067525979785
50,250,50,1,0,7.1338951769994022e-05,,7.2114511106854113,88.996808448415564,7.1338951769994022e-05,orientation_unresolved,1.0967056927654004,0.45593679404856569,1.6564015507308838,1.1107734957078548,0.58433634455084849,1.9426467264161651e-17,0,0,78.690067525979785
50,250,100,1,0,4.0354181262051755e-05,,8.0127984050386321,89.888398007595057,4.0354181262051755e-05,orientation_unresolved,-1.3424907474518319,-0.33017738763511723,-1.4109466123284222,-0.86882306248627761,-0.85461477615247583,-0.63437519213991234,0,0,78.690067525979785
50,250,150.00000000000003,1,0,2.6070718598412365e-05,,21.820726521164698,46.2924263713521,2.6070718598412365e-05,orientation_unresolved,1.1699528038233244,0.17079567336931842,1.2119715206164194,0.51969012367607614,0.88708735483032819,-0.022954862580689371,0,0,78.690067525979785
50,250,200,1,1,2.8941719047296019e-05,0.018133975437861709,2.7168714356380455,0.0019178922532114278,0.0063437385325418707,pose_found,1.5033779748896274,-0.094633921142436087,1.8574109954203397,0.60078224274385783,-0.23139307887757823,-0.58824724785724569,0,0,78.690067525979785
50,250,250,1,1,3.4957444346242463e-05,0.08153412360184184,2.7232789107537734,3.0144854619130311e-05,0.00013841127519893727,pose_found,1.5032661433521184,1.1438826699503628,-1.3560742430184811,-0.13280985200094911,1.7811743879224098,-0.027891563419815319,0,0,78.690067525979785
50,250,300.00000000000006,1,1,5.1355556425981664e-05,0.028507882777095404,2.7231708836237747,6.4844508036155643e-05,0.00038430743649164504,pose_found,1.5032680287812183,0.62395990555207848,-0.44681341353893622,-0.13190818559924089,1.3951560381867523,0.02317976530284601,0,0,78.690067525979785
50,250,350.00000000000006,1,0,6.0200551248498806e-05,,19.058430028547562,42.731111187449827,6.0200551248498806e-05,orientation_unresolved,1.2181639725357847,0.30549651812546641,0.37605274565390057,0.57485661539854704,0.61090736482707875,-1.0467389942086092,0,0,78.690067525979785
50,250,400,0,0,4.0395549815232492,,,,,position_unresolved,,,,,,,0,0,78.690067525979785
50,300.00000000000006,-350.00000000000006,0,0,164.94621151922601,,,,,position_unresolved,,,,,,,0,0,80.537677791974389
50,300.00000000000006,-300.00000000000006,0,0,122.70060501641163,,,,,position_unresolved,,,,,,,0,0,80.537677791974389
50,300.00000000000006,-250,0,0,78.545739251944809,,,,,position_unresolved,,,,,,,0,0,80.537677791974389
50,300.00000000000006,-200,0,0,38.6063933254107,,,,,position_unresolved,,,,,,,0,0,80.537677791974389
50,300.00000000000006,-150.00000000000003,0,0,1.8267378693770209,,,,,position_unresolved,,,,,,,0,0,80.537677791974389
50,300.00000000000006,-100,1,0,0.00016554046761808379,,8.6368663948690152,56.942084710912162,0.00016554046761808379,orientation_unresolved,1.4000545711495795,1.5794807931552728,0.66905445245899775,0.32190270180344793,0.26624337037809775,7.8239057820707272e-17,0,0,80.537677791974389
50,300.00000000000006,-50,1,1,7.0310994679717155e-05,0.061289735092131731,3.472127502593084,5.9715376179499741e-05,0.00047504560526833773,pose_found,1.4901962698255993,1.9416132760368159,0.9624035818392167,0.086979953652512695,-1.3340843799980115,-0.020446100392332377,0,0,80.537677791974389
50,300.00000000000006,0,1,1,9.0375287598982974e-05,0.092302880609108531,3.4721220909992514,4.0904438608943138e-05,0.00041905438316421626,pose_found,1.4901963642757294,1.5166264825888718,1.4678847867726363,0.085597541260304472,-1.414279977154262,-0.013374591982522607,0,0,80.537677791974389
50,300.00000000000006,50,1,1,3.2148829525169351e-05,0.10619300978786315,3.4720945018773155,1.5871538798301769e-05,5.4521475863500136e-05,pose_found,1.4901968457967449,1.1200096287603318,1.7448286547393419,0.087877171954554925,-1.2950563216941737,-0.023982547365062695,0,0,80.537677791974389
50,300.00000000000006,100,1,1,6.7018293906771046e-05,0.095049462069053944,3.4720747473149678,2.3827288214900534e-05,7.8336031913137433e-05,pose_found,1.4901971905789002,0.74137545077654765,1.8297972888411893,0.10035624800179287,-1.0026663932650093,-0.054126487158324646,0,0,80.537677791974389
50,300.00000000000006,150.00000000000003,1,1,5.2193971272665431e-05,0.060191066197172891,3.4722211265256115,4.0501387808482312e-05,0.0001179637620868978,pose_found,1.490194635779718,0.44599239143693215,1.7174667496664924,0.15057483910552999,-0.59794637946372475,-0.12474703474148818,0,0,80.537677791974389
50,300.00000000000006,200,1,1,4.2125883733203824e-05,0.089078902913840477,3.4721420570781421,1.1438079938147134e-05,9.8841714838209118e-05,pose_found,1.4901960158019141,1.5687161183237681,-1.4133916761637524,-0.085573518707523513,1.4160310260502327,0.013222503628779391,0,0,80.537677791974389
50,300.00000000000006,250,1,1,0.00012668811209282636,0.054793231484808094,3.4721354318637117,3.8191106410982105e-05,0.00029396144450040271,pose_found,1.4901961314337195,1.1308195442364197,-0.85980701308538587,-0.087735200111298539,1.3007754965706411,0.023459360613594434,0,0,80.537677791974389
50,300.00000000000006,300.00000000000006,1,0,0.00011499769501762246,,8.9174012011073334,17.071274964356547,0.00011499769501762246,orientation_unresolved,1.3951583151142766,0.49341427047117331,0.45641940679457399,0.22733757687795172,0.42213341141699745,9.4602753909628484e-18,0,0,80.537677791974389
50,300.00000000000006,350.00000000000006,0,0,3.5963127045157228,,,,,position_unresolved,,,,,,,0,0,80.537677791974389
50,350.00000000000006,-300.00000000000006,0,0,148.01136970658453,,,,,position_unresolved,,,,,,,0,0,81.869897645844034
50,350.00000000000006,-250,0,0,108.88323454321754,,,,,position_unresolved,,,,,,,0,0,81.869897645844034
50,350.00000000000006,-200,0,0,72.370077704142389,,,,,position_unresolved,,,,,,,0,0,81.869897645844034
50,350.00000000000006,-150.00000000000003,0,0,39.853099428494609,,,,,position_unresolved,,,,,,,0,0,81.869897645844034
50,350.00000000000006,-100,0,0,12.182650916430127,,,,,position_unresolved,,,,,,,0,0,81.869897645844034
50,350.00000000000006,-50,1,0,0.0002558526269007913,,3.8650450964218495,57.560737294950194,0.0002558526269007913,orientation_unresolved,1.4833385641242736,1.6829976453263795,0.58120584223544847,0.16323251255691906,-0.27943451501940092,-1.0567515787186375,0,0,81.869897645844034
50,350.00000000000006,0,1,1,0.00010585100297137645,0.048025540245000949,3.3944123331945986,3.0929243460695033e-05,0.00041133356935765466,pose_found,1.491552655410348,1.7011815126696122,0.74714821214231997,0.081382829031495837,-0.87916193691283084,-0.051973709334846623,0,0,81.869897645844034
50,350.00000000000006,50,1,1,7.5236352365895952e-05,0.069833836233543944,3.3943539588555769,3.0917315341297219e-05,0.00014412978507795973,pose_found,1.4915536742347626,1.3154790945194894,1.0953359972921604,0.084051255707891376,-0.84177612205610064,-0.056063340245265388,0,0,81.869897645844034
50,350.00000000000006,100,1,1,7.6688451326801827e-05,0.072768149060522966,0,0.14924962489658555,0.76552619328511839,pose_found,1.4931124404150518,2.0848670779051615,-1.182754173819909,-0.10499128784252723,0.66889778702584057,0.08251279670634859,0,0,81.869897645844034
50,350.00000000000006,150.00000000000003,1,1,9.1727503807865826e-05,0.037375347717500396,3.3945634965100884,0.00010570970076616588,0.0002715371277163996,pose_found,1.4915500171127845,0.81382421005924177,1.0647145355019756,0.20420908506005317,-0.31385641164043948,-0.19448916914480213,0,0,81.869897645844034
50,350.00000000000006,200,1,1,0.00010252802611917101,0.042653137159910322,3.3943937937849209,3.6717344446218355e-05,0.00045232698636812999,pose_found,1.4915529789840882,1.373891166681352,-0.6637844904385789,-0.082545172174630269,0.86237590824267119,0.05377725322526538,0,0,81.869897645844034
50,350.00000000000006,250,1,0,0.000261328850959739,,0,71.989166757324227,0.000261328850959739,orientation_unresolved,1.4340535419382285,0.88558840127747174,0.38690260123084264,1.2366370614359172,0.065616548695369148,4.1675695450406708e-18,0,0,81.869897645844034
50,350.00000000000006,300.00000000000006,0,0,15.640197225999742,,,,,position_unresolved,,,,,,,0,0,81.869897645844034
50,400,-250,0,0,142.84206388931,,,,,position_unresolved,,,,,,,0,0,82.874983651098191
50,400,-200,0,0,109.65321197371945,,,,,position_unresolved,,,,,,,0,0,82.874983651098191
50,400,-150.00000000000003,0,0,80.533858104290061,,,,,position_unresolved,,,,,,,0,0,82.874983651098191
50,400,-100,0,0,56.276480490535022,,,,,position_unresolved,,,,,,,0,0,82.874983651098191
50,400,-50,0,0,36.675402612775898,,,,,position_unresolved,,,,,,,0,0,82.874983651098191
50,400,0,0,0,22.226632733177002,,,,,position_unresolved,,,,,,,0,0,82.874983651098191
50,400,50,0,0,13.482694314602234,,,,,position_unresolved,,,,,,,0,0,82.874983651098191
50,400,100,0,0,10.816189320440335,,,,,position_unresolved,,,,,,,0,0,82.874983651098191
50,400,150.00000000000003,0,0,14.347073506149732,,,,,position_unresolved,,,,,,,0,0,82.874983651098191
50,400,200,0,0,23.917160406749108,,,,,position_unresolved,,,,,,,0,0,82.874983651098191
50,400,250,0,0,39.123528768189942,,,,,position_unresolved,,,,,,,0,0,82.874983651098191
50,450,-150.00000000000003,0,0,123.49611271612147,,,,,position_unresolved,,,,,,,0,0,83.659808254090095
50,450,-100,0,0,101.49999999999994,,,,,position_unresolved,,,,,,,0,0,83.659808254090095
50,450,-50,0,0,83.769681003326028,,,,,position_unresolved,,,,,,,0,0,83.659808254090095
50,450,0,0,0,70.796762656474201,,,,,position_unresolved,,,,,,,0,0,83.659808254090095
50,450,50,0,0,62.989261987549561,,,,,position_unresolved,,,,,,,0,0,83.659808254090095
50,450,100,0,0,60.61515696442244,,,,,position_unresolved,,,,,,,0,0,83.659808254090095
50,450,150.00000000000003,0,0,63.759551851305176,,,,,position_unresolved,,,,,,,0,0,83.659808254090095
100,-450,-150.00000000000003,0,0,129.58260631719148,,,,,position_unresolved,,,,,,,0,0,-77.471192290848492
100,-450,-100,0,0,107.85493883492818,,,,,position_unresolved,,,,,,,0,0,-77.471192290848492
100,-450,-50,0,0,90.358753945536918,,,,,position_unresolved,,,,,,,0,0,-77.471192290848492
100,-450,0,0,0,77.568298116720598,,,,,position_unresolved,,,,,,,0,0,-77.471192290848492
100,-450,50,0,0,69.875525494682705,,,,,position_unresolved,,,,,,,0,0,-77.471192290848492
100,-450,100,0,0,67.537075927345199,,,,,position_unresolved,,,,,,,0,0,-77.471192290848492
100,-450,150.00000000000003,0,0,70.634324980281278,,,,,position_unresolved,,,,,,,0,0,-77.471192290848492
100,-400,-250,0,0,148.67722924026918,,,,,position_unresolved,,,,,,,0,0,-75.963756532073532
100,-400,-200,0,0,115.70419962002552,,,,,position_unresolved,,,,,,,0,0,-75.963756532073532
100,-400,-150.00000000000003,0,0,87.11981299847173,,,,,position_unresolved,,,,,,,0,0,-75.963756532073532
100,-400,-100,0,0,63.264515453276339,,,,,position_unresolved,,,,,,,0,0,-75.963756532073532
100,-400,-50,0,0,43.978447741954191,,,,,position_unresolved,,,,,,,0,0,-75.963756532073532
100,-400,0,0,0,29.780524739441756,,,,,position_unresolved,,,,,,,0,0,-75.963756532073532
100,-400,50,0,0,21.196858309230631,,,,,position_unresolved,,,,,,,0,0,-75.963756532073532
100,-400,100,0,0,18.580578152822028,,,,,position_unresolved,,,,,,,0,0,-75.963756532073532
100,-400,150.00000000000003,0,0,22.045094390430894,,,,,position_unresolved,,,,,,,0,0,-75.963756532073532
100,-400,200,0,0,31.44082425826219,,,,,position_unresolved,,,,,,,0,0,-75.963756532073532
100,-400,250,0,0,46.385699354699916,,,,,position_unresolved,,,,,,,0,0,-75.963756532073532
100,-350.00000000000006,-300.00000000000006,0,0,153.79448942901473,,,,,position_unresolved,,,,,,,0,0,-74.054604099077153
100,-350.00000000000006,-250,0,0,114.73789626117548,,,,,position_unresolved,,,,,,,0,0,-74.054604099077153
100,-350.00000000000006,-200,0,0,78.879437505542384,,,,,position_unresolved,,,,,,,0,0,-74.054604099077153
100,-350.00000000000006,-150.00000000000003,0,0,46.966914958595503,,,,,position_unresolved,,,,,,,0,0,-74.054604099077153
100,-350.00000000000006,-100,0,0,19.921221160455463,,,,,position_unresolved,,,,,,,0,0,-74.054604099077153
100,-350.00000000000006,-50,1,0,0.00043237133609824111,,7.5315308896952597,53.589882588579179,0.00043237133609824111,orientation_unresolved,-1.2565309398202043,1.9066120586893163,0.027798939645617648,-1.1051870496950771,0.16955005716570054,0.31582387068414303,0,0,-74.054604099077153
100,-350.00000000000006,0,1,1,0.00010390174222178666,0.033714727678550147,11.467902551858767,3.4294735959917392e-05,0.00045623181867271098,pose_found,-1.3506436689671013,1.7839850512147388,0.52423570112161366,-0.086360997933267958,-0.73928246203358705,0.063888658470576148,0,0,-74.054604099077153
100,-350.00000000000006,50,1,1,0.0001104943629932471,0.060192428505337056,11.467917966550155,1.925858913086868e-05,0.00036831405048370815,pose_found,-1.3506433999299834,1.3741931280813227,0.9399628384870734,-0.085803953598440993,-0.74519613374975768,0.063133185883629248,0,0,-74.054604099077153
100,-350.00000000000006,100,1,1,9.7445510390565071e-05,0.063118492797670775,11.4679876584637,6.3934725609583271e-05,0.00018754346885953437,pose_found,-1.35064218357663,1.0823231347846838,1.0392560649027482,-0.11076956418980716,-0.55352838539716576,0.094335212497274099,0,0,-74.054604099077153
100,-350.00000000000006,150.00000000000003,1,1,0.00011483114472145701,0.028124756481498595,11.46803764647145,0.00010264769674829747,0.00027630084906449796,pose_found,-1.3506413111213083,0.89606490318256871,0.90608593104104362,-0.24860539597292086,-0.23842236096266251,0.24184744398442909,0,0,-74.054604099077153
100,-350.00000000000006,200,1,1,0.0001941027154061801,0.021374670150707712,11.467818612566154,6.7778391065069461e-05,0.00039033968706575413,pose_found,-1.3506451339841292,0.90600456907713323,0.40340773351534115,0.2215763741533151,0.26762874944425541,-0.21393108660577881,0,0,-74.054604099077153
100,-350.00000000000006,250,0,0,1.1813993571375958,,,,,position_unresolved,,,,,,,0,0,-74.054604099077153
100,-350.00000000000006,300.00000000000006,0,0,23.314192370958935,,,,,position_unresolved,,,,,,,0,0,-74.054604099077153
100,-300.00000000000006,-350.00000000000006,0,0,169.89723777292571,,,,,position_unresolved,,,,,,,0,0,-71.56505117707799
100,-300.00000000000006,-300.00000000000006,0,0,127.34303053572921,,,,,position_unresolved,,,,,,,0,0,-71.56505117707799
100,-300.00000000000006,-250,0,0,84.603494267786445,,,,,position_unresolved,,,,,,,0,0,-71.56505117707799
100,-300.00000000000006,-200,0,0,46.434856608345669,,,,,position_unresolved,,,,,,,0,0,-71.56505117707799
100,-300.00000000000006,-150.00000000000003,0,0,9.3520347577018281,,,,,position_unresolved,,,,,,,0,0,-71.56505117707799
100,-300.00000000000006,-100,1,0,0.00012956741440168726,,9.2879769210613023,73.816597312715359,0.00012956741440168726,orientation_unresolved,-1.292086605993976,1.6337816794417555,0.72612167333581845,-1.074531283314152,-0.014483447641136361,-3.2294172358471412e-17,0,0,-71.56505117707799
100,-300.00000000000006,-50,1,1,6.1761394695553442e-05,0.051993744242031861,6.4378317461420913,4.9880807928922118e-05,0.00040777417054555518,pose_found,-1.3248287801766347,1.9725057172455662,0.81498216708542948,-0.08077460953337573,-1.2177515435841673,0.027981852166149943,0,0,-71.56505117707799
100,-300.00000000000006,0,1,1,8.2948254025390179e-05,0.08553146035535597,12.94698061196377,7.9792176156378571e-06,8.8797636224696188e-05,pose_found,-1.3248288869242584,1.5337124479045872,1.3519886968568708,-0.078323542996006912,-1.315655520323503,0.019805342205589764,0,0,-71.56505117707799
100,-300.00000000000006,50,1,1,6.2979571563902186e-05,0.10073189418111074,12.947079062504093,4.550455654805126e-05,0.00018202428898211857,pose_found,-1.3248271686381794,1.146157929402134,1.62965603840844,-0.081126238509644788,-1.2061165334827879,0.028989101741240836,0,0,-71.56505117707799
100,-300.00000000000006,100,1,1,2.8627307070928051e-05,0.093961913236623271,12.947191101327494,9.9927511694620846e-05,0.00031557686424370213,pose_found,-1.324825213191821,0.78911110225729575,1.7130618384365985,-0.094334238213155439,-0.93350937644779686,0.056237984654036725,0,0,-71.56505117707799
100,-300.00000000000006,150.00000000000003,1,1,2.6913706227410863e-05,0.058429190295575799,12.947198716837509,0.00010551874682284725,0.00029624731036688331,pose_found,-1.324825080276097,0.51552635219724186,1.6026167286392017,-0.14486473072773348,-0.55203770245716399,0.12358311432255979,0,0,-71.56505117707799
100,-300.00000000000006,200,1,1,8.8933191550536104e-05,0.013060197713237832,12.948998285739803,0.0012567964883364016,0.0036968217765099101,pose_found,-1.3247936718736355,0.38434006034681695,1.2963273486207616,-0.60526605880763229,-0.13336711825310865,0.60109943875076666,0,0,-71.56505117707799
100,-300.00000000000006,250,1,1,8.877244596595161e-05,0.044436714565796093,12.946983095578696,3.2050312975214355e-05,0.0002530437641480956,pose_found,-1.3248288435770006,1.0924828154579427,-0.69677574924493046,0.082102270994772408,1.1762873907242917,-0.031616917264515834,0,0,-71.56505117707799
100,-300.00000000000006,300.00000000000006,1,0,0.00011694067584872136,,16.985653290056877,66.201771219138124,0.00011694067584872136,orientation_unresolved,-1.2543407512811966,0.54949583348952269,0.5780768893909638,-0.49716342041499939,0.12587404830803325,-0.62547416668854294,0,0,-71.56505117707799
100,-300.00000000000006,350.00000000000006,0,0,11.499999999999961,,,,,position_unresolved,,,,,,,0,0,-71.56505117707799
100,-250,-400,0,0,196.34304631749515,,,,,position_unresolved,,,,,,,0,0,-68.198590513648185
100,-250,-350.00000000000006,0,0,149.54357418030168,,,,,position_unresolved,,,,,,,0,0,-68.198590513648185
100,-250,-300.00000000000006,0,0,103.76179280472799,,,,,position_unresolved,,,,,,,0,0,-68.198590513648185
100,-250,-250,0,0,60.169703009596091,,,,,position_unresolved,,,,,,,0,0,-68.198590513648185
100,-250,-200,0,0,16.502203190188645,,,,,position_unresolved,,,,,,,0,0,-68.198590513648185
100,-250,-150.00000000000003,1,0,8.7584230093061405e-05,,18.28356347224863,82.746002545178413,8.7584230093061405e-05,orientation_unresolved,-1.231687945206791,1.7408103342807635,0.86236240599837999,0.024805655482703269,-0.042948721788897568,-1.1455030574507343,0,0,-68.198590513648185
100,-250,-100,1,0,0.00010728923605677586,,8.5183811698042824,71.138426601370668,0.00010728923605677586,orientation_unresolved,-1.4021225284419256,1.5638847228146786,0.47899721720943944,0.37620754100215953,0.84821292025257955,-0.64673127417045173,0,0,-68.198590513648185
100,-250,-50,1,0,0.00011589717878893417,,21.215135679122842,77.817421543012188,0.00011589717878893417,orientation_unresolved,-1.1805223579368798,1.0894494185188774,1.0515974264270582,-0.1545899014461789,0.58074461486874918,-0.58314897819362077,0,0,-68.198590513648185
100,-250,0,1,0,2.7232424949775492e-05,,21.732172627654382,74.723170470231693,2.7232424949775492e-05,orientation_unresolved,-1.1714983608305398,0.82445607929054043,1.1191736231714928,-0.15218417274490773,0.71310084487411529,-0.58314897819362077,0,0,-68.198590513648185
100,-250,50,1,0,2.7104554056526387e-05,,23.856156380132703,58.973287578907673,2.7104554056526387e-05,orientation_unresolved,-1.1344278510909289,0.63624010871902159,1.0392279226552146,-0.20346538049291335,0.90927033003524504,5.5234456006453745e-17,0,0,-68.198590513648185
100,-250,100,1,0,4.868693683576138e-05,,17.877921013224544,70.362147218646868,4.868693683576138e-05,orientation_unresolved,-0.95371925391226386,0.31177090101253363,1.5188881322280301,-0.92460847634366827,0.59661970870796244,1.8204134387948637e-17,0,0,-68.198590513648185
100,-250,150.00000000000003,1,1,5.5988702784234325e-05,0.056866565140760016,1.5439821334207329,9.9169292533298568e-05,0.00033305008850435249,pose_found,-1.2987671060299071,0.19260463794941296,2.0893354326209015,-0.16532674632616623,-0.71793976338698207,0.12500950039985848,0,0,-68.198590513648185
100,-250,200,1,1,3.0334269786835865e-05,0.018791965574826718,14.439601036522378,9.420002101391149e-05,0.00029889883497804864,pose_found,-1.2987777460331951,0.0035225943648374189,1.7647163458961603,-0.50685803166277243,-0.2249438246332634,0.49610248304797255,0,0,-68.198590513648185
100,-250,250,1,1,4.8001980771716401e-05,0.024882702184937915,14.439565327794661,9.9872871720611584e-05,0.00032038474625628675,pose_found,-1.2987783692680654,0.021495122582977231,1.2628303955206175,0.36790641913250682,0.30579609128872925,-0.35224467380889918,0,0,-68.198590513648185
100,-250,300.00000000000006,1,1,7.4097453868093722e-05,0.0081143477693832854,14.44004603399094,0.0025040522960091127,0.014088551167847433,pose_near_singular,-1.2987699793622056,0.40863123644551141,0.13026530988330767,0.12621744010933322,1.0353671544083021,-0.064646719715885634,0,0,-68.198590513648185
100,-250,350.00000000000006,1,0,9.2781950249073064e-05,,20.501980591585525,24.221437898682048,9.2781950249073064e-05,orientation_unresolved,-1.1929692622917543,0.34375132528083252,0.43385879337268979,-0.16412046474441772,0.40381177320875561,-8.5262584660208624e-17,0,0,-68.198590513648185
100,-250,400,0,0,11.934548034789334,,,,,position_unresolved,,,,,,,0,0,-68.198590513648185
100,-200,-400,0,0,183.93202585072638,,,,,position_unresolved,,,,,,,0,0,-63.43494882292201
100,-200,-350.00000000000006,0,0,134.80284429814836,,,,,position_unresolved,,,,,,,0,0,-63.43494882292201
100,-200,-300.00000000000006,0,0,86.714283171386768,,,,,position_unresolved,,,,,,,0,0,-63.43494882292201
100,-200,-250,0,0,39.319573137752201,,,,,position_unresolved,,,,,,,0,0,-63.43494882292201
100,-200,-200,1,0,0.00010617158887627637,,4.8582998267969906,87.506375881319414,0.00010617158887627637,orientation_unresolved,-1.1545387111695156,2.0000737498784837,0.78793681529278858,0.026528232035928127,-0.088867346556304294,-1.1455030574507343,0,0,-63.43494882292201
100,-200,-150.00000000000003,1,0,6.8940095726648939e-05,,27.556921595015972,81.418314647586342,6.8940095726648939e-05,orientation_unresolved,-1.0581824574114753,1.6039080643582053,0.90933053210214698,-0.30995361851495384,0.44649393381439928,4.3762450954940433e-18,0,0,-63.43494882292201
100,-200,-100,1,0,2.4269599992772778e-05,,17.852502807519048,99.362759755828037,2.4269599992772778e-05,orientation_unresolved,-1.2134334506855793,1.7732821241924226,-0.1094286635892457,0.07695869496495468,1.5233661923517285,0.54491917575654392,0,0,-63.43494882292201
100,-200,-50,1,0,5.6261266184494852e-05,,30.261073506247534,82.98345394422995,5.6261266184494852e-05,orientation_unresolved,-1.0226409589228522,0.99550406121951651,1.1402344335277981,-0.23711391176188684,0.86759369905820061,-1.2303403134711001e-17,0,0,-63.43494882292201
100,-200,0,1,0,3.5340672940566014e-05,,24.281022411682066,74.41787551853588,3.5340672940566014e-05,orientation_unresolved,-1.1270125399605104,0.51510381239759029,1.6456175420753305,-0.077523408564686896,0.53314366880340902,-0.61179668197066106,0,0,-63.43494882292201
100,-200,50,1,0,2.1978467507855442e-05,,30.252408056226351,69.994267275872474,2.1978467507855442e-05,orientation_unresolved,-1.0227921995568889,0.4607561788039129,1.1895185566723125,-0.19894220254182879,1.1327565739136576,-5.3813369663691591e-18,0,0,-63.43494882292201
100,-200,100,1,0,2.924932437885967e-05,,29.964174785316374,58.762643967879278,2.924932437885967e-05,orientation_unresolved,-1.0278228191480607,0.23476667903791348,1.157767475428275,-0.18625468316693361,1.1951416948941374,1.9662340977261142e-18,0,0,-63.43494882292201
100,-200,150.00000000000003,1,0,1.4587837000882631e-05,,15.47931958419157,89.127764512050618,1.4587837000882631e-05,orientation_unresolved,-1.2568046813814504,0.48460953617464442,0.24985218529076425,0.13949671385781406,1.814701985192579,1.1516686281702351,0,0,-63.43494882292201
100,-200,200,1,1,9.3157247925136979e-05,0.016026786453874134,2.7649122446073915,9.4101077186202931e-05,0.00035087673788741937,pose_found,-1.2973838170303753,-0.38992557949080414,2.0680261822439538,-1.0632345034157376,-0.2180925895139354,1.052987229908062,0,0,-63.43494882292201
100,-200,250,1,1,2.3136417925639706e-05,0.021445566920078239,14.519258061991076,9.6711902862661847e-05,0.00037093126474846476,pose_found,-1.2973874686664213,-0.3382241670869589,1.5519600985957944,0.50357330331240324,0.40265154477590132,-0.46914368256141831,0,0,-63.43494882292201
100,-200,300.00000000000006,1,1,3.9204232869209599e-05,0.050733584695422287,14.520417409243212,7.4426999123488772e-05,0.00032531432279995576,pose_found,-1.2973672342396976,0.62907589282325782,-0.78470020008637975,0.19248740047514934,1.7235913940029022,0.029655368414972832,0,0,-63.43494882292201
100,-200,350.00000000000006,1,0,3.8535297220334475e-05,,26.677178370666926,17.375222721108262,3.8535297220334475e-05,orientation_unresolved,-1.0851917290849424,0.016219075580999404,0.59932909766291265,-0.15171716276277528,0.68415279345337243,4.4117334633666839e-17,0,0,-63.43494882292201
100,-200,400,1,0,0.00014697774524200828,,14.05761002444274,63.341864812134254,0.00014697774524200828,orientation_unresolved,-1.0066154074576419,0.21405923285662246,0.51006981038138266,-0.99128548154803087,0.24198622143213597,-9.916438017697699e-18,0,0,-63.43494882292201
100,-150.00000000000003,-450,0,0,225.8743062969811,,,,,position_unresolved,,,,,,,0,0,-56.309932474020222
100,-150.00000000000003,-400,0,0,176.32393413464428,,,,,position_unresolved,,,,,,,0,0,-56.309932474020222
100,-150.00000000000003,-350.00000000000006,0,0,125.30133820370671,,,,,position_unresolved,,,,,,,0,0,-56.309932474020222
100,-150.00000000000003,-300.00000000000006,0,0,75.525064522451899,,,,,position_unresolved,,,,,,,0,0,-56.309932474020222
100,-150.00000000000003,-250,0,0,27.137958694978085,,,,,position_unresolved,,,,,,,0,0,-56.309932474020222
100,-150.00000000000003,-200,1,0,5.5868467884592609e-05,,3.7659801118519174,96.155706680488606,5.5868467884592609e-05,orientation_unresolved,-0.83644008417648574,2.0191383253887212,0.48767378338621781,-0.34876462853789336,0.68647874500718664,-0.056861540348577162,0,0,-56.309932474020222
100,-150.00000000000003,-150.00000000000003,1,0,2.5357186646618352e-05,,20.334397299313085,104.70312465743199,2.5357186646618352e-05,orientation_unresolved,-0.77711686768948374,1.7299648936235053,0.62033374168482536,-0.33634960282965826,1.0035624450246099,-0.056861540348577169,0,0,-56.309932474020222
100,-150.00000000000003,-100,1,0,4.3837858200782846e-05,,19.345838091901516,134.22867814334518,4.3837858200782846e-05,orientation_unresolved,-1.2131477555334778,1.0827364325960291,1.6614700356870029,0.62383746271507745,0.32067092773852351,1.1186446556680119,0,0,-56.309932474020222
100,-150.00000000000003,-50,1,0,2.2922492620361843e-05,,0.11907793225778389,112.90112642412446,2.2922492620361843e-05,orientation_unresolved,-0.96008937918898773,0.83326227785850993,1.4460444451694927,-0.11411950895872092,0.85178729823198807,1.5487180248105314,0,0,-56.309932474020222
100,-150.00000000000003,0,1,0,2.5857737823635511e-05,,5.2675917000602697,165.94857076863687,2.5857737823635511e-05,orientation_unresolved,-0.092539999133145603,1.6855079912897679,0.86111413350520971,-1.1447002426191399,1.8738702726751313,-0.81527078241570494,0,0,-56.309932474020222
100,-150.00000000000003,50,1,0,0.0001008010732852054,,2.4995419278224693,76.335682873460641,0.0001008010732852054,orientation_unresolved,-0.97050077763368603,-0.14264844461170145,2.0726577680089111,-0.13202176734554733,0.60225041136191615,1.1185336308313276,0,0,-56.309932474020222
100,-150.00000000000003,100,1,0,4.7804578521880681e-05,,6.6840579276946261,138.35204477448644,4.7804578521880681e-05,orientation_unresolved,-0.32531071006462348,0.6920283642497953,0.76690344293430424,-0.86467461337832519,1.9682082596728612,-0.97101119448101936,0,0,-56.309932474020222
100,-150.00000000000003,150.00000000000003,1,0,2.0619958350968252e-05,,4.3610532208529582,123.1968471959125,2.0619958350968252e-05,orientation_unresolved,-0.24379359931936764,0.47342269413075544,0.66919317826137736,-1.0061767284866532,2.0087523403465739,-0.97101119448101936,0,0,-56.309932474020222
100,-150.00000000000003,200,1,0,3.2368488698843788e-05,,37.49233229643005,33.817637991317177,3.2368488698843788e-05,orientation_unresolved,-0.89643168397038553,-0.29965821093727874,1.0938568574948175,-0.15746953033752498,1.3607415198050699,-4.5975825239827121e-18,0,0,-56.309932474020222
100,-150.00000000000003,250,1,0,0.00010179120902901396,,12.445725637608971,94.529746430480486,0.00010179120902901396,orientation_unresolved,-0.57692021471838806,-0.3319372477509196,0.96273117771219507,-0.51643031108619719,1.3196937005868892,-1.3335774366187494,0,0,-56.309932474020222
100,-150.00000000000003,300.00000000000006,1,0,3.3587258804157069e-05,,33.432200486422204,26.667058014180174,3.3587258804157069e-05,orientation_unresolved,-0.62325216346674106,-0.49118360249832971,1.2545172754167506,-0.65313508676099996,0.79415298902763454,-6.4860385920345726e-17,0,0,-56.309932474020222
100,-150.00000000000003,350.00000000000006,1,0,0.00017732423835371315,,3.4657806087132119,47.687227907773064,0.00017732423835371315,orientation_unresolved,-0.10466837498902758,-0.014379245011899411,1.1092601143130305,1.1242400798331365,-1.2700091353624505,-1.4903070440210777,0,0,-56.309932474020222
100,-150.00000000000003,400,1,0,9.0201735850873642e-05,,23.155695359510588,50.245705921937663,9.0201735850873642e-05,orientation_unresolved,-0.75587647073977271,-0.12800875709887755,0.74586287589812561,-0.83249393682368544,0.41801001310694202,-6.3168538088496944e-17,0,0,-56.309932474020222
100,-150.00000000000003,450,0,0,2.9622443839002353,,,,,position_unresolved,,,,,,,0,0,-56.309932474020222
100,-100,-450,0,0,223.55406489975135,,,,,position_unresolved,,,,,,,0,0,-45
100,-100,-400,0,0,172.77904721794144,,,,,position_unresolved,,,,,,,0,0,-45
100,-100,-350.00000000000006,0,0,121.86417830584662,,,,,position_unresolved,,,,,,,0,0,-45
100,-100,-300.00000000000006,0,0,70.761303137694938,,,,,position_unresolved,,,,,,,0,0,-45
100,-100,-250,0,0,21.703009890598864,,,,,position_unresolved,,,,,,,0,0,-45
100,-100,-200,1,0,4.4518723322056212e-05,,12.304762634162769,133.12212370022536,4.4518723322056212e-05,orientation_unresolved,-1.0941706277921137,1.8701084562626507,1.0257392330640469,0.54903936066560499,0.39092488514261359,0.87450216887922116,0,0,-45
100,-100,-150.00000000000003,1,0,0.00016484634830784113,,31.565508791573532,105.55119375331627,0.00016484634830784113,orientation_unresolved,-0.64780686008223121,1.5339450194249868,1.1791547893569365,-0.26459346675653417,0.67748288077720298,-2.222489173657537e-17,0,0,-45
100,-100,-100,1,0,5.0041128862180777e-05,,14.512767302641699,99.7150646715872,5.0041128862180777e-05,orientation_unresolved,-0.63878875554959869,1.02214029475469,1.8629874314341857,-0.57864307140078375,0.31832712078999048,1.0028274907243834e-17,0,0,-45
100,-100,-50,1,0,4.5753523783152939e-05,,4.0911514774706923,97.514844536085846,4.5753523783152939e-05,orientation_unresolved,-0.53187805583025072,0.60015230522951712,2.0448789409613655,-0.54308274698534542,0.5176682568843699,2.9330837876365122e-17,0,0,-45
100,-100,0,1,0,7.1302125192320177e-05,,4.4134484374855258,151.98021824667651,7.1302125192320177e-05,orientation_unresolved,0.13306718470824294,1.6193536394487877,0.80840579945685476,-0.85188604796050682,2.0078378713040399,0.084464613651451484,0,0,-45
100,-100,50,1,0,2.0408929088242578e-05,,33.354274688724836,90.132845551510243,2.0408929088242578e-05,orientation_unresolved,-0.6521308124931412,0.21501480583056304,1.4252165151721548,-0.16152734827608706,1.5027251649723063,-7.1610176498120867e-18,0,0,-45
100,-100,100,1,0,6.0771843605760583e-05,,9.9609638237011406,130.29266603098955,6.0771843605760583e-05,orientation_unresolved,0.36367025624267374,0.58754999877722403,1.7157703044861001,-0.95177802477103746,1.9110154625095326,0.25628041882086755,0,0,-45
100,-100,150.00000000000003,1,0,7.8120385469512393e-05,,26.825840905799172,52.920677430288812,7.8120385469512393e-05,orientation_unresolved,-0.67718994460765269,-0.38101392465015799,1.258579360296628,-0.14087403293939191,1.6166678294827879,-2.3511124618498309e-17,0,0,-45
100,-100,200,1,0,1.2472105855204431e-05,,6.8745899193576969,130.11021497290426,1.2472105855204431e-05,orientation_unresolved,1.2901038641770091,-1.6847323179987566,1.058020873405541,-0.79251314720279342,1.815998355722761,1.4308120979776933,0,0,-45
100,-100,250,1,1,2.2093819831883133e-05,0.025633234144074916,27.2980308083444,6.6426176761599705e-05,0.0004129357424526533,pose_found,-0.50587735798350475,-0.92648631648436808,1.6398424875246007,-0.36278845876521792,0.89055870950841876,0.23436608296076591,0,0,-45
100,-100,300.00000000000006,1,1,4.5578503804709481e-05,0.030481275427380949,48.286243783282721,7.0923012206182678e-05,0.00042396124742112893,pose_found,-0.50587657718053958,-0.55985592338036005,0.90234355467372929,-0.29579363479911386,1.2421131404662347,0.098051598109957491,0,0,-45
100,-100,350.00000000000006,1,0,5.225715474128831e-05,,12.436580777184876,78.777286524429272,5.225715474128831e-05,orientation_unresolved,-0.64321902394251529,-0.050027526234173551,-0.15482662176638268,-0.16849774785474264,1.603677758680127,1.3337370445427852,0,0,-45
100,-100,400,1,0,5.3369245670194389e-05,,45.113152367617921,31.571630383225934,5.3369245670194389e-05,orientation_unresolved,-0.76342328202608856,-0.287764917786414,0.57377256444024949,-0.1042381181714392,0.74027017919251858,6.1531182897723055e-17,0,0,-45
100,-100,450,1,0,0.00017669894413578172,,29.270961905256595,64.684501579107121,0.00017669894413578172,orientation_unresolved,-0.68055472528173766,-0.0042003988313973608,0.43031364740217404,-0.7257624009633572,0.2087464287256004,-7.688075934276828e-17,0,0,-45
100,-50,-450,0,0,219.77655116576324,,,,,position_unresolved,,,,,,,0,0,-26.56505117707799
100,-50,-400,0,0,173.98777177715343,,,,,position_unresolved,,,,,,,0,0,-26.56505117707799
100,-50,-350.00000000000006,0,0,119.98042717991747,,,,,position_unresolved,,,,,,,0,0,-26.56505117707799
100,-50,-300.00000000000006,0,0,69.319862795942257,,,,,position_unresolved,,,,,,,0,0,-26.56505117707799
100,-50,-250,0,0,19.610505247329503,,,,,position_unresolved,,,,,,,0,0,-26.56505117707799
100,-50,-200,1,0,7.6472865407491866e-05,,14.841991746300215,96.162932235636944,7.6472865407491866e-05,orientation_unresolved,-0.36919973556287844,1.8258254543783998,1.3261977349178262,-0.71566281116782882,0.13996535190996109,0.98234636033934752,0,0,-26.56505117707799
100,-50,-150.00000000000003,1,0,5.7999754069635094e-05,,6.0247479709106244,100.17438830431396,5.7999754069635094e-05,orientation_unresolved,-0.085533331167595872,1.5127726048282735,2.0111313157458217,0.57620269645383482,-0.49810288286381899,-1.0384969628771761,0,0,-26.56505117707799
100,-50,-100,1,0,2.2445887589390562e-05,,3.8903125283876858,120.73759965058915,2.2445887589390562e-05,orientation_unresolved,1.4219659970936462,-1.8914017863208554,-0.89070717777035335,0.62294462369635262,-1.4828975642429461,-1.3535071398553997,0,0,-26.56505117707799
100,-50,-50,1,0,1.381116172808818e-05,,4.6788570014445048,137.41974907089323,1.381116172808818e-05,orientation_unresolved,-0.54742618112668839,1.5408032633053244,0.42243492600101046,0.021079353668086425,2.0032056179999658,-0.5555529288226102,0,0,-26.56505117707799
100,-50,0,1,0,1.4470677849998522e-05,,14.466486652876647,137.88579896425784,1.4470677849998522e-05,orientation_unresolved,-0.98021503459680659,1.0132311145945558,1.0418411198946844,0.29243145748416749,1.83237925461665,0.25825881719757743,0,0,-26.56505117707799
100,-50,50,1,0,3.0344591565870355e-05,,10.132241299415446,155.59737463982168,3.0344591565870355e-05,orientation_unresolved,-1.1046585117769476,0.26046366500030721,1.5243558771801258,0.35504514801714343,1.6823228527588232,1.3739553555135484,0,0,-26.56505117707799
100,-50,100,1,0,4.7249129950656343e-05,,1.164843312427585,149.71947449386204,4.7249129950656343e-05,orientation_unresolved,1.1726490386708086,1.099431938100083,2.0959526533693613,-0.69954070154773984,1.8525663112829993,-0.4078046706923969,0,0,-26.56505117707799
100,-50,150.00000000000003,1,0,3.075818193009035e-05,,17.897767701666183,53.083827502273415,3.075818193009035e-05,orientation_unresolved,-0.37881534407499373,-0.56267697809850192,1.2880579703947217,-0.087489068480520543,1.7724921027539884,-2.5999546335591259e-17,0,0,-26.56505117707799
100,-50,200,1,1,5.2841798628968795e-05,0.05471913176348002,4.2144482631112314,5.7941202663344019e-05,0.00039354697300931672,pose_found,-0.37649881329149942,-1.4202005917749836,2.0427270060948124,-0.10713162343495887,0.95099100194656683,0.062388483360103088,0,0,-26.56505117707799
100,-50,250,1,1,5.955019090720977e-05,0.059554399673386924,33.616882208229562,3.0623801614251589e-05,0.00019228900147561049,pose_found,-0.37650348830185409,-1.0650570908731838,1.5295577256523518,-0.097409345391642477,1.1081963165697397,0.043581950701484733,0,0,-26.56505117707799
100,-50,300.00000000000006,1,1,2.3425326853705309e-05,0.048799885625555907,36.059921592068932,8.2198935700428287e-05,0.00039991395871216142,pose_found,-0.37650781208784034,-0.63677123989392637,0.75250449757684867,-0.087723697393287212,1.455502718112563,0.010117096475135144,0,0,-26.56505117707799
100,-50,350.00000000000006,1,0,6.1262810856661489e-05,,11.754727462627169,43.212859707604736,6.1262810856661489e-05,orientation_unresolved,0.81152493561882533,0.0021962747846547268,-0.95786895232961555,-0.6875589394769106,1.8797083810077186,-0.41209980293661019,0,0,-26.56505117707799
100,-50,400,1,0,3.6010196566276062e-05,,30.507975026988078,142.76553958586405,3.6010196566276062e-05,orientation_unresolved,-1.0183317144577486,0.94381331565464766,-0.40956147591224595,-0.36453775187862281,-0.99742994814748764,-0.73205179640312634,0,0,-26.56505117707799
100,-50,450,1,0,0.00012116622134849163,,61.92123508664374,68.68031402155826,0.00012116622134849163,orientation_unresolved,-0.47006689763152704,-0.20030933367720549,0.88605693948151165,0.094908444868466058,-0.3113580052846443,-0.19960364807280562,0,0,-26.56505117707799
100,0,-450,0,0,220.32574595515393,,,,,position_unresolved,,,,,,,0,0,0
100,0,-400,0,0,170.61285912042391,,,,,position_unresolved,,,,,,,0,0,0
100,0,-350.00000000000006,0,0,120.56785812692992,,,,,position_unresolved,,,,,,,0,0,0
100,0,-300.00000000000006,0,0,71.908993467920183,,,,,position_unresolved,,,,,,,0,0,0
100,0,-250,0,0,19.748377271321285,,,,,position_unresolved,,,,,,,0,0,0
100,0,-200,1,0,6.8125411308146358e-05,,14.458209231613802,97.19996814622867,6.8125411308146358e-05,orientation_unresolved,-0.093401839062856581,1.8325237228712612,1.5007959630408543,-0.4113512584406564,-0.12665444995134573,-0.2378092662861887,0,0,0
100,0,-150.00000000000003,1,0,5.6730464001663271e-05,,7.4359351348808138,89.368789466363822,5.6730464001663271e-05,orientation_unresolved,0.90557626678310543,1.6391272192237021,1.9865014533726608,0.9515714975930103,-0.55062396592655083,-0.51769574877844693,0,0,0
100,0,-100,1,0,2.8722834576163129e-05,,40.170260305308204,118.52799329371155,2.8722834576163129e-05,orientation_unresolved,0,1.2497982805431767,1.4151797007302489,0,0.97452208427849585,0,0,0,0
100,0,-50,1,0,1.6134420338893617e-05,,28.220062767712829,131.1916684828854,1.6134420338893617e-05,orientation_unresolved,0.13448245639668988,1.2239158195358122,1.0589204998006407,-0.07268894767109782,1.5923340674891089,0.18032737049923414,0,0,0
100,0,0,1,0,4.8012781765321478e-05,,31.759306767150285,114.11880936478532,4.8012781765321478e-05,orientation_unresolved,0,0.55042809774976231,1.5619785332033711,0,1.4501386577130058,0,0,0,0
100,0,50,1,0,2.8237315835370506e-05,,23.544116385934363,101.49656682169079,2.8237315835370506e-05,orientation_unresolved,0,0.13251731691989349,1.5357835528860848,0,1.6739447274978589,0,0,0,0
100,0,100,1,0,7.7521056795761581e-05,,14.096034340088856,58.552561050951788,7.7521056795761581e-05,orientation_unresolved,0.39219721163745624,-0.86295839114265627,1.870260793732323,-0.20852292476472942,1.554201551397665,0.69134811415860364,0,0,0
100,0,150.00000000000003,1,0,3.3979727156139163e-05,,7.1288202055033913,55.931882003258195,3.3979727156139163e-05,orientation_unresolved,-0.64947844878449534,-0.5807481407641305,1.2245271568452838,0.36189285095652873,1.9604456935364285,-0.26445473612079468,0,0,0
100,0,200,1,1,9.1007768262345781e-05,0.072564041950949662,8.4762533918572753,7.5998029461003515e-05,0.00037698683270906842,pose_found,0,-1.4803737109992845,1.9683444745198131,0,1.0828268896902071,0,0,0,0
100,0,250,1,1,4.4036381731764813e-05,0.076308872233327107,37.492893036399792,4.4794866115230925e-05,0.00021396064733928755,pose_found,0,-1.1064371633887027,1.4619085748578291,0,1.2153256971436719,0,0,0,0
100,0,300.00000000000006,1,1,2.7753159144860508e-05,0.042979434277944026,29.54556022898959,8.0421407358175954e-05,0.00040380285451767557,pose_found,0,-0.6461908082583564,0.64778595887190216,0,1.5691997725630034,0,0,0,0
100,0,350.00000000000006,1,0,4.6516153422856342e-05,,57.16761534438006,37.005818597337999,4.6516153422856342e-05,orientation_unresolved,0.38468552667610112,-0.74216241709391007,0.91195261106541659,-0.23887394816285329,1.0331077996320217,-0.49431766237466906,0,0,0
100,0,400,1,0,0.00010819836262120553,,65.007991769961919,40.256138703224202,0.00010819836262120553,orientation_unresolved,0,-0.62474669698420171,0.98167950794584802,0,0.51126135132246753,0,0,0,0
100,0,450,1,0,0.00011972778602544311,,70.854084409738348,52.954121350826121,0.00011972778602544311,orientation_unresolved,0,-0.22608793191555962,0.39820819885048309,0,0.47445228978743026,0,0,0,0
100,50,-450,0,0,221.68147632386027,,,,,position_unresolved,,,,,,,0,0,26.56505117707799
100,50,-400,0,0,171.05346472232603,,,,,position_unresolved,,,,,,,0,0,26.56505117707799
100,50,-350.00000000000006,0,0,121.2314837829546,,,,,position_unresolved,,,,,,,0,0,26.56505117707799
100,50,-300.00000000000006,0,0,70.650492627524059,,,,,position_unresolved,,,,,,,0,0,26.56505117707799
100,50,-250,0,0,19.173316108464562,,,,,position_unresolved,,,,,,,0,0,26.56505117707799
100,50,-200,1,0,9.7238975741149723e-05,,10.986892124826356,85.983656883779375,9.7238975741149723e-05,orientation_unresolved,0.9583910397570663,1.8931096357655057,1.5224755193643755,0.77182046488868949,-0.39169240293765067,-0.51769574877844693,0,0,26.56505117707799
100,50,-150.00000000000003,1,0,0.00010591605398901405,,23.475444667244229,142.81771510524163,0.00010591605398901405,orientation_unresolved,0.74463669564444779,1.4331333653489471,1.7065592016279032,-0.74631340533729684,0.20881893927371428,-0.93230277436179809,0,0,26.56505117707799
100,50,-100,1,0,2.6081723542772442e-05,,41.751078640811109,115.91697894697103,2.6081723542772442e-05,orientation_unresolved,0.33809916386306688,1.2388727387132159,1.3875892158998269,0.13532688030253517,0.96164268351699833,1.8333178753900493e-19,0,0,26.56505117707799
100,50,-50,1,0,1.296454833304511e-05,,34.549166759994876,127.01555177639381,1.296454833304511e-05,orientation_unresolved,-0.64669895997900118,1.4818703641226694,1.3086310683190328,0.61166230131673072,1.4800986846997821,-0.71517179936905806,0,0,26.56505117707799
100,50,0,1,0,2.6038798185493798e-05,,33.750508261709193,110.55700750002448,2.6038798185493798e-05,orientation_unresolved,0.34738220091463412,0.55069967056786906,1.5272255110526862,0.1063342739803991,1.4214716563029139,-2.458646707483981e-17,0,0,26.56505117707799
100,50,50,1,0,6.9261514236359373e-05,,10.308726261964704,92.2554241097817,6.9261514236359373e-05,orientation_unresolved,0.91906185698867182,-0.26985327070222132,1.9363617894829681,-0.25317105902791665,1.3412516570070656,-0.33190314371063578,0,0,26.56505117707799
100,50,100,1,0,6.3677994040429322e-05,,18.49994353239946,77.592527666489886,6.3677994040429322e-05,orientation_unresolved,0.36862104001280788,-0.24750835592140752,1.4113121356778167,0.0937334590895436,1.7619821518317607,2.7295031444627721e-17,0,0,26.56505117707799
100,50,150.00000000000003,1,0,2.1349516877621408e-05,,15.859482218882446,67.713734748609639,2.1349516877621408e-05,orientation_unresolved,0.39086996048160855,-0.5200751339608356,1.240952446461663,0.080503131011157608,1.8080668955241668,-0.78313312911992539,0,0,26.56505117707799
100,50,200,1,1,6.3385923759105048e-05,0.054719119477162251,4.2144520502928016,3.9139412637020967e-05,0.00026547295623022347,pose_found,0.37650174382679841,-1.4202005498132158,2.0427269399960246,0.10712842633496453,0.95099088253446373,-0.062386585678645239,0,0,26.56505117707799
100,50,250,1,1,3.1306644561332688e-05,0.059554399673386965,33.616882208229562,3.0623801614251589e-05,0.00019228900147561049,pose_found,0.37650348830185409,-1.0650570908731838,1.5295577256523518,0.097409345391642477,1.1081963165697397,-0.043581950701484733,0,0,26.56505117707799
100,50,300.00000000000006,1,1,3.3907498041655848e-05,0.048799713300958655,36.05981676522125,6.6092343597850276e-05,0.00032145901476860828,pose_found,0.37650790606487183,-0.63676986278496495,0.75250156530088497,0.087723590226897866,1.4555045476861996,-0.01011694637769235,0,0,26.56505117707799
100,50,350.00000000000006,1,0,7.0041040186943456e-05,,13.559569954330252,59.59409911276898,7.0041040186943456e-05,orientation_unresolved,0.59706698364376176,-0.91100662402284593,1.8065229323694798,0.51889124580767076,-0.10100573247859831,-1.3141371859373365,0,0,26.56505117707799
100,50,400,1,0,1.6257380309188168e-05,,11.831770433421569,169.73925847887591,1.6257380309188168e-05,orientation_unresolved,1.3442929763915736,1.0018336767953735,-0.82572103764352756,0.76975179875372546,-0.71943446010273537,0.75337317559690964,0,0,26.56505117707799
100,50,450,1,0,0.00014094787123042438,,36.085639292707725,88.33105798770049,0.00014094787123042438,orientation_unresolved,0.30854777721834509,0.7108189584555944,-0.89464492096914161,0.31015748142709543,0.43533128669076887,-0.920983108450109,0,0,26.56505117707799
100,100,-450,0,0,220.71353258615821,,,,,position_unresolved,,,,,,,0,0,45
100,100,-400,0,0,170.40945300537771,,,,,position_unresolved,,,,,,,0,0,45
100,100,-350.00000000000006,0,0,121.86417830584662,,,,,position_unresolved,,,,,,,0,0,45
100,100,-300.00000000000006,0,0,70.761303137694938,,,,,position_unresolved,,,,,,,0,0,45
100,100,-250,0,0,21.13255309007722,,,,,position_unresolved,,,,,,,0,0,45
100,100,-200,1,0,5.221156165443156e-05,,15.531082769639291,91.888666439673173,5.221156165443156e-05,orientation_unresolved,0.83297542817790238,1.8137985471751958,1.2670303420568014,0.56658507886640008,0.024690208327088965,4.4873311245832852e-17,0,0,45
100,100,-150.00000000000003,1,0,7.284692206700741e-05,,8.3156890547187903,112.73387164807855,7.284692206700741e-05,orientation_unresolved,-0.20299348121466365,1.9196164787733507,1.1745243053630625,1.0915009078590194,0.93119001677954372,-1.0061562282035015,0,0,45
100,100,-100,1,0,5.0041128862180777e-05,,14.512767302641699,99.7150646715872,5.0041128862180777e-05,orientation_unresolved,0.63878875554959869,1.02214029475469,1.8629874314341857,0.57864307140078375,0.31832712078999048,-1.0028274907243834e-17,0,0,45
100,100,-50,1,0,4.5753523783152939e-05,,4.0911514774706923,97.514844536085846,4.5753523783152939e-05,orientation_unresolved,0.53187805583025072,0.60015230522951712,2.0448789409613655,0.54308274698534542,0.5176682568843699,-2.9330837876365122e-17,0,0,45
100,100,0,1,0,6.0491831995317348e-05,,29.168177848393697,101.49561071501716,6.0491831995317348e-05,orientation_unresolved,0.24240631423472295,0.86899800913604985,1.2437378258744594,0.4863563512470564,1.575786337643416,-0.96321996166811064,0,0,45
100,100,50,1,0,2.0408929088242578e-05,,33.354274688724836,90.132845551510243,2.0408929088242578e-05,orientation_unresolved,0.6521308124931412,0.21501480583056304,1.4252165151721548,0.16152734827608706,1.5027251649723063,7.1610176498120867e-18,0,0,45
100,100,100,1,0,0.00010528944883628018,,13.685469077732282,60.268111597392391,0.00010528944883628018,orientation_unresolved,0.38828659170339302,-0.54444066576396266,1.8774265093547595,0.39293189475787715,1.2599353810037526,2.0938875670385528e-17,0,0,45
100,100,150.00000000000003,1,0,5.6955971719704192e-05,,15.391039208549932,63.612038023745953,5.6955971719704192e-05,orientation_unresolved,0.72048578652943096,-0.18808313319089726,0.99579098751046036,0.10863561985588559,1.8162427684124229,0.30332282914354525,0,0,45
100,100,200,1,0,5.6914424523161047e-05,,29.979967811092717,25.318355018932827,5.6914424523161047e-05,orientation_unresolved,0.40770497745439038,-0.84275301874031516,1.5930338564955744,0.38240452710670558,1.2183993455627311,1.3094397978186153e-17,0,0,45
100,100,250,1,1,3.1719956827177689e-05,0.025633250328942675,27.298030087698418,7.1203302697836837e-05,0.00044263299624011448,pose_found,0.50587597131288031,-0.92648634050794543,1.6398425001022459,0.36279008776115146,0.89055901846308783,-0.23436710896144475,0,0,45
100,100,300.00000000000006,1,1,4.5578503804709481e-05,0.030481257118292537,48.286258412338967,6.1942628381228098e-05,0.00037027788572432284,pose_found,0.5058791175269427,-0.55985588592955482,0.90234354382576287,0.2957911306260505,1.2421128851410368,-0.098050792014934857,0,0,45
100,100,350.00000000000006,1,0,3.6043664243853579e-05,,14.574032775215128,58.283515976236529,3.6043664243853579e-05,orientation_unresolved,1.0456031892990481,0.24058161001744846,-0.77662778148481182,-0.16633009905622337,1.8305022206840909,0.87947527085449018,0,0,45
100,100,400,1,0,5.3369245670194389e-05,,45.113152367617921,31.571630383225934,5.3369245670194389e-05,orientation_unresolved,0.76342328202608856,-0.287764917786414,0.57377256444024949,0.1042381181714392,0.74027017919251858,-6.1531182897723055e-17,0,0,45
100,100,450,1,0,0.00016617466006585866,,32.830462592843702,98.653955937398408,0.00016617466006585866,orientation_unresolved,0.95410134427879023,0.73328338282374872,-0.61333465152766686,-0.66363739423796009,0.13987623267024948,-0.7319623598705709,0,0,45
100,150.00000000000003,-450,0,0,227.62281183912719,,,,,position_unresolved,,,,,,,0,0,56.309932474020222
100,150.00000000000003,-400,0,0,176.32393413464428,,,,,position_unresolved,,,,,,,0,0,56.309932474020222
100,150.00000000000003,-350.00000000000006,0,0,125.30133820370671,,,,,position_unresolved,,,,,,,0,0,56.309932474020222
100,150.00000000000003,-300.00000000000006,0,0,75.525064522451899,,,,,position_unresolved,,,,,,,0,0,56.309932474020222
100,150.00000000000003,-250,0,0,29.420281259469473,,,,,position_unresolved,,,,,,,0,0,56.309932474020222
100,150.00000000000003,-200,1,0,7.0809824831235234e-05,,12.948302003044859,86.158315282826038,7.0809824831235234e-05,orientation_unresolved,1.0402836459464673,1.8588765754094518,1.0752020406186333,0.73885567523395712,-7.1883097101769946e-05,3.5363525839594923e-18,0,0,56.309932474020222
100,150.00000000000003,-150.00000000000003,1,0,5.7740691952373566e-05,,0.66422225254924672,113.09406037384751,5.7740691952373566e-05,orientation_unresolved,1.0382533670963934,1.4455648913870316,1.4673292427064935,0.035064255560320237,0.06063668699564996,1.5392034615228989,0,0,56.309932474020222
100,150.00000000000003,-100,1,0,2.1895664243504902e-05,,31.191209968413268,104.98271957484299,2.1895664243504902e-05,orientation_unresolved,0.51931108101368473,1.5404777662754734,0.7874265013630003,0.59791522348092019,1.2412186273785073,-0.44581842459615773,0,0,56.309932474020222
100,150.00000000000003,-50,1,0,8.081561242979609e-05,,39.633614855466597,95.692577820835211,8.081561242979609e-05,orientation_unresolved,0.85905925309966791,0.92577154670152739,1.2809026423562853,0.2279160969092108,1.0226039180869362,4.6482284228978562e-17,0,0,56.309932474020222
100,150.00000000000003,0,1,0,3.1546371380629794e-05,,39.479551867182778,90.219271368897012,3.1546371380629794e-05,orientation_unresolved,0.86174815950068195,0.6200625946273407,1.3217293069167835,0.20559148091442025,1.1964461498903876,1.9611176403943738e-17,0,0,56.309932474020222
100,150.00000000000003,50,1,0,4.7955374772653982e-05,,3.1477632865704113,100.41937356403962,4.7955374772653982e-05,orientation_unresolved,0.66153783238861652,0.93838671566841125,0.40126146125228934,0.45713451657205006,2.02992824448111,-1.2372606812103935,0,0,56.309932474020222
100,150.00000000000003,100,1,0,0.00010248790079085171,,2.5308163638219865,91.453878276879564,0.00010248790079085171,orientation_unresolved,0.30457724279775406,0.80654950971901351,0.663284210101034,0.93650723288847426,2.0406959995931171,-0.48842561482397684,0,0,56.309932474020222
100,150.00000000000003,150.00000000000003,1,0,5.2537251053544573e-05,,5.0806111426945302,26.60713253582351,5.2537251053544573e-05,orientation_unresolved,0.54738218713977849,-0.6372355275969287,2.0276096119875286,0.76246643216167509,0.82287480370102417,-0.64226166451789457,0,0,56.309932474020222
100,150.00000000000003,200,1,0,3.2368488698843788e-05,,37.49233229643005,33.817637991317177,3.2368488698843788e-05,orientation_unresolved,0.89643168397038553,-0.29965821093727874,1.0938568574948175,0.15746953033752498,1.3607415198050699,4.5975825239827121e-18,0,0,56.309932474020222
100,150.00000000000003,250,1,0,0.00010306887156896633,,36.912724119284626,18.103864318315416,0.00010306887156896633,orientation_unresolved,0.90654775503305574,-0.35140168691309065,0.97914352597753862,0.15107757965979263,1.2463317025442631,2.0358464120537013e-17,0,0,56.309932474020222
100,150.00000000000003,300.00000000000006,1,0,2.58858243610102e-05,,20.177734621486785,100.8132793612298,2.58858243610102e-05,orientation_unresolved,0.6556792219887474,1.7326991731665653,-1.0029798652508957,-0.49780424158065889,-0.99878821341890955,0.34740483659621813,0,0,56.309932474020222
100,150.00000000000003,350.00000000000006,1,0,0.00014826694032131569,,15.064043200366854,114.9611903388887,0.00014826694032131569,orientation_unresolved,0.84661676460320345,1.1801320789558194,-0.12121927305580206,-0.21612604643716282,-1.2878791742858311,-0.65401199896512852,0,0,56.309932474020222
100,150.00000000000003,400,1,0,6.2392350171749841e-05,,25.006204544053752,91.872440069528523,6.2392350171749841e-05,orientation_unresolved,1.1143557240739912,0.82648815482743265,0.16071471546316091,0.093142240950610633,-1.0199052725909057,-0.49310020797361787,0,0,56.309932474020222
100,150.00000000000003,450,0,0,2.9622443839002872,,,,,position_unresolved,,,,,,,0,0,56.309932474020222
100,200,-400,0,0,186.04356811666869,,,,,position_unresolved,,,,,,,0,0,63.43494882292201
100,200,-350.00000000000006,0,0,135.67549134486907,,,,,position_unresolved,,,,,,,0,0,63.43494882292201
100,200,-300.00000000000006,0,0,86.714283171386768,,,,,position_unresolved,,,,,,,0,0,63.43494882292201
100,200,-250,0,0,41.597198201116861,,,,,position_unresolved,,,,,,,0,0,63.43494882292201
100,200,-200,1,0,0.00014227517291630994,,0.40175166157183945,65.754440710302873,0.00014227517291630994,orientation_unresolved,1.1154366202002863,2.0778551886353749,0.897295847751443,-0.12814502120717194,-0.4441926900427034,-0.55598300167193804,0,0,63.43494882292201
100,200,-150.00000000000003,1,0,5.681123290318206e-05,,20.402247695110027,114.55028268007585,5.681123290318206e-05,orientation_unresolved,1.1947099297078023,1.5481251023654818,1.182439754794945,-0.56985379072939846,0.095880248497337492,-1.0231213368697789,0,0,63.43494882292201
100,200,-100,1,0,3.0564774759393794e-05,,29.669440060184233,84.132784945619989,3.0564774759393794e-05,orientation_unresolved,1.0329669105215771,1.2863514029531364,1.0532155490364095,0.26707689700138509,0.67736008971730677,3.5292867906312397e-17,0,0,63.43494882292201
100,200,-50,1,0,2.7474301779298248e-05,,27.474149406940629,96.971567874169082,2.7474301779298248e-05,orientation_unresolved,0.63350473963227449,1.3999412326370841,0.66681322057709547,0.75712269509995578,1.3582124300469394,-0.38154074109412417,0,0,63.43494882292201
100,200,0,1,0,7.5943702534394524e-05,,4.3708503529791649,171.54835184736029,7.5943702534394524e-05,orientation_unresolved,0.43088296819864025,1.6824474517592496,0.25010324506284398,1.1603513316644745,1.804167550114891,1.1322752626696591,0,0,63.43494882292201
100,200,50,1,0,2.1978467507855442e-05,,30.252408056226351,69.994267275872474,2.1978467507855442e-05,orientation_unresolved,1.0227921995568889,0.4607561788039129,1.1895185566723125,0.19894220254182879,1.1327565739136576,5.3813369663691591e-18,0,0,63.43494882292201
100,200,100,1,0,2.924932437885967e-05,,29.964174785316374,58.762643967879278,2.924932437885967e-05,orientation_unresolved,1.0278228191480607,0.23476667903791348,1.157767475428275,0.18625468316693361,1.1951416948941374,-1.9662340977261142e-18,0,0,63.43494882292201
100,200,150.00000000000003,1,0,2.5330235327176169e-05,,9.5822513308781758,96.318559289077442,2.5330235327176169e-05,orientation_unresolved,0.59632524832197731,0.71809897312400606,0.10955382365414937,0.86244198181930354,1.9176252424277287,0.85319169068634693,0,0,63.43494882292201
100,200,200,1,1,5.6082219548670289e-05,0.016025307945425723,2.7644891741398938,9.3948034720668265e-05,0.00035031093983783294,pose_found,1.2973694223177308,-0.38992356951495521,2.0680335662165796,1.0631495694834217,-0.21808411399596569,-1.0529024103917306,0,0,63.43494882292201
100,200,250,1,1,2.3136417925639706e-05,0.0214455763361487,14.519244646152494,9.8798198068050891e-05,0.00037893304906080856,pose_found,1.2973877028169765,-0.33822416448100251,1.5519601343404268,-0.50357397115181968,0.40265162332157933,0.46914430609604296,0,0,63.43494882292201
100,200,300.00000000000006,1,1,3.9204232869209599e-05,0.050733692742330611,14.520153238103099,3.9397537136277862e-05,0.00017432868313132003,pose_found,1.2973718448958813,0.62907674315403905,-0.78470181757388013,-0.1924927212788434,1.7235918358185434,-0.02965634169607341,0,0,63.43494882292201
100,200,350.00000000000006,1,0,3.8535297220334475e-05,,26.677178370666926,17.375222721108262,3.8535297220334475e-05,orientation_unresolved,1.0851917290849424,0.016219075580999404,0.59932909766291265,0.15171716276277528,0.68415279345337243,-4.4117334633666839e-17,0,0,63.43494882292201
100,200,400,1,0,0.00014697774524200828,,14.05761002444274,63.341864812134254,0.00014697774524200828,orientation_unresolved,1.0066154074576419,0.21405923285662246,0.51006981038138266,0.99128548154803087,0.24198622143213597,9.916438017697699e-18,0,0,63.43494882292201
100,250,-400,0,0,199.73923284527535,,,,,position_unresolved,,,,,,,0,0,68.198590513648185
100,250,-350.00000000000006,0,0,150.97779749614813,,,,,position_unresolved,,,,,,,0,0,68.198590513648185
100,250,-300.00000000000006,0,0,103.76179280472799,,,,,position_unresolved,,,,,,,0,0,68.198590513648185
100,250,-250,0,0,60.169703009596091,,,,,position_unresolved,,,,,,,0,0,68.198590513648185
100,250,-200,0,0,16.502203190188645,,,,,position_unresolved,,,,,,,0,0,68.198590513648185
100,250,-150.00000000000003,1,0,9.2494869830001889e-05,,12.93647949033299,78.409647921409288,9.2494869830001889e-05,orientation_unresolved,1.2415778721076385,1.740338241035821,0.84263339927993475,1.0108529007128886,-0.017781526438363251,-3.6542776879377222e-18,0,0,68.198590513648185
100,250,-100,1,0,5.1060148650094156e-05,,18.259204798705348,114.15111575421447,5.1060148650094156e-05,orientation_unresolved,1.2215916413324495,1.3420248154190659,1.2453247066727575,-0.57059995792274221,-0.032463312202328336,-1.2321130842615398,0,0,68.198590513648185
100,250,-50,1,0,4.9586183149245975e-05,,12.652107378236053,75.514351601210819,4.9586183149245975e-05,orientation_unresolved,1.048409433397776,1.2047677473103042,1.774480287375503,-0.40838609021990951,-0.84979694799571637,1.3299753957288099,0,0,68.198590513648185
100,250,0,1,0,3.5829261052664849e-05,,18.239007528315643,61.521660744465841,3.5829261052664849e-05,orientation_unresolved,1.2324655931297557,0.69397464076530946,1.677423073194426,-0.13132035337005643,0.0015533398725089337,0.88251637705934338,0,0,68.198590513648185
100,250,50,1,0,2.7104554056526387e-05,,23.856156380132703,58.973287578907673,2.7104554056526387e-05,orientation_unresolved,1.1344278510909289,0.63624010871902159,1.0392279226552146,0.20346538049291335,0.90927033003524504,-5.5234456006453745e-17,0,0,68.198590513648185
100,250,100,1,0,4.868693683576138e-05,,17.877921013224544,70.362147218646868,4.868693683576138e-05,orientation_unresolved,0.95371925391226386,0.31177090101253363,1.5188881322280301,0.92460847634366827,0.59661970870796244,-1.8204134387948637e-17,0,0,68.198590513648185
100,250,150.00000000000003,1,1,6.3001783715025414e-05,0.056866502347749981,1.5440681249204427,5.758179721830758e-05,0.0001933873338142699,pose_found,1.2987763319228571,0.19260410927143737,2.0893339317861028,0.16534517280654612,-0.71793878214838325,-0.12502389940347647,0,0,68.198590513648185
100,250,200,1,1,2.4939098591863477e-05,0.018791967297811813,14.439589320122201,9.8210840411534889e-05,0.00031162526003486419,pose_found,1.2987779505229546,0.0035225851525058863,1.7647162417254663,0.50685939200566643,-0.22494382239489316,-0.49610382439999562,0,0,68.198590513648185
100,250,250,1,1,2.82688691296699e-05,0.079841388084824771,14.439862045258142,1.5564445136339934e-05,0.00010372062038113969,pose_found,1.2987731905713795,1.1596698085525177,-1.2628257110113175,-0.1090585118286046,1.6733439413976054,-0.011208070155013886,0,0,68.198590513648185
100,250,300.00000000000006,1,1,7.9613990156250894e-05,0.0081258349807022071,14.439995116599489,0.0012075632500809269,0.0070561406820620638,pose_near_singular,1.298770868038333,0.52711430069037768,-0.12885993305470711,-0.11760979074729568,1.1749928153738021,0.045520837933876984,0,0,68.198590513648185
100,250,350.00000000000006,1,0,9.2781950249073064e-05,,20.501980591585525,24.221437898682048,9.2781950249073064e-05,orientation_unresolved,1.1929692622917543,0.34375132528083252,0.43385879337268979,0.16412046474441772,0.40381177320875561,8.5262584660208624e-17,0,0,68.198590513648185
100,250,400,0,0,11.934548034789316,,,,,position_unresolved,,,,,,,0,0,68.198590513648185
100,300.00000000000006,-350.00000000000006,0,0,169.89723777292571,,,,,position_unresolved,,,,,,,0,0,71.56505117707799
100,300.00000000000006,-300.00000000000006,0,0,127.34303053572921,,,,,position_unresolved,,,,,,,0,0,71.56505117707799
100,300.00000000000006,-250,0,0,84.603494267786445,,,,,position_unresolved,,,,,,,0,0,71.56505117707799
100,300.00000000000006,-200,0,0,46.434856608345669,,,,,position_unresolved,,,,,,,0,0,71.56505117707799
100,300.00000000000006,-150.00000000000003,0,0,9.46258304554995,,,,,position_unresolved,,,,,,,0,0,71.56505117707799
100,300.00000000000006,-100,1,0,0.00012956741440168726,,9.2879769210613023,73.816597312715359,0.00012956741440168726,orientation_unresolved,1.292086605993976,1.6337816794417555,0.72612167333581845,1.074531283314152,-0.014483447641136361,3.2294172358471412e-17,0,0,71.56505117707799
100,300.00000000000006,-50,1,1,0.00011313205079870579,0.05199389076778746,6.437896737847054,6.0052141237883558e-05,0.00049093807024856034,pose_found,1.3248287513723482,1.9725045829263281,0.81498446746149145,0.080774527243810582,-1.2177525282441504,-0.027981732661873673,0,0,71.56505117707799
100,300.00000000000006,0,1,1,8.2948254025390179e-05,0.08553165240935777,12.946994641406691,2.6764142298503387e-05,0.00028833439823420934,pose_found,1.3248286420642872,1.533710806883255,1.3519919017746129,0.0783231310367411,-1.3156567686894154,-0.019805103819173143,0,0,71.56505117707799
100,300.00000000000006,50,1,1,4.6905630077837661e-05,0.10073188627257539,12.947139252537996,7.5058917159398747e-05,0.00024912582073406301,pose_found,1.3248261181239109,1.1461573044355311,1.6296557977973727,0.081124672051799004,-1.2061153107569278,-0.028988562969227777,0,0,71.56505117707799
100,300.00000000000006,100,1,1,4.2552110796979063e-05,0.093961832113947596,12.947078983933338,5.2075679386762016e-05,0.00017925855305419872,pose_found,1.3248271700094978,0.7891113490802254,1.7130614450698531,0.094337771062754053,-0.9335094206101493,-0.056240230303308353,0,0,71.56505117707799
100,300.00000000000006,150.00000000000003,1,1,6.7314540534036028e-05,0.05842912833475658,12.947111485416913,6.3788865396381827e-05,0.00017926784155836405,pose_found,1.3248266027515976,0.51552635084288467,1.6026162502545422,0.14486910171410863,-0.55203738058038121,-0.12358695838019437,0,0,71.56505117707799
100,300.00000000000006,200,1,1,8.8933191550536104e-05,0.082153942714434866,12.946988944705698,1.8153941327903284e-05,0.00018476027749720941,pose_found,1.324828741490476,1.5515510155737853,-1.2962763582935153,-0.07831074845797413,1.3162703130246245,0.019755406253479182,0,0,71.56505117707799
100,300.00000000000006,250,1,1,9.5847752413646923e-05,0.044436977299732741,12.946985394161583,4.8059546249916924e-05,0.00037944398316800928,pose_found,1.3248288034591611,1.0924848190422813,-0.69677985506040807,-0.082102132995202193,1.1762892060094075,0.03161670138597162,0,0,71.56505117707799
100,300.00000000000006,300.00000000000006,1,0,0.00014816480051157909,,17.48428612418007,91.338019920870423,0.00014816480051157909,orientation_unresolved,1.2456379665671962,0.56295237513502461,0.74921901884676989,-0.36698803067644586,-0.21516536767917741,-1.1613430435752574,0,0,71.56505117707799
100,300.00000000000006,350.00000000000006,0,0,11.499999999999996,,,,,position_unresolved,,,,,,,0,0,71.56505117707799
100,350.00000000000006,-300.00000000000006,0,0,153.79448942901473,,,,,position_unresolved,,,,,,,0,0,74.054604099077153
100,350.00000000000006,-250,0,0,114.73789626117548,,,,,position_unresolved,,,,,,,0,0,74.054604099077153
100,350.00000000000006,-200,0,0,78.879437505542384,,,,,position_unresolved,,,,,,,0,0,74.054604099077153
100,350.00000000000006,-150.00000000000003,0,0,46.966914958595503,,,,,position_unresolved,,,,,,,0,0,74.054604099077153
100,350.00000000000006,-100,0,0,19.921221160455463,,,,,position_unresolved,,,,,,,0,0,74.054604099077153
100,350.00000000000006,-50,1,0,0.00050485864100713491,,12.296683140524438,55.774777485728549,0.00050485864100713491,orientation_unresolved,1.3361787189182686,1.8698487956148808,0.22305153041496734,0.16381597466471517,-0.16007957882563029,-1.0567515787186375,0,0,74.054604099077153
100,350.00000000000006,0,1,1,0.00016450691729982323,0.033714789860746226,11.467903006567528,3.623378633064192e-05,0.00048210332461389962,pose_found,1.3506436610309362,1.7839845925307429,0.52423666352137688,0.086360930698453964,-0.7392829299416116,-0.063888578705078553,0,0,74.054604099077153
100,350.00000000000006,50,1,1,0.00012412925289362992,0.060192330158088482,11.467888583538778,6.7473790746301469e-06,0.0002950555932305193,pose_found,1.3506439127602761,1.3741937601556087,0.93996137241219202,0.085805284693782527,-0.74519536142269616,-0.063134270205714396,0,0,74.054604099077153
100,350.00000000000006,100,1,1,9.9554703354773813e-05,0.063118418393857539,11.468006425357617,7.5437813038479101e-05,0.00018195634976340993,pose_found,1.3506418560325408,1.0823238191247286,1.039254420704798,0.11076873405979072,-0.55352733366470408,-0.094334533580378035,0,0,74.054604099077153
100,350.00000000000006,150.00000000000003,1,1,9.1412258590070565e-05,0.058130936228824148,11.467914369241122,1.7263639805340829e-05,0.00030491582365966261,pose_found,1.3506434627148702,1.719110536306403,-0.90608834550608275,-0.084494437030572897,0.75955839584393992,0.061339440218918496,0,0,74.054604099077153
100,350.00000000000006,200,1,1,0.00018108652850136003,0.025894630129375949,11.467901231170075,3.6168921234464232e-05,0.00044102889187616384,pose_found,1.3506436920174674,1.2745157844567883,-0.40341056806051934,-0.090149780418794567,0.70169586754719482,0.068929470461823253,0,0,74.054604099077153
100,350.00000000000006,250,0,0,1.1813993554401616,,,,,position_unresolved,,,,,,,0,0,74.054604099077153
100,350.00000000000006,300.00000000000006,0,0,23.314192370958963,,,,,position_unresolved,,,,,,,0,0,74.054604099077153
100,400,-250,0,0,148.67722924026918,,,,,position_unresolved,,,,,,,0,0,75.963756532073532
100,400,-200,0,0,115.93222282831042,,,,,position_unresolved,,,,,,,0,0,75.963756532073532
100,400,-150.00000000000003,0,0,87.11981299847173,,,,,position_unresolved,,,,,,,0,0,75.963756532073532
100,400,-100,0,0,63.264515453276339,,,,,position_unresolved,,,,,,,0,0,75.963756532073532
100,400,-50,0,0,43.978447741954163,,,,,position_unresolved,,,,,,,0,0,75.963756532073532
100,400,0,0,0,29.78052473944177,,,,,position_unresolved,,,,,,,0,0,75.963756532073532
100,400,50,0,0,21.196858309230649,,,,,position_unresolved,,,,,,,0,0,75.963756532073532
100,400,100,0,0,18.580578152822007,,,,,position_unresolved,,,,,,,0,0,75.963756532073532
100,400,150.00000000000003,0,0,22.045094390430862,,,,,position_unresolved,,,,,,,0,0,75.963756532073532
100,400,200,0,0,31.440824258262175,,,,,position_unresolved,,,,,,,0,0,75.963756532073532
100,400,250,0,0,46.385699354699909,,,,,position_unresolved,,,,,,,0,0,75.963756532073532
100,450,-150.00000000000003,0,0,129.58260631719142,,,,,position_unresolved,,,,,,,0,0,77.471192290848492
100,450,-100,0,0,107.85493883492821,,,,,position_unresolved,,,,,,,0,0,77.471192290848492
100,450,-50,0,0,90.358753945536904,,,,,position_unresolved,,,,,,,0,0,77.471192290848492
100,450,0,0,0,77.56829811672057,,,,,position_unresolved,,,,,,,0,0,77.471192290848492
100,450,50,0,0,69.875525494682719,,,,,position_unresolved,,,,,,,0,0,77.471192290848492
100,450,100,0,0,67.537075927345199,,,,,position_unresolved,,,,,,,0,0,77.471192290848492
100,450,150.00000000000003,0,0,70.634324980281264,,,,,position_unresolved,,,,,,,0,0,77.471192290848492
150.00000000000003,-450,-100,0,0,119.05514407757909,,,,,position_unresolved,,,,,,,0,0,-71.56505117707799
150.00000000000003,-450,-50,0,0,101.95664109534012,,,,,position_unresolved,,,,,,,0,0,-71.56505117707799
150.00000000000003,-450,0,0,0,89.475025365522967,,,,,position_unresolved,,,,,,,0,0,-71.56505117707799
150.00000000000003,-450,50,0,0,81.975950762826812,,,,,position_unresolved,,,,,,,0,0,-71.56505117707799
150.00000000000003,-450,100,0,0,79.697620559101551,,,,,position_unresolved,,,,,,,0,0,-71.56505117707799
150.00000000000003,-400,-200,0,0,126.45226490045545,,,,,position_unresolved,,,,,,,0,0,-69.443954780416533
150.00000000000003,-400,-150.00000000000003,0,0,98.721659108444726,,,,,position_unresolved,,,,,,,0,0,-69.443954780416533
150.00000000000003,-400,-100,0,0,75.536440163038037,,,,,position_unresolved,,,,,,,0,0,-69.443954780416533
150.00000000000003,-400,-50,0,0,56.779242484508167,,,,,position_unresolved,,,,,,,0,0,-69.443954780416533
150.00000000000003,-400,0,0,0,43.00028801833755,,,,,position_unresolved,,,,,,,0,0,-69.443954780416533
150.00000000000003,-400,50,0,0,34.683274277954169,,,,,position_unresolved,,,,,,,0,0,-69.443954780416533
150.00000000000003,-400,100,0,0,32.150386978435783,,,,,position_unresolved,,,,,,,0,0,-69.443954780416533
150.00000000000003,-400,150.00000000000003,0,0,35.504689305991057,,,,,position_unresolved,,,,,,,0,0,-69.443954780416533
150.00000000000003,-400,200,0,0,44.610204196366318,,,,,position_unresolved,,,,,,,0,0,-69.443954780416533
150.00000000000003,-350.00000000000006,-300.00000000000006,0,0,162.62478024121907,,,,,position_unresolved,,,,,,,0,0,-66.801409486351815
150.00000000000003,-350.00000000000006,-250,0,0,126.44419784985809,,,,,position_unresolved,,,,,,,0,0,-66.801409486351815
150.00000000000003,-350.00000000000006,-200,0,0,90.315764561455211,,,,,position_unresolved,,,,,,,0,0,-66.801409486351815
150.00000000000003,-350.00000000000006,-150.00000000000003,0,0,59.569526942378225,,,,,position_unresolved,,,,,,,0,0,-66.801409486351815
150.00000000000003,-350.00000000000006,-100,0,0,33.448171158741104,,,,,position_unresolved,,,,,,,0,0,-66.801409486351815
150.00000000000003,-350.00000000000006,-50,0,0,12.740324961478146,,,,,position_unresolved,,,,,,,0,0,-66.801409486351815
150.00000000000003,-350.00000000000006,0,1,0,0.00034484594361909024,,7.5727412896486861,50.83229021112323,0.00034484594361909024,orientation_unresolved,-1.1074086159930567,1.7681666427959031,0.017242558815631311,-1.1044677925298261,0.22933240482268516,0.31582387068414303,0,0,-66.801409486351815
150.00000000000003,-350.00000000000006,50,1,1,0.00019345293099275093,0.037599323605298413,19.096197031855223,2.5432524510665027e-05,0.00040745589806056817,pose_found,-1.2175048139794544,1.5177715721378153,0.58572920664531791,-0.10134346898564341,-0.53495758156060891,0.087262276217474372,0,0,-66.801409486351815
150.00000000000003,-350.00000000000006,100,1,1,0.00012493929603122407,0.042571499107537714,19.096231941763492,4.9106784218474122e-05,0.00017729125364721065,pose_found,-1.2175042046866136,1.2255491429666245,0.72219980547524887,-0.13939494311294492,-0.38030053529227681,0.12955078174823176,0,0,-66.801409486351815
150.00000000000003,-350.00000000000006,150.00000000000003,1,1,0.00014955276605809617,0.034376691292996198,19.096155469973983,1.4105821130072299e-05,0.0003075487762009002,pose_found,-1.2175055393711254,1.5697075268031078,-0.5348759022798405,0.10079291597892195,0.5382016415615225,-0.08662101419161862,0,0,-66.801409486351815
150.00000000000003,-350.00000000000006,200,1,0,0.00047621810884095463,,19.697726242058263,16.183621521910119,0.00047621810884095463,orientation_unresolved,-1.2070061487144903,1.2171283339477976,0.08950248080215939,0.44056110864207132,0.063999005080037114,-0.23974514371133404,0,0,-66.801409486351815
150.00000000000003,-350.00000000000006,250,0,0,15.332683893383049,,,,,position_unresolved,,,,,,,0,0,-66.801409486351815
150.00000000000003,-350.00000000000006,300.00000000000006,0,0,36.733854166349545,,,,,position_unresolved,,,,,,,0,0,-66.801409486351815
150.00000000000003,-300.00000000000006,-350.00000000000006,0,0,178.18102467785647,,,,,position_unresolved,,,,,,,0,0,-63.43494882292201
150.00000000000003,-300.00000000000006,-300.00000000000006,0,0,135.64148627849198,,,,,position_unresolved,,,,,,,0,0,-63.43494882292201
150.00000000000003,-300.00000000000006,-250,0,0,95.319432785850992,,,,,position_unresolved,,,,,,,0,0,-63.43494882292201
150.00000000000003,-300.00000000000006,-200,0,0,56.955324809290431,,,,,position_unresolved,,,,,,,0,0,-63.43494882292201
150.00000000000003,-300.00000000000006,-150.00000000000003,0,0,23.137352330396524,,,,,position_unresolved,,,,,,,0,0,-63.43494882292201
150.00000000000003,-300.00000000000006,-100,1,0,0.00024089801730040034,,7.1790840155766293,62.088055532197878,0.00024089801730040034,orientation_unresolved,-1.0018328327301307,1.9595684245560534,0.12585634623370351,-1.0567672825171119,0.32638727299556963,0.31582387068414303,0,0,-63.43494882292201
150.00000000000003,-300.00000000000006,-50,1,1,7.7099208062804224e-05,0.02859825780109658,0.08170816881323785,5.1872210818942226e-05,0.00043608153203632748,pose_found,-1.1711228706468628,2.0834410013335951,0.44859236962842763,-0.077974877799302469,-0.96266382980094767,0.044610662242485173,0,0,-63.43494882292201
150.00000000000003,-300.00000000000006,0,1,1,7.3886946138091597e-05,0.071724662118361149,21.753686938877657,1.9208293126019408e-05,0.00023790245711098265,pose_found,-1.1711228652633949,1.5842426604147479,1.1238195047023465,-0.070475177661628613,-1.1382122359688851,0.029584824566265783,0,0,-63.43494882292201
150.00000000000003,-300.00000000000006,50,1,1,8.1464544056091551e-05,0.088877375256643978,21.753782580406483,5.431306522918875e-05,0.00031719349023752105,pose_found,-1.1711211960038153,1.2068580491259744,1.4138021582302598,-0.073721627260665237,-1.0510371681914983,0.036665289886040377,0,0,-63.43494882292201
150.00000000000003,-300.00000000000006,100,1,1,7.828029406770907e-05,0.087799445520944389,21.7537319793806,2.7661925535502688e-05,8.0852687799655112e-05,pose_found,-1.1711220791583219,0.88040772261652867,1.4973371180704613,-0.088472523103148681,-0.80890599804574648,0.061155151624537427,0,0,-63.43494882292201
150.00000000000003,-300.00000000000006,150.00000000000003,1,1,4.9996440714219513e-05,0.087442221209956206,9.4199152186262847,9.8844542699901448e-05,0.00029091305341294536,pose_found,-1.1711263372257383,1.8847227128424935,-1.3863877909711464,0.072808511468213738,1.0735744347492884,-0.034776355769628425,0,0,-63.43494882292201
150.00000000000003,-300.00000000000006,200,1,1,6.7545338138580305e-05,0.067911206111811395,21.753675265077007,1.7796313290904409e-05,0.00021130098013356414,pose_found,-1.1711230690096526,1.4997066630392111,-1.0629890704759914,0.070579657153263406,1.1350330801294848,-0.029832544333182862,0,0,-63.43494882292201
150.00000000000003,-300.00000000000006,250,1,1,0.00013111043313860098,0.011810794461969861,21.753681630782189,6.6406013107512093e-05,0.00048347797123737807,pose_found,-1.1711229579071378,0.74346877140422551,0.18955623776462505,0.10718094748914196,0.64052538991810481,-0.086053219907834946,0,0,-63.43494882292201
150.00000000000003,-300.00000000000006,300.00000000000006,1,0,0.00031651053196083198,,23.816044213845561,26.974348285769267,0.00031651053196083198,orientation_unresolved,-1.135127940462747,0.83661211869990482,0.22871563346911089,-0.14909247145764773,0.062007244971270456,9.4057473645123089e-18,0,0,-63.43494882292201
150.00000000000003,-300.00000000000006,350.00000000000006,0,0,25.300672591337531,,,,,position_unresolved,,,,,,,0,0,-63.43494882292201
150.00000000000003,-250,-350.00000000000006,0,0,157.96155546641467,,,,,position_unresolved,,,,,,,0,0,-59.036243467926482
150.00000000000003,-250,-300.00000000000006,0,0,113.02508864942703,,,,,position_unresolved,,,,,,,0,0,-59.036243467926482
150.00000000000003,-250,-250,0,0,69.516884035327394,,,,,position_unresolved,,,,,,,0,0,-59.036243467926482
150.00000000000003,-250,-200,0,0,28.045096086032689,,,,,position_unresolved,,,,,,,0,0,-59.036243467926482
150.00000000000003,-250,-150.00000000000003,1,0,0.00017969243554555333,,6.510596423878952,56.457644257840016,0.00017969243554555333,orientation_unresolved,-1.1595913705909759,1.9712357340399054,0.25499089871345382,0.46162314595411374,0.37585754136588162,-0.64673127417045173,0,0,-59.036243467926482
150.00000000000003,-250,-100,1,0,6.4107669030438622e-05,,21.235596535713917,70.938241308010674,6.4107669030438622e-05,orientation_unresolved,-1.0588306769146154,1.4468460077006693,1.0334673034689956,-0.8660059832626078,0.01750610628624958,-8.9927906192811149e-18,0,0,-59.036243467926482
150.00000000000003,-250,-50,1,1,4.906853759144777e-05,0.073499340140632932,2.5232900494356185,2.7862149890759725e-05,0.00020807370717331494,pose_found,-1.1139256421410433,1.9181889232140901,1.1591400236512173,-0.08372077238034803,-1.5067566074494345,0.0053702433704196327,0,0,-59.036243467926482
150.00000000000003,-250,0,1,0,6.8284888524191192e-05,,8.0174598250326152,63.041021632833832,6.8284888524191192e-05,orientation_unresolved,-1.1407700819989217,0.82986468170932326,1.3654810876470378,0.56902695009146875,0.24470070616439768,-1.4108652552017089,0,0,-59.036243467926482
150.00000000000003,-250,50,1,1,4.5569528809686446e-05,0.10702537235135892,6.1194945175229734,6.7133997203909206e-05,0.0002689226200136763,pose_found,-1.1139241465181948,1.0917523245678111,1.9225898032205981,-0.084224628527776832,-1.4439909989063788,0.010676300460405155,0,0,-59.036243467926482
150.00000000000003,-250,100,1,1,3.7205066701273506e-05,0.093641498498365144,5.9424245046490993,2.0561657537807045e-05,7.8479362848453275e-05,pose_found,-1.1139262720700445,0.67008986132570536,2.0125681312837398,-0.09313995438936043,-1.1135842463205585,0.041212435005175317,0,0,-59.036243467926482
150.00000000000003,-250,150.00000000000003,1,1,2.6029029887185054e-05,0.060461517641810146,12.737923743508743,6.4603697915976643e-05,0.00020011543276035292,pose_found,-1.1139227072544859,0.33246763462617424,1.8939642952488704,-0.13649986261049035,-0.66015724867619296,0.10807249829919167,0,0,-59.036243467926482
150.00000000000003,-250,200,1,1,8.155363524226608e-05,0.018458132426976224,25.031106665036418,0.00011193338732224302,0.00033349684387633222,pose_found,-1.1139211000721136,0.16614548161759315,1.5854696563832933,-0.43577743206045244,-0.19899459908854072,0.42819933832593599,0,0,-59.036243467926482
150.00000000000003,-250,250,1,1,0.0002274235615341062,0.067903584033741429,25.030830577612733,4.2753111758017556e-05,0.00031273817291995978,pose_found,-1.1139259187066803,1.160677717474371,-1.0688085954597681,0.083901336920175623,1.4792493038311116,-0.0076881649553022418,0,0,-59.036243467926482
150.00000000000003,-250,300.00000000000006,1,0,7.8434048901565999e-05,,19.943469889725748,54.372463420683147,7.8434048901565999e-05,orientation_unresolved,-1.1691314092762604,1.6182698243248257,-1.0555366019059556,0.8885578475878525,0.2342767237678624,-0.28982279665256744,0,0,-59.036243467926482
150.00000000000003,-250,350.00000000000006,1,0,0.00028519867319489752,,34.579672503068359,45.072597750130264,0.00028519867319489752,orientation_unresolved,-0.9472671873550047,0.65437180303151921,0.4885776419253523,0.55453122828447343,-0.40793666367525871,-0.54060075319726786,0,0,-59.036243467926482
150.00000000000003,-200,-400,0,0,189.77822191243914,,,,,position_unresolved,,,,,,,0,0,-53.13010235415598
150.00000000000003,-200,-350.00000000000006,0,0,142.54657577699075,,,,,position_unresolved,,,,,,,0,0,-53.13010235415598
150.00000000000003,-200,-300.00000000000006,0,0,96.279998142124143,,,,,position_unresolved,,,,,,,0,0,-53.13010235415598
150.00000000000003,-200,-250,0,0,49.822181049023527,,,,,position_unresolved,,,,,,,0,0,-53.13010235415598
150.00000000000003,-200,-200,0,0,4.5376615754365561,,,,,position_unresolved,,,,,,,0,0,-53.13010235415598
150.00000000000003,-200,-150.00000000000003,1,0,7.5571530400123302e-05,,15.914934847328755,82.235287707492205,7.5571530400123302e-05,orientation_unresolved,-0.8080416044548353,1.8070990645788936,0.42162681938901025,-0.36990777908482869,0.71278033975597144,-0.056861540348577176,0,0,-53.13010235415598
150.00000000000003,-200,-100,1,0,4.6998643094984898e-05,,33.63988226530315,73.305199481930316,4.6998643094984898e-05,orientation_unresolved,-0.96366962128210798,1.2535386007727169,1.316938220066705,-0.03499082001136454,0.13478100325926531,-0.61179668197066106,0,0,-53.13010235415598
150.00000000000003,-200,-50,1,0,4.1670724271034375e-05,,27.870019148013583,84.741569715268014,4.1670724271034375e-05,orientation_unresolved,-0.87753873656347281,1.5564635305081937,-0.10211445058516939,-0.13376648709053796,1.5984434811784596,0.067686760299549023,0,0,-53.13010235415598
150.00000000000003,-200,0,1,0,5.1469946839734809e-05,,15.182146922433269,103.8967549108509,5.1469946839734809e-05,orientation_unresolved,-0.38660488179565561,1.3035015874000198,0.63167466048304866,-0.97165861011793253,1.4492784103875882,0.096414074397581442,0,0,-53.13010235415598
150.00000000000003,-200,50,1,0,3.0897653115068327e-05,,11.341874361321455,99.31705386361638,3.0897653115068327e-05,orientation_unresolved,-0.3526995655008961,1.1332146158295562,0.6133030781313904,-1.0386840104833288,1.5845727240555054,0.096414074397581442,0,0,-53.13010235415598
150.00000000000003,-200,100,1,0,3.4833191972784603e-05,,0.90134279077885104,60.907073388276757,3.4833191972784603e-05,orientation_unresolved,-0.29843915191747289,0.71124346056016508,1.1520314070196718,-1.2209056620477119,1.4058946920513264,1.1169666893558641,0,0,-53.13010235415598
150.00000000000003,-200,150.00000000000003,1,0,0.00017854790858119857,,38.04418478405259,41.25003708369313,0.00017854790858119857,orientation_unresolved,-0.88680004107605104,0.17494488929507584,1.0416437253843813,-0.13700286485296301,1.0656664040647954,-1.3339489913202481e-17,0,0,-53.13010235415598
150.00000000000003,-200,200,1,1,5.2548609953885962e-05,0.015597810588926071,10.829983067263896,9.5425807279971971e-05,0.00032735720478179343,pose_found,-1.0462757362967063,-0.17812338532791511,1.9272641419820702,-0.592966224176391,-0.21403857114866548,0.58231590720715509,0,0,-53.13010235415598
150.00000000000003,-200,250,1,1,9.9635178565890865e-05,0.07204001143272698,7.2997203201442957,4.5973491636551011e-05,0.00020066037718468829,pose_found,-1.0462856846961641,1.1231228602406096,-1.423392172733644,0.12450847296548555,1.8688772485878393,0.036740026297645591,0,0,-53.13010235415598
150.00000000000003,-200,300.00000000000006,1,1,4.4948120907729647e-05,0.03725584382582086,28.906550441483617,6.4559841519809297e-05,0.00038050793254203918,pose_found,-1.046281846197187,0.64350035645200432,-0.58153012929387726,0.11921321579174884,1.5092636966800606,-0.0073655222222886313,0,0,-53.13010235415598
150.00000000000003,-200,350.00000000000006,1,0,8.6509076350523663e-05,,35.702876654080086,19.745868462294727,8.6509076350523663e-05,orientation_unresolved,-0.92766357674778244,0.16909921722376148,0.5438268500591189,-0.11542922964781763,0.53304917399944485,2.3675199081650953e-17,0,0,-53.13010235415598
150.00000000000003,-200,400,1,0,0.00039469511780684449,,33.779591770946205,46.301475336965389,0.00039469511780684449,orientation_unresolved,-0.96123123041230307,0.52486922441247452,0.17592453055563018,-0.11522395992946526,0.072666004418166161,-5.851871415165948e-18,0,0,-53.13010235415598
150.00000000000003,-150.00000000000003,-400,0,0,180.34782284936719,,,,,position_unresolved,,,,,,,0,0,-45
150.00000000000003,-150.00000000000003,-350.00000000000006,0,0,133.86371239984771,,,,,position_unresolved,,,,,,,0,0,-45
150.00000000000003,-150.00000000000003,-300.00000000000006,0,0,83.569208046439627,,,,,position_unresolved,,,,,,,0,0,-45
150.00000000000003,-150.00000000000003,-250,0,0,36.411458791080733,,,,,position_unresolved,,,,,,,0,0,-45
150.00000000000003,-150.00000000000003,-200,1,0,6.7919100655708145e-05,,1.9777998412136646,83.867120554760206,6.7919100655708145e-05,orientation_unresolved,-0.71694175420702644,2.050347958730562,0.39876682372177763,-0.26810862473814817,0.54714209401046277,-0.056861540348577176,0,0,-45
150.00000000000003,-150.00000000000003,-150.00000000000003,1,0,4.0643975636149727e-05,,19.395017809425291,83.852987545804851,4.0643975636149727e-05,orientation_unresolved,-0.4228386595709136,1.7006497095893494,0.89812510960971892,-0.89813014217850784,0.68243307912260087,0.87071585327043632,0,0,-45
150.00000000000003,-150.00000000000003,-100,1,0,4.7204580046359059e-05,,2.5255055575354297,108.95218779234214,4.7204580046359059e-05,orientation_unresolved,-1.5067179395384882,1.6161382566881999,1.0317746498972804,1.1332186577768903,1.0559856736071125,-0.57780651292213125,0,0,-45
150.00000000000003,-150.00000000000003,-50,1,0,8.6147880546860701e-05,,21.437999315998685,129.52197772421135,8.6147880546860701e-05,orientation_unresolved,-0.19832827565611499,1.3737206210964539,0.89760034268086264,-0.86247338833144793,1.3306348351380761,-0.22057164059953263,0,0,-45
150.00000000000003,-150.00000000000003,0,1,0,5.55441296806919e-05,,22.094933387137434,112.55552585334353,5.55441296806919e-05,orientation_unresolved,-0.18586697815235473,1.2583307612868599,0.70661938886376729,-0.85100772582154605,1.6381266082766177,0.096414074397581442,0,0,-45
150.00000000000003,-150.00000000000003,50,1,0,2.7050700718985982e-05,,47.343968207200334,72.416724152870003,2.7050700718985982e-05,orientation_unresolved,-0.72448820061973374,0.40350479959783786,1.2370183806398218,-0.13875134820148757,1.1901283405801173,-1.1353526679912784e-18,0,0,-45
150.00000000000003,-150.00000000000003,100,1,0,2.6327279237042442e-05,,3.881762183516436,78.671526718543845,2.6327279237042442e-05,orientation_unresolved,-0.71573477660344897,0.73321656873487917,0.13759580797308985,-0.15507354912023052,2.0171175470233953,-0.33359226999529695,0,0,-45
150.00000000000003,-150.00000000000003,150.00000000000003,1,0,2.4106756861221512e-05,,46.70787720521303,46.434837069524882,2.4106756861221512e-05,orientation_unresolved,-0.73559008294672201,-0.023767062224232062,1.140866293757669,-0.12060453085341399,1.2599551367610977,-4.3132104414563656e-17,0,0,-45
150.00000000000003,-150.00000000000003,200,1,0,4.8794356868501087e-05,,7.8663842441794989,141.72062596127373,4.8794356868501087e-05,orientation_unresolved,-0.31318050351776661,-0.41403820656887602,1.8025543420912526,-1.0993427561479794,0.76430522699500425,-1.3872810918420988,0,0,-45
150.00000000000003,-150.00000000000003,250,1,1,2.9276539542338703e-05,0.018399109252071312,29.111471100324554,8.4205777226152657e-05,0.00034947938295937697,pose_found,-0.98875357617478687,-0.44858074927909192,1.6081919836412197,0.47628842647694741,0.45613899090131327,-0.43374081877080772,0,0,-45
150.00000000000003,-150.00000000000003,300.00000000000006,1,1,0.00011823564680477378,0.039500705234118472,14.518098221141472,8.3933935971132424e-05,0.0003827388283814969,pose_found,-0.98878185496575421,0.59509883472327685,-0.86139901625522552,0.21060206493072214,1.8314784628183109,0.055041888480524936,0,0,-45
150.00000000000003,-150.00000000000003,350.00000000000006,1,0,3.1345963767535476e-05,,44.419122306909181,15.877420671482744,3.1345963767535476e-05,orientation_unresolved,-0.77553639169327215,-0.081524783041373727,0.66000276658500523,-0.096979951297252648,0.73002233267955663,7.3943121529511157e-18,0,0,-45
150.00000000000003,-150.00000000000003,400,1,0,0.00011758537334085035,,43.218188936880836,34.629474936712739,0.00011758537334085035,orientation_unresolved,-0.7964966330973382,0.1190791405524632,0.4325973177039617,-0.093443275050403549,0.42303550218246599,-3.1154991034589148e-17,0,0,-45
150.00000000000003,-100,-450,0,0,224.28213863097864,,,,,position_unresolved,,,,,,,0,0,-33.690067525979785
150.00000000000003,-100,-400,0,0,174.69561218133487,,,,,position_unresolved,,,,,,,0,0,-33.690067525979785
150.00000000000003,-100,-350.00000000000006,0,0,125.73864954313352,,,,,position_unresolved,,,,,,,0,0,-33.690067525979785
150.00000000000003,-100,-300.00000000000006,0,0,76.119377287119647,,,,,position_unresolved,,,,,,,0,0,-33.690067525979785
150.00000000000003,-100,-250,0,0,26.357720610104497,,,,,position_unresolved,,,,,,,0,0,-33.690067525979785
150.00000000000003,-100,-200,1,0,8.5200830983960554e-05,,7.9663964907659217,85.543197428094658,8.5200830983960554e-05,orientation_unresolved,-0.31053012627407045,1.9458272296219741,0.83546978134927385,-0.86803446638577841,0.44208741754661673,0.87071585327043632,0,0,-33.690067525979785
150.00000000000003,-100,-150.00000000000003,1,0,4.3458097252916999e-05,,31.669546275611669,93.649347485374236,4.3458097252916999e-05,orientation_unresolved,-0.53624080108432681,1.5321292227830303,1.0710763140131536,-0.17099466656801443,0.593226081196499,-1.1763302377555855e-17,0,0,-33.690067525979785
150.00000000000003,-100,-100,1,0,2.209778210412774e-05,,12.385941765883674,89.567905053238448,2.209778210412774e-05,orientation_unresolved,-1.3346208620199458,1.6265426676382349,0.8868865787716812,0.80365623316212742,1.2434215684435221,-1.1701985378822823,0,0,-33.690067525979785
150.00000000000003,-100,-50,1,0,1.8060395390285213e-05,,31.536428481277365,132.02258547721868,1.8060395390285213e-05,orientation_unresolved,0.014324064046030456,1.3212021671028831,0.95285115364951722,-0.68622255011791233,1.4315387718880388,-0.22057164059953263,0,0,-33.690067525979785
150.00000000000003,-100,0,1,0,3.0464571077392913e-05,,30.849563260095866,115.69569594821378,3.0464571077392913e-05,orientation_unresolved,-0.1005286714610512,0.60908229695775407,1.5778565527501109,-0.62943009207333045,1.1091062539745826,-0.33497808549939057,0,0,-33.690067525979785
150.00000000000003,-100,50,1,0,6.1383986912749309e-05,,9.231029232525005,102.85120995488943,6.1383986912749309e-05,orientation_unresolved,-0.70535070393239907,0.76850367961845245,0.55740283534033819,0.087512448680033536,1.9237552244497549,0.56899890098526751,0,0,-33.690067525979785
150.00000000000003,-100,100,1,0,0.00010524449084090848,,13.445438242576724,112.18727563406924,0.00010524449084090848,orientation_unresolved,-0.43645977377584733,0.38715183317344076,0.73092802528019962,-0.20821348857463962,1.8501999111986376,-1.2907410732994224,0,0,-33.690067525979785
150.00000000000003,-100,150.00000000000003,1,0,8.2480086662042068e-05,,26.063915376283553,41.299800860913095,8.2480086662042068e-05,orientation_unresolved,-0.35696288295320605,-0.46904524418922477,1.6613818651637349,-0.32611856255631316,1.0623668384879505,-8.6733739683694549e-18,0,0,-33.690067525979785
150.00000000000003,-100,200,1,0,2.4600129895919109e-05,,41.576645303890587,32.997695041399808,2.4600129895919109e-05,orientation_unresolved,-0.54442108530506916,-0.32918198004401933,1.1144085917296969,-0.088671568207955423,1.3592177254184323,1.9558633892335622e-17,0,0,-33.690067525979785
150.00000000000003,-100,250,1,1,2.9052552649743394e-05,0.0097690606447159642,14.467450666936926,0.026221680401748913,0.16199847413389201,pose_near_singular,-1.2734973173001927,-0.67565865720049323,1.6723538300696574,0.98413241292801834,0.86290720963974332,-0.77438143872211063,0,0,-33.690067525979785
150.00000000000003,-100,300.00000000000006,1,1,2.7565043363623864e-05,0.01058864489121145,9.5346351468079398,0.00024124682725535412,0.0015637416834486998,pose_found,-1.295107699002702,0.47836166446160511,-0.94305043158881963,0.7628415852977406,1.91845630161699,0.31483360335183752,0,0,-33.690067525979785
150.00000000000003,-100,350.00000000000006,1,0,4.7164594330793297e-05,,14.524131545530093,43.956948591311345,4.7164594330793297e-05,orientation_unresolved,-0.32926379197282446,-0.43794231655080906,1.2990514500002033,-0.98314314497364441,0.37875112951795331,0.19910609430857282,0,0,-33.690067525979785
150.00000000000003,-100,400,1,0,8.902160348724668e-05,,44.563145002112115,42.363794845193759,8.902160348724668e-05,orientation_unresolved,-0.49716071942729584,-0.17392151008558313,0.81296879857399407,-0.45886345610540547,0.31175839283505613,-4.1789791692927782e-17,0,0,-33.690067525979785
150.00000000000003,-100,450,0,0,1.4363005635909083,,,,,position_unresolved,,,,,,,0,0,-33.690067525979785
150.00000000000003,-50,-450,0,0,220.65381096321414,,,,,position_unresolved,,,,,,,0,0,-18.43494882292201
150.00000000000003,-50,-400,0,0,171.74974687817155,,,,,position_unresolved,,,,,,,0,0,-18.43494882292201
150.00000000000003,-50,-350.00000000000006,0,0,123.11880839233565,,,,,position_unresolved,,,,,,,0,0,-18.43494882292201
150.00000000000003,-50,-300.00000000000006,0,0,72.499557315157418,,,,,position_unresolved,,,,,,,0,0,-18.43494882292201
150.00000000000003,-50,-250,0,0,21.357395422034653,,,,,position_unresolved,,,,,,,0,0,-18.43494882292201
150.00000000000003,-50,-200,1,0,5.3174620560569371e-05,,15.028449908443264,85.838609040385165,5.3174620560569371e-05,orientation_unresolved,-0.32365332356819226,1.8225711455317861,1.2037493094041323,-0.71118749043849971,0.033149770863196967,0.98234636033934752,0,0,-18.43494882292201
150.00000000000003,-50,-150.00000000000003,1,0,2.5707629127320609e-05,,32.301154853866862,99.505814610038257,2.5707629127320609e-05,orientation_unresolved,-0.28201749945848437,1.521105573508637,1.1372065134215774,-0.098469798413760259,0.64623649274928741,-1.3511554586057381e-17,0,0,-18.43494882292201
150.00000000000003,-50,-100,1,0,2.9162978793838904e-05,,5.6352107789442236,91.93366671113391,2.9162978793838904e-05,orientation_unresolved,-1.3908657356228322,1.9865140957687104,0.68797890431483166,0.89707887823444921,1.5189022069982026,-1.3448182606236365,0,0,-18.43494882292201
150.00000000000003,-50,-50,1,0,3.9952721836909879e-05,,11.078708334555095,118.15689821235694,3.9952721836909879e-05,orientation_unresolved,-0.4762375053985603,1.4575160289058029,0.30980512609821415,0.1223965755048666,1.8915071405990376,-0.5555529288226102,0,0,-18.43494882292201
150.00000000000003,-50,0,1,0,7.5589800708818e-05,,10.007079791935663,97.916879431902728,7.5589800708818e-05,orientation_unresolved,-0.43126007038430419,0.22425633963402106,1.9416265135619932,0.10764692175377084,0.77885125332089367,-1.352569428260407,0,0,-18.43494882292201
150.00000000000003,-50,50,1,0,0.00011899940260632753,,11.086750108737906,68.630840759263933,0.00011899940260632753,orientation_unresolved,-0.17946627507646179,-0.15408424219586225,1.9227827116977438,-0.18190882498400177,0.98915181521839657,7.4462367518228417e-19,0,0,-18.43494882292201
150.00000000000003,-50,100,1,0,3.1353231155038446e-05,,7.0606485035180633,109.5135859602925,3.1353231155038446e-05,orientation_unresolved,-0.29325173833889445,0.3283869052802873,0.76674518166021577,-0.053099612016874617,1.9616355141927608,-1.2907410732994224,0,0,-18.43494882292201
150.00000000000003,-50,150.00000000000003,1,0,6.9906687849850989e-05,,9.4628651928622993,64.18607273657102,6.9906687849850989e-05,orientation_unresolved,-1.3112411492895331,0.038952017706347319,1.1706898233939969,0.90979740578900881,1.9197089236173461,-0.53520908847863125,0,0,-18.43494882292201
150.00000000000003,-50,200,1,0,5.7475948324710461e-05,,31.680604736163197,22.53899322709438,5.7475948324710461e-05,orientation_unresolved,-0.1872619418798693,-0.7255346590295273,1.5633521427721024,-0.16129795625053528,1.1151172215839129,-5.4880055556096903e-18,0,0,-18.43494882292201
150.00000000000003,-50,250,1,1,1.1821060528729506e-05,0.011965417186003793,25.782990136422999,0.00059275401707093952,0.003399581246899945,pose_found,-0.085304482541064666,-0.84479565781289645,1.6662849355512563,-0.34000131000428657,0.778750324979542,0.2466610501515179,0,0,-18.43494882292201
150.00000000000003,-50,300.00000000000006,1,1,4.5640443360852206e-05,0.015168546268234606,53.435780745626509,7.6769763856581214e-05,0.00043072679564387401,pose_found,-0.085654250819676966,-0.50420465614997345,0.93549358291702822,-0.25889271029637584,1.1522367655201884,0.10722841797665671,0,0,-18.43494882292201
150.00000000000003,-50,350.00000000000006,1,0,4.8832909679786782e-05,,10.978242252582197,166.52936469541743,4.8832909679786782e-05,orientation_unresolved,0.49042975107903491,0.94054715885834983,-0.25701537868352253,0.75698688797653191,-1.3591898534057782,0.79224321739423675,0,0,-18.43494882292201
150.00000000000003,-50,400,1,0,5.0954131264347753e-05,,68.722507927069145,31.459962722048569,5.0954131264347753e-05,orientation_unresolved,-0.3220357009864081,-0.22822140024263365,0.58126922616376164,-0.037203027880657477,0.66991456626116297,1.4395940505490239e-17,0,0,-18.43494882292201
150.00000000000003,-50,450,1,0,0.00022215294046909855,,45.081395083000729,95.777730301112996,0.00022215294046909855,orientation_unresolved,-0.31489327135281553,0.69314816209837982,-0.47823716390003818,-0.41585351861869285,0.073197891404516199,-0.76397755120415156,0,0,-18.43494882292201
150.00000000000003,0,-450,0,0,220.85616939291063,,,,,position_unresolved,,,,,,,0,0,0
150.00000000000003,0,-400,0,0,171.43611434973744,,,,,position_unresolved,,,,,,,0,0,0
150.00000000000003,0,-350.00000000000006,0,0,121.35331578609795,,,,,position_unresolved,,,,,,,0,0,0
150.00000000000003,0,-300.00000000000006,0,0,71.327874857781964,,,,,position_unresolved,,,,,,,0,0,0
150.00000000000003,0,-250,0,0,22.440197081463005,,,,,position_unresolved,,,,,,,0,0,0
150.00000000000003,0,-200,1,0,5.8469133433853937e-05,,13.052043096629236,94.55226796480423,5.8469133433853937e-05,orientation_unresolved,0,1.8570659517567849,0.97387294971465921,0,0.39010581653724458,0,0,0,0
150.00000000000003,0,-150.00000000000003,1,0,4.0955402486065692e-05,,25.105126545578628,86.512788762992813,4.0955402486065692e-05,orientation_unresolved,0,1.4084628554376546,1.6781158870908823,0,-0.005849406737063567,0,0,0,0
150.00000000000003,0,-100,1,0,2.4835433983629966e-05,,26.649096410879267,108.98780716134686,2.4835433983629966e-05,orientation_unresolved,0.45553982659464776,1.6197526028539146,0.61262245079933331,-0.38411263184759803,1.4934629686433316,0.87623716559638865,0,0,0
150.00000000000003,0,-50,1,0,2.0764756183203609e-05,,8.3077825578528284,175.12958869965595,2.0764756183203609e-05,orientation_unresolved,-0.73668382036643165,1.7305901537155319,0.363721140500606,0.65825328346144718,1.9398689187308733,1.0538866362162764,0,0,0
150.00000000000003,0,0,1,0,4.5178804762151328e-05,,8.6852527609201751,90.344450715494261,4.5178804762151328e-05,orientation_unresolved,-0.23048262920636917,0.21510007557437871,1.9646967473950747,0.26362963755196883,0.83977334662864267,-1.352569428260407,0,0,0
150.00000000000003,0,50,1,0,2.4275895746364534e-05,,34.996961758175857,87.395501828443372,2.4275895746364534e-05,orientation_unresolved,0,0.21333365644670424,1.4087470616568045,0,1.4740548670304492,0,0,0,0
150.00000000000003,0,100,1,0,5.6723779257643404e-05,,29.422457203850172,71.070939683514624,5.6723779257643404e-05,orientation_unresolved,0,-0.10944837220323221,1.3493182732909037,0,1.5713483256708516,0,0,0,0
150.00000000000003,0,150.00000000000003,1,0,2.701170484868961e-05,,28.996613295314088,51.78934824079942,2.701170484868961e-05,orientation_unresolved,0,-0.36365944486193097,1.2595697119463429,0,1.5787807039743678,0,0,0,0
150.00000000000003,0,200,1,0,5.1723519926887289e-05,,31.405366184316328,21.022511472498337,5.1723519926887289e-05,orientation_unresolved,0,-0.78354340078775331,1.5681559617302514,0,1.1530958080857758,0,0,0,0
150.00000000000003,0,250,1,1,3.4348913439822008e-05,0.018232720778290801,26.531629468919157,5.0066565282322624e-05,0.00021262629822092213,pose_found,0,-0.89246781422235921,1.6532187142892658,0,0.81004630055439941,0,0,0,0
150.00000000000003,0,300.00000000000006,1,1,3.4858204012176582e-05,0.02319958531617388,51.324861692531485,0.0063693122610939271,0.00031994178410690442,pose_found,0,-0.53704478032837888,0.9188730193535416,0,1.1890792532397776,0,0,0,0
150.00000000000003,0,350.00000000000006,1,0,0.00012319695419516573,,35.409514635510334,14.384680515489464,0.00012319695419516573,orientation_unresolved,-0.73449608030042712,-0.24456206187538682,0.26325282578684317,0.61862444451314214,1.3779606662071842,-0.1339335857100086,0,0,0
150.00000000000003,0,400,1,0,3.8867812706041562e-05,,68.498129723431575,37.447169542091864,3.8867812706041562e-05,orientation_unresolved,0,-0.37420053703752265,0.92076510930898592,0,0.37065535046139314,0,0,0,0
150.00000000000003,0,450,1,0,0.00017374438733584591,,36.917334262190508,86.261057482374909,0.00017374438733584591,orientation_unresolved,-0.042791044356345009,0.72893324052858099,-0.48733522371071902,-0.59230802750138134,-0.065118141862143028,0.0029114468111638976,0,0,0
150.00000000000003,50,-450,0,0,222.06593929378025,,,,,position_unresolved,,,,,,,0,0,18.43494882292201
150.00000000000003,50,-400,0,0,172.57474587393418,,,,,position_unresolved,,,,,,,0,0,18.43494882292201
150.00000000000003,50,-350.00000000000006,0,0,122.67307001697358,,,,,position_unresolved,,,,,,,0,0,18.43494882292201
150.00000000000003,50,-300.00000000000006,0,0,72.564597525984084,,,,,position_unresolved,,,,,,,0,0,18.43494882292201
150.00000000000003,50,-250,0,0,22.228309607360998,,,,,position_unresolved,,,,,,,0,0,18.43494882292201
150.00000000000003,50,-200,1,0,4.5399168428110065e-05,,11.4826333633461,115.10801038480575,4.5399168428110065e-05,orientation_unresolved,0.4486072428696381,1.8844573189154217,0.871073944751666,-0.20487090879598738,0.46415564323577835,-0.93162907103390791,0,0,18.43494882292201
150.00000000000003,50,-150.00000000000003,1,0,2.5707629127320609e-05,,32.301154853866862,99.505814610038257,2.5707629127320609e-05,orientation_unresolved,0.28201749945848437,1.521105573508637,1.1372065134215774,0.098469798413760259,0.64623649274928741,1.3511554586057381e-17,0,0,18.43494882292201
150.00000000000003,50,-100,1,0,2.3107783045949385e-05,,29.863302412154741,110.35216750846988,2.3107783045949385e-05,orientation_unresolved,0.61330115828393328,1.5636541252942966,0.57431134841842235,-0.24071308652952811,1.4696046878531595,0.87623716559638865,0,0,18.43494882292201
150.00000000000003,50,-50,1,0,6.7433419564034993e-05,,9.3688724605738418,173.8795534062987,6.7433419564034993e-05,orientation_unresolved,-0.98576959500447847,1.8930230721759118,1.2997079167481318,1.0731193897994811,1.5286970278654821,0.077229612930240693,0,0,18.43494882292201
150.00000000000003,50,0,1,0,5.7062877923855077e-05,,5.745158355993798,83.179831957440484,5.7062877923855077e-05,orientation_unresolved,-0.31213943892624801,0.37619826031079712,2.0160110750805034,0.77020509819883831,0.91918356719069605,-0.76815904540318702,0,0,18.43494882292201
150.00000000000003,50,50,1,0,0.00011899940260632753,,11.086750108737906,68.630840759263933,0.00011899940260632753,orientation_unresolved,0.17946627507646179,-0.15408424219586225,1.9227827116977438,0.18190882498400177,0.98915181521839657,-7.4462367518228417e-19,0,0,18.43494882292201
150.00000000000003,50,100,1,0,3.328298598890927e-05,,31.853306165310265,69.760066911470744,3.328298598890927e-05,orientation_unresolved,0.28351038251562333,-0.073887107473499636,1.333117343675539,0.057938938316358393,1.5289220076746881,-6.3803654252671753e-18,0,0,18.43494882292201
150.00000000000003,50,150.00000000000003,1,0,6.2818436414034895e-05,,17.047927362761985,50.422923591284892,6.2818436414034895e-05,orientation_unresolved,0.81661899738606536,-0.72236124162811433,1.8187405413200293,-0.46443904578143635,1.1468916755254137,1.1713072172004058,0,0,18.43494882292201
150.00000000000003,50,200,1,0,5.7475948324710461e-05,,31.680604736163197,22.53899322709438,5.7475948324710461e-05,orientation_unresolved,0.1872619418798693,-0.7255346590295273,1.5633521427721024,0.16129795625053528,1.1151172215839129,5.4880055556096903e-18,0,0,18.43494882292201
150.00000000000003,50,250,1,1,4.651284432798475e-05,0.011964811124227146,25.78300718028391,0.00042241787724352323,0.0024225937052403941,pose_found,0.085393616452455273,-0.84479491512224902,1.6662846380797662,0.3398824628534815,0.7787289696925801,-0.24657647693287241,0,0,18.43494882292201
150.00000000000003,50,300.00000000000006,1,1,4.5640443360852206e-05,0.01516883677005655,53.43528585913969,7.8343396555835402e-05,0.00043956669693805979,pose_found,0.085574238747846143,-0.50420520258536106,0.93549371795244229,0.25897679078891328,1.1522454029188069,-0.10726254928397314,0,0,18.43494882292201
150.00000000000003,50,350.00000000000006,1,0,6.4862537133782348e-05,,6.8874236303747853,71.368934985179138,6.4862537133782348e-05,orientation_unresolved,0.36338541603647179,-0.62136903917935782,1.609637919046232,0.31752432639338884,-0.045662144966493248,-1.4305881074651956,0,0,18.43494882292201
150.00000000000003,50,400,1,0,5.0954131264347753e-05,,68.722507927069145,31.459962722048569,5.0954131264347753e-05,orientation_unresolved,0.3220357009864081,-0.22822140024263365,0.58126922616376164,0.037203027880657477,0.66991456626116297,-1.4395940505490239e-17,0,0,18.43494882292201
150.00000000000003,50,450,1,0,0.00023713630466363106,,57.036966140299548,82.565200319633249,0.00023713630466363106,orientation_unresolved,0.44886615628119686,0.5802413670127643,-0.044791941681438803,0.24115420693916814,-0.39230332077966473,-0.07071606483969245,0,0,18.43494882292201
150.00000000000003,100,-450,0,0,225.03820639370352,,,,,position_unresolved,,,,,,,0,0,33.690067525979785
150.00000000000003,100,-400,0,0,175.37144982078956,,,,,position_unresolved,,,,,,,0,0,33.690067525979785
150.00000000000003,100,-350.00000000000006,0,0,125.73864954313352,,,,,position_unresolved,,,,,,,0,0,33.690067525979785
150.00000000000003,100,-300.00000000000006,0,0,76.119377287119647,,,,,position_unresolved,,,,,,,0,0,33.690067525979785
150.00000000000003,100,-250,0,0,26.357720610104497,,,,,position_unresolved,,,,,,,0,0,33.690067525979785
150.00000000000003,100,-200,1,0,0.00010675158220010924,,12.994961545963335,77.965936983302583,0.00010675158220010924,orientation_unresolved,0.6778225289960651,1.8580622127580488,1.1596440369677701,0.43521525386174548,-0.12653002908857724,3.6783210964388655e-17,0,0,33.690067525979785
150.00000000000003,100,-150.00000000000003,1,0,4.3458097252916999e-05,,31.669546275611669,93.649347485374236,4.3458097252916999e-05,orientation_unresolved,0.53624080108432681,1.5321292227830303,1.0710763140131536,0.17099466656801443,0.593226081196499,1.1763302377555855e-17,0,0,33.690067525979785
150.00000000000003,100,-100,1,0,3.5426307037132877e-05,,12.061214622456895,179.13190696830736,3.5426307037132877e-05,orientation_unresolved,-0.027793129098916267,1.7082499359606986,0.62049992407767618,0.70541145534626615,1.3984915027583886,1.3402884198433389,0,0,33.690067525979785
150.00000000000003,100,-50,1,0,0.00017438082800267897,,11.890594097035994,83.72179288112919,0.00017438082800267897,orientation_unresolved,0.46916198114473506,0.66279751150736732,1.9087529874295794,0.45805626397162308,0.3821855149265076,-1.5312977736786211e-19,0,0,33.690067525979785
150.00000000000003,100,0,1,0,7.855099626565145e-05,,10.237410547801703,113.00570551302876,7.855099626565145e-05,orientation_unresolved,0.43574064465053958,1.1368180499760885,0.40857386311653782,0.21280735786431354,1.9061905569676254,-1.2372606812103935,0,0,33.690067525979785
150.00000000000003,100,50,1,0,1.5388925138939247e-05,,1.4476538951403664,177.61796078325682,1.5388925138939247e-05,orientation_unresolved,1.3443175868294615,0.60769240821589066,1.3306156210484494,-0.76072531156708201,1.5549932000700963,-1.5255299998953764,0,0,33.690067525979785
150.00000000000003,100,100,1,0,7.2718497146169613e-05,,8.4825298331342829,96.552970147023501,7.2718497146169613e-05,orientation_unresolved,-0.36507139838702685,0.073572374266964349,1.9231935391051167,1.0885889869490788,1.4366881451003211,-0.28741965574569678,0,0,33.690067525979785
150.00000000000003,100,150.00000000000003,1,0,8.2480086662042068e-05,,26.063915376283553,41.299800860913095,8.2480086662042068e-05,orientation_unresolved,0.35696288295320605,-0.46904524418922477,1.6613818651637349,0.32611856255631316,1.0623668384879505,8.6733739683694549e-18,0,0,33.690067525979785
150.00000000000003,100,200,1,0,2.4600129895919109e-05,,41.576645303890587,32.997695041399808,2.4600129895919109e-05,orientation_unresolved,0.54442108530506916,-0.32918198004401933,1.1144085917296969,0.088671568207955423,1.3592177254184323,-1.9558633892335622e-17,0,0,33.690067525979785
150.00000000000003,100,250,1,1,5.1212096470067839e-05,0.0099976830867474099,13.29835325452693,0.00024733351380966585,0.0015550907979066174,pose_near_singular,1.2947007810307014,-0.67533703567499792,1.6724122210967631,-1.0045370120511188,0.8779305980569202,0.78778449612860701,0,0,33.690067525979785
150.00000000000003,100,300.00000000000006,1,1,2.7565043363623864e-05,0.010576214737830509,9.4920230281581297,0.0024915025243200241,0.016116958251586516,pose_found,1.2928068889619857,0.47833647223442605,-0.9430483166619682,-0.76047180659373692,1.9192000233886797,-0.31403978898038409,0,0,33.690067525979785
150.00000000000003,100,350.00000000000006,1,0,2.3030455519244078e-05,,24.568654553841696,131.20434944600817,2.3030455519244078e-05,orientation_unresolved,1.1112377381732121,1.2224536946583981,-0.44868624331758344,0.57260696944989375,-1.1219924120452605,0.48917123477559621,0,0,33.690067525979785
150.00000000000003,100,400,1,0,6.0814925005705371e-05,,39.335287417109519,48.513720437982705,6.0814925005705371e-05,orientation_unresolved,0.38006769999946516,-0.12423895149731898,0.64071093548286451,0.55010678378905997,0.51265766358396736,0.26839766403727061,0,0,33.690067525979785
150.00000000000003,100,450,0,0,1.4363005635692216,,,,,position_unresolved,,,,,,,0,0,33.690067525979785
150.00000000000003,150.00000000000003,-400,0,0,180.34782284936719,,,,,position_unresolved,,,,,,,0,0,45
150.00000000000003,150.00000000000003,-350.00000000000006,0,0,133.0731334897261,,,,,position_unresolved,,,,,,,0,0,45
150.00000000000003,150.00000000000003,-300.00000000000006,0,0,83.569208046439627,,,,,position_unresolved,,,,,,,0,0,45
150.00000000000003,150.00000000000003,-250,0,0,35.974834857801461,,,,,position_unresolved,,,,,,,0,0,45
150.00000000000003,150.00000000000003,-200,1,0,0.00018640649434708556,,7.285732723779808,94.771765792567024,0.00018640649434708556,orientation_unresolved,0.84393144569717293,1.9577070534549093,0.69346674621491611,-0.087734625496694876,0.24419598558989369,-0.93162907103390791,0,0,45
150.00000000000003,150.00000000000003,-150.00000000000003,1,0,0.00012736865677342657,,29.384433661048103,84.405520344091656,0.00012736865677342657,orientation_unresolved,0.74702762379120347,1.5720119616860206,0.96305759094103416,0.21286708996953801,0.494443381181502,1.7200239486305434e-18,0,0,45
150.00000000000003,150.00000000000003,-100,1,0,9.5519973463864034e-05,,47.068281636915934,87.128494722401854,9.5519973463864034e-05,orientation_unresolved,0.72929983897472728,1.2563124773107681,1.1008095602308676,0.18582424872284242,0.72414981134500045,-2.8204779794418574e-17,0,0,45
150.00000000000003,150.00000000000003,-50,1,0,3.1933640509914056e-05,,10.574231288445285,153.9012323649205,3.1933640509914056e-05,orientation_unresolved,1.3662411749441241,1.7818385596813024,-0.14420514470276097,-0.7311477166816841,1.8380542476793134,-1.2637270470290758,0,0,45
150.00000000000003,150.00000000000003,0,1,0,5.3410892956766078e-05,,17.964269218901613,99.889987155628873,5.3410892956766078e-05,orientation_unresolved,0.5707720317972006,1.162338975169219,0.34246001095771639,0.32979523940705724,1.7622769129847675,-1.2372606812103935,0,0,45
150.00000000000003,150.00000000000003,50,1,0,6.1832353263928081e-06,,7.9283325512118914,70.219028819538863,6.1832353263928081e-06,orientation_unresolved,1.4124208195832071,0.66081600685001129,1.1758763994259305,-0.77631968691879216,1.4230038446586684,1.0300225912202157,0,0,45
150.00000000000003,150.00000000000003,100,1,0,3.3671583480437072e-05,,2.0462970462167687,61.620928522652548,3.3671583480437072e-05,orientation_unresolved,1.5150817058645794,0.49247866741385132,1.1516949663468303,-0.92158374823290223,1.5596510714323009,1.0520364833908575,0,0,45
150.00000000000003,150.00000000000003,150.00000000000003,1,0,2.4106756861221512e-05,,46.70787720521303,46.434837069524882,2.4106756861221512e-05,orientation_unresolved,0.73559008294672201,-0.023767062224232062,1.140866293757669,0.12060453085341399,1.2599551367610977,4.3132104414563656e-17,0,0,45
150.00000000000003,150.00000000000003,200,1,0,3.1950440920336047e-05,,27.768146370332147,39.790890921796887,3.1950440920336047e-05,orientation_unresolved,0.29852504491262183,-0.17920026990874569,1.2581197659586352,0.75199148009790862,1.1834319923667822,-0.1860759616781639,0,0,45
150.00000000000003,150.00000000000003,250,1,1,2.7438053253368204e-05,0.018399994116285175,29.111359058056586,8.8134698244839491e-05,0.0003657833354458046,pose_found,0.98878151832543926,-0.44858032362526312,1.6081939391476971,-0.47635484908502163,0.4561493117209946,0.4338010643823802,0,0,45
150.00000000000003,150.00000000000003,300.00000000000006,1,1,8.6715912182601913e-05,0.0395005303581158,14.517968008626255,5.1488905289550625e-05,0.0002352112232466312,pose_found,0.98875822830019933,0.59509896960284592,-0.86140008418365033,-0.21057525804748056,1.8314807354554288,-0.055035099753649938,0,0,45
150.00000000000003,150.00000000000003,350.00000000000006,1,0,3.1345963767535476e-05,,44.419122306909181,15.877420671482744,3.1345963767535476e-05,orientation_unresolved,0.77553639169327215,-0.081524783041373727,0.66000276658500523,0.096979951297252648,0.73002233267955663,-7.3943121529511157e-18,0,0,45
150.00000000000003,150.00000000000003,400,1,0,0.00011758537334085035,,43.218188936880836,34.629474936712739,0.00011758537334085035,orientation_unresolved,0.7964966330973382,0.1190791405524632,0.4325973177039617,0.093443275050403549,0.42303550218246599,3.1154991034589148e-17,0,0,45
150.00000000000003,200,-400,0,0,189.77822191243914,,,,,position_unresolved,,,,,,,0,0,53.13010235415598
150.00000000000003,200,-350.00000000000006,0,0,142.54657577699075,,,,,position_unresolved,,,,,,,0,0,53.13010235415598
150.00000000000003,200,-300.00000000000006,0,0,96.279998142124143,,,,,position_unresolved,,,,,,,0,0,53.13010235415598
150.00000000000003,200,-250,0,0,49.822181049023527,,,,,position_unresolved,,,,,,,0,0,53.13010235415598
150.00000000000003,200,-200,0,0,4.5376615754365561,,,,,position_unresolved,,,,,,,0,0,53.13010235415598
150.00000000000003,200,-150.00000000000003,1,0,8.9304226893257828e-05,,23.910973700748414,72.043836786303075,8.9304226893257828e-05,orientation_unresolved,0.91534307976414053,1.6675418594693283,0.80360511067198814,0.23470898785495298,0.33715000027150044,2.7256315837027932e-17,0,0,53.13010235415598
150.00000000000003,200,-100,1,0,3.8933785372053966e-05,,7.3839224967433026,72.678478141426353,3.8933785372053966e-05,orientation_unresolved,0.38988290911674689,1.9559933186249105,0.17911802901374829,1.0321694172420655,1.2537414105020728,-1.0935819307634955,0,0,53.13010235415598
150.00000000000003,200,-50,1,0,0.00012814866350257997,,8.5206909724074169,74.793614294684147,0.00012814866350257997,orientation_unresolved,0.33538858233564611,1.8060193651251568,0.19647778016836484,1.0879229494224505,1.4886905822177592,-1.0935819307634955,0,0,53.13010235415598
150.00000000000003,200,0,1,0,3.600764703916439e-05,,16.936537202816822,118.2654407757679,3.600764703916439e-05,orientation_unresolved,1.2551979887192324,0.82358188372844698,1.1507962668634628,-0.55895061279381997,0.93056439258839896,-0.93604123498963665,0,0,53.13010235415598
150.00000000000003,200,50,1,0,4.3998249916205767e-05,,38.488224011887347,63.44885643711438,4.3998249916205767e-05,orientation_unresolved,0.87905009454232119,0.54322641767575253,1.1185740304767076,0.15551656273444522,1.008781463531051,-1.1301381695869315e-17,0,0,53.13010235415598
150.00000000000003,200,100,1,0,3.9500663778921014e-05,,30.372920374711757,60.250336503698023,3.9500663778921014e-05,orientation_unresolved,0.70769539701771855,0.16420591928091602,1.5861755404562696,0.66999656221138892,0.66491766212165637,1.5014969123681459e-17,0,0,53.13010235415598
150.00000000000003,200,150.00000000000003,1,0,0.0001754423924567898,,17.886462501429762,91.88422651266697,0.0001754423924567898,orientation_unresolved,0.4851686748813942,0.77217278220856278,0.063956152954383311,0.78531664599536488,1.7726894157207111,0.85319169068634693,0,0,53.13010235415598
150.00000000000003,200,200,1,1,5.2548609953885962e-05,0.015598315690507186,10.830283119326573,0.00010628405358022183,0.00036460504349385516,pose_found,1.0462893268355618,-0.17812429711159075,1.927258905085649,0.59305200577465955,-0.21404114458730392,-0.58240058996341904,0,0,53.13010235415598
150.00000000000003,200,250,1,1,7.4909777798958741e-05,0.07203995768611135,7.2996079251574963,3.8778918872599083e-05,0.00015418194464954054,pose_found,1.0462854154413812,1.1231238378956041,-1.4233941343962264,-0.12450814927527766,1.8688779571821936,-0.036740052192890268,0,0,53.13010235415598
150.00000000000003,200,300.00000000000006,1,1,4.4948120907729647e-05,0.03514305798400786,28.906509310037514,8.0781147183774633e-05,0.00040579393458270392,pose_found,1.0462825640763476,0.11303316757224952,0.58153218328687262,-0.15436195219306803,0.88210536697113073,0.098567265848959154,0,0,53.13010235415598
150.00000000000003,200,350.00000000000006,1,0,8.6509076350523663e-05,,35.702876654080086,19.745868462294727,8.6509076350523663e-05,orientation_unresolved,0.92766357674778244,0.16909921722376148,0.5438268500591189,0.11542922964781763,0.53304917399944485,-2.3675199081650953e-17,0,0,53.13010235415598
150.00000000000003,200,400,1,0,0.00039469511780684449,,33.779591770946205,46.301475336965389,0.00039469511780684449,orientation_unresolved,0.96123123041230307,0.52486922441247452,0.17592453055563018,0.11522395992946526,0.072666004418166161,5.851871415165948e-18,0,0,53.13010235415598
150.00000000000003,250,-350.00000000000006,0,0,157.96155546641467,,,,,position_unresolved,,,,,,,0,0,59.036243467926482
150.00000000000003,250,-300.00000000000006,0,0,113.02508864942703,,,,,position_unresolved,,,,,,,0,0,59.036243467926482
150.00000000000003,250,-250,0,0,69.516884035327394,,,,,position_unresolved,,,,,,,0,0,59.036243467926482
150.00000000000003,250,-200,0,0,28.045096086032689,,,,,position_unresolved,,,,,,,0,0,59.036243467926482
150.00000000000003,250,-150.00000000000003,1,0,0.00020972721075892956,,10.705678531529863,64.523055050966931,0.00020972721075892956,orientation_unresolved,1.1160661861894885,1.8980177388698938,0.60934576233056192,0.83977631644440531,-0.11740770979743415,9.8832413183343335e-18,0,0,59.036243467926482
150.00000000000003,250,-100,1,0,6.4107669030438622e-05,,21.235596535713917,70.938241308010674,6.4107669030438622e-05,orientation_unresolved,1.0588306769146154,1.4468460077006693,1.0334673034689956,0.8660059832626078,0.01750610628624958,8.9927906192811149e-18,0,0,59.036243467926482
150.00000000000003,250,-50,1,1,6.6081934439720066e-05,0.073499486160323355,2.5232380390528992,4.3535400101922705e-05,0.00032225791909645774,pose_found,1.1139254134418011,1.9181877274686037,1.159142395677381,0.083720449864713511,-1.5067575152018582,-0.0053701186582135029,0,0,59.036243467926482
150.00000000000003,250,0,1,0,4.7245870186230364e-05,,16.065126455483785,109.53808277860496,4.7245870186230364e-05,orientation_unresolved,1.2704069753974583,0.95978345548864941,0.99720424017555354,-0.58039515752880466,0.70651519632919013,-0.93604123498963665,0,0,59.036243467926482
150.00000000000003,250,50,1,1,5.4494528627122216e-05,0.10702535702685061,6.1192805084316308,2.2915792169765464e-05,8.2403513173549136e-05,pose_found,1.1139246160269187,1.0917549605699468,1.9225899677439107,0.084225196995713222,-1.443994734069652,-0.010676121112773595,0,0,59.036243467926482
150.00000000000003,250,100,1,1,3.0155203179186324e-05,0.093641556598283701,5.9423997719932471,2.030030189475812e-05,6.9559866036427375e-05,pose_found,1.1139247630206777,0.67009032869280682,2.0125685629500172,0.093137636806291405,-1.1135852738452334,-0.041211270783007334,0,0,59.036243467926482
150.00000000000003,250,150.00000000000003,1,1,3.587005518683551e-05,0.060461517418721716,12.737924131848144,6.3100665037001423e-05,0.00019547589130150623,pose_found,1.1139227794467228,0.33246763498986942,1.8939642884710692,0.13650002340375439,-0.66015725148581839,-0.10807262893943514,0,0,59.036243467926482
150.00000000000003,250,200,1,1,0.00018320685382016989,0.018458129675235545,25.0310999381329,0.00010910963190354138,0.00032508371194393424,pose_found,1.1139212174787285,0.16614548111859159,1.5854695828703067,0.43577837615738291,-0.19899457875726648,-0.42820027201655697,0,0,59.036243467926482
150.00000000000003,250,250,1,1,6.6306688484706988e-05,0.067904411869088535,25.030824519100808,3.7944637995795742e-05,0.00027812922934437493,pose_found,1.1139260244476612,1.1606843929677606,-1.0688218946611159,-0.083901380476788454,1.4792545046752497,0.0076875972802223011,0,0,59.036243467926482
150.00000000000003,250,300.00000000000006,1,0,0.00011475844181996004,,14.784151643986663,55.650870836515182,0.00011475844181996004,orientation_unresolved,0.78616256960042352,0.63785209528802234,0.93957478197619193,-0.64398462000436285,-0.94345817690381317,1.2927642034931968,0,0,59.036243467926482
150.00000000000003,250,350.00000000000006,1,0,0.00037395101887065371,,30.486980306210636,56.462584314443255,0.00037395101887065371,orientation_unresolved,0.91702313988521622,1.0071602231289687,-0.4433132018377689,0.7045388761018726,0.4157024950928106,0.19462581970173415,0,0,59.036243467926482
150.00000000000003,300.00000000000006,-350.00000000000006,0,0,178.18102467785647,,,,,position_unresolved,,,,,,,0,0,63.43494882292201
150.00000000000003,300.00000000000006,-300.00000000000006,0,0,135.64148627849198,,,,,position_unresolved,,,,,,,0,0,63.43494882292201
150.00000000000003,300.00000000000006,-250,0,0,95.319432785850992,,,,,position_unresolved,,,,,,,0,0,63.43494882292201
150.00000000000003,300.00000000000006,-200,0,0,56.955324809290431,,,,,position_unresolved,,,,,,,0,0,63.43494882292201
150.00000000000003,300.00000000000006,-150.00000000000003,0,0,23.337192575519634,,,,,position_unresolved,,,,,,,0,0,63.43494882292201
150.00000000000003,300.00000000000006,-100,1,0,0.00031862067259606362,,14.392640696876096,40.124215437655593,0.00031862067259606362,orientation_unresolved,1.138808023597504,1.8336681096881424,0.39537596803092639,0.2298779699622909,0.0075766789112282143,-3.2431499676358417e-17,0,0,63.43494882292201
150.00000000000003,300.00000000000006,-50,1,1,7.7099208062804224e-05,0.028598440208329169,0.081785996440917191,5.884168048956847e-05,0.00049467394404253159,pose_found,1.1711228563975864,2.0834396429852431,0.4485952090967355,0.077974771768971635,-0.96266518434444248,-0.044610505823111567,0,0,63.43494882292201
150.00000000000003,300.00000000000006,0,1,1,8.9538715286039365e-05,0.071724953025689792,21.753692662360347,3.962330617143766e-05,0.00049206673122994854,pose_found,1.1711227653697773,1.5842403237819653,1.1238241940410469,0.070474919232154265,-1.1382142297325688,-0.029584554408643059,0,0,63.43494882292201
150.00000000000003,300.00000000000006,50,1,1,5.5725493532348885e-05,0.088877290221324942,21.75365422976072,1.2219684022434088e-05,0.00021444734688437129,pose_found,1.171123436145181,1.2068585878892564,1.4138009991386675,0.07372554764302533,-1.0510367248354824,-0.036667457356185595,0,0,63.43494882292201
150.00000000000003,300.00000000000006,100,1,1,5.9741477554252649e-05,0.087799589729512045,21.75384592136604,8.7536816804293822e-05,0.00024134345740310203,pose_found,1.1711200904955197,0.88040772261775879,1.4973371338516319,0.08846835012170283,-0.80890582804980282,-0.061152104959801806,0,0,63.43494882292201
150.00000000000003,300.00000000000006,150.00000000000003,1,1,6.7650348280819025e-05,0.087442304864889492,9.4198616915573776,3.0833847210629574e-05,9.0249209604120731e-05,pose_found,1.1711219281415832,1.8847230956741954,-1.3863887251947378,-0.072800936644623115,1.0735747220115595,0.034772360465198347,0,0,63.43494882292201
150.00000000000003,300.00000000000006,200,1,1,5.1452415279360055e-05,0.067910778627753313,21.753661262291878,1.5396061362233616e-05,0.000139579832918121,pose_found,1.1711233134043575,1.4997032715586194,-1.0629822359212342,-0.070580196210714874,1.1350301621642394,0.029833015202384374,0,0,63.43494882292201
150.00000000000003,300.00000000000006,250,1,1,0.00014208880251090914,0.012005955892161581,21.753686061070304,6.0676712068803261e-05,0.00047653376298351536,pose_found,1.1711228805840235,0.9167993515763867,-0.18955457293668407,-0.085548103727032643,0.84536957994231354,0.056834818373148452,0,0,63.43494882292201
150.00000000000003,300.00000000000006,300.00000000000006,1,0,0.00031651053196083198,,23.816044213845561,26.974348285769267,0.00031651053196083198,orientation_unresolved,1.135127940462747,0.83661211869990482,0.22871563346911089,0.14909247145764773,0.062007244971270456,-9.4057473645123089e-18,0,0,63.43494882292201
150.00000000000003,300.00000000000006,350.00000000000006,0,0,25.300672591337477,,,,,position_unresolved,,,,,,,0,0,63.43494882292201
150.00000000000003,350.00000000000006,-300.00000000000006,0,0,162.62478024121907,,,,,position_unresolved,,,,,,,0,0,66.801409486351815
150.00000000000003,350.00000000000006,-250,0,0,126.67198243163314,,,,,position_unresolved,,,,,,,0,0,66.801409486351815
150.00000000000003,350.00000000000006,-200,0,0,90.315764561455211,,,,,position_unresolved,,,,,,,0,0,66.801409486351815
150.00000000000003,350.00000000000006,-150.00000000000003,0,0,59.480050767454244,,,,,position_unresolved,,,,,,,0,0,66.801409486351815
150.00000000000003,350.00000000000006,-100,0,0,33.448171158741111,,,,,position_unresolved,,,,,,,0,0,66.801409486351815
150.00000000000003,350.00000000000006,-50,0,0,12.74032496147813,,,,,position_unresolved,,,,,,,0,0,66.801409486351815
150.00000000000003,350.00000000000006,0,1,0,0.00035435604628531039,,20.215425046858631,21.340765120515865,0.00035435604628531039,orientation_unresolved,1.1979706000370844,1.6534433568292624,0.2653401854059726,0.20129458668828204,-0.031789899832469722,-5.274212581648957e-17,0,0,66.801409486351815
150.00000000000003,350.00000000000006,50,1,1,0.00015354449728878356,0.03759927104218061,19.096185102512788,1.7532476977295247e-05,0.00038260317872728327,pose_found,1.2175050221857575,1.5177718987780571,0.58572846130500489,0.10134424604992755,-0.53495719529464481,-0.087262987604252717,0,0,66.801409486351815
150.00000000000003,350.00000000000006,100,1,1,0.00017035726577498643,0.044083753134916172,11.548208599554691,4.3423607933288069e-05,0.00018221078285396124,pose_found,1.2175043351690744,1.8833128151358087,-0.72220012797601685,-0.12893771667755768,0.41273789898674024,0.11821535772093229,0,0,66.801409486351815
150.00000000000003,350.00000000000006,150.00000000000003,1,1,0.00014955276605809617,0.034378201085966266,19.096181417198263,1.6963195105982965e-05,0.0003696938121785425,pose_found,1.2175050865066299,1.56971829249187,-0.53489907861065134,-0.10078926377393634,0.53821353734155419,0.086617192183041147,0,0,66.801409486351815
150.00000000000003,350.00000000000006,200,1,0,0.00048169294193597934,,20.252586096323707,16.824965953435996,0.00048169294193597934,orientation_unresolved,1.1973220173704224,1.2100097444888065,0.15260122542821644,0.16777657555304129,-0.029067577886383818,4.1583634002365936e-17,0,0,66.801409486351815
150.00000000000003,350.00000000000006,250,0,0,15.332683893383052,,,,,position_unresolved,,,,,,,0,0,66.801409486351815
150.00000000000003,350.00000000000006,300.00000000000006,0,0,36.733854166349559,,,,,position_unresolved,,,,,,,0,0,66.801409486351815
150.00000000000003,400,-200,0,0,126.86592041188655,,,,,position_unresolved,,,,,,,0,0,69.443954780416533
150.00000000000003,400,-150.00000000000003,0,0,98.728780261126929,,,,,position_unresolved,,,,,,,0,0,69.443954780416533
150.00000000000003,400,-100,0,0,75.536440163038037,,,,,position_unresolved,,,,,,,0,0,69.443954780416533
150.00000000000003,400,-50,0,0,56.77924248450816,,,,,position_unresolved,,,,,,,0,0,69.443954780416533
150.00000000000003,400,0,0,0,43.00028801833755,,,,,position_unresolved,,,,,,,0,0,69.443954780416533
150.00000000000003,400,50,0,0,34.683274277954162,,,,,position_unresolved,,,,,,,0,0,69.443954780416533
150.00000000000003,400,100,0,0,32.15038697843579,,,,,position_unresolved,,,,,,,0,0,69.443954780416533
150.00000000000003,400,150.00000000000003,0,0,35.504689305991064,,,,,position_unresolved,,,,,,,0,0,69.443954780416533
150.00000000000003,400,200,0,0,44.610204196366311,,,,,position_unresolved,,,,,,,0,0,69.443954780416533
150.00000000000003,450,-100,0,0,119.05514407757909,,,,,position_unresolved,,,,,,,0,0,71.56505117707799
150.00000000000003,450,-50,0,0,101.95664109534013,,,,,position_unresolved,,,,,,,0,0,71.56505117707799
150.00000000000003,450,0,0,0,89.475025365522924,,,,,position_unresolved,,,,,,,0,0,71.56505117707799
150.00000000000003,450,50,0,0,81.975950762826798,,,,,position_unresolved,,,,,,,0,0,71.56505117707799
150.00000000000003,450,100,0,0,79.697620559101566,,,,,position_unresolved,,,,,,,0,0,71.56505117707799
200,-400,-200,0,0,141.72639726061982,,,,,position_unresolved,,,,,,,0,0,-63.43494882292201
200,-400,-150.00000000000003,0,0,115.06941223512015,,,,,position_unresolved,,,,,,,0,0,-63.43494882292201
200,-400,-100,0,0,92.690241787034552,,,,,position_unresolved,,,,,,,0,0,-63.43494882292201
200,-400,-50,0,0,74.624580536723784,,,,,position_unresolved,,,,,,,0,0,-63.43494882292201
200,-400,0,0,0,61.38948926782102,,,,,position_unresolved,,,,,,,0,0,-63.43494882292201
200,-400,50,0,0,53.41675260952973,,,,,position_unresolved,,,,,,,0,0,-63.43494882292201
200,-400,100,0,0,50.991232944727024,,,,,position_unresolved,,,,,,,0,0,-63.43494882292201
200,-400,150.00000000000003,0,0,54.203605106697168,,,,,position_unresolved,,,,,,,0,0,-63.43494882292201
200,-400,200,0,0,62.934191265650263,,,,,position_unresolved,,,,,,,0,0,-63.43494882292201
200,-350.00000000000006,-250,0,0,139.6548292878806,,,,,position_unresolved,,,,,,,0,0,-60.255118703057789
200,-350.00000000000006,-200,0,0,106.26846101278215,,,,,position_unresolved,,,,,,,0,0,-60.255118703057789
200,-350.00000000000006,-150.00000000000003,0,0,76.786863017765853,,,,,position_unresolved,,,,,,,0,0,-60.255118703057789
200,-350.00000000000006,-100,0,0,52.233854753898491,,,,,position_unresolved,,,,,,,0,0,-60.255118703057789
200,-350.00000000000006,-50,0,0,32.445687190222749,,,,,position_unresolved,,,,,,,0,0,-60.255118703057789
200,-350.00000000000006,0,0,0,17.847465444021019,,,,,position_unresolved,,,,,,,0,0,-60.255118703057789
200,-350.00000000000006,50,0,0,9.0078124237075059,,,,,position_unresolved,,,,,,,0,0,-60.255118703057789
200,-350.00000000000006,100,0,0,6.3112759537538645,,,,,position_unresolved,,,,,,,0,0,-60.255118703057789
200,-350.00000000000006,150.00000000000003,0,0,9.8818404467829737,,,,,position_unresolved,,,,,,,0,0,-60.255118703057789
200,-350.00000000000006,200,0,0,19.556025409443912,,,,,position_unresolved,,,,,,,0,0,-60.255118703057789
200,-350.00000000000006,250,0,0,34.918125935020491,,,,,position_unresolved,,,,,,,0,0,-60.255118703057789
200,-300.00000000000006,-300.00000000000006,0,0,150.55687555442964,,,,,position_unresolved,,,,,,,0,0,-56.309932474020222
200,-300.00000000000006,-250,0,0,110.00633972403858,,,,,position_unresolved,,,,,,,0,0,-56.309932474020222
200,-300.00000000000006,-200,0,0,74.01186658004697,,,,,position_unresolved,,,,,,,0,0,-56.309932474020222
200,-300.00000000000006,-150.00000000000003,0,0,41.374333026481729,,,,,position_unresolved,,,,,,,0,0,-56.309932474020222
200,-300.00000000000006,-100,0,0,13.915114561064495,,,,,position_unresolved,,,,,,,0,0,-56.309932474020222
200,-300.00000000000006,-50,1,0,0.00023264655422080839,,10.207297752672019,57.136374025220903,0.00023264655422080839,orientation_unresolved,-0.8662527421245092,1.8212451700654166,0.10381743544599452,-1.0584861079203727,0.36885675155515729,0.31582387068414303,0,0,-56.309932474020222
200,-300.00000000000006,0,1,1,0.00011553396289119972,0.045304909091001225,21.110637703860526,3.918769620962593e-05,0.0005265354379347455,pose_found,-1.0349128182746445,1.7164169427771396,0.70434524696586143,-0.06932722049901513,-0.85115752559190971,0.045735854741780962,0,0,-56.309932474020222
200,-300.00000000000006,50,1,1,0.00011604999973055928,0.067911342148028922,29.557940919607685,6.8128304713911889e-06,0.00030736381460441323,pose_found,-1.0349129376377819,1.3273948049746742,1.0631186369314096,-0.071246878907018529,-0.82098401431432289,0.048598861896423505,0,0,-56.309932474020222
200,-300.00000000000006,100,1,1,6.6391249645306836e-05,0.071709750807692971,0.5747132158328222,9.9697630858231585e-05,0.00034151258986650767,pose_found,-1.0349103080702513,2.0748364400341539,-1.1557965025771397,0.085782209236157106,0.65353402326766852,-0.068167447781746326,0,0,-56.309932474020222
200,-300.00000000000006,150.00000000000003,1,1,0.00011739312830911734,0.066049762908873932,18.259242400470054,1.0324984931711637e-05,0.00034493646013403553,pose_found,-1.0349129291867902,1.766183179097206,-1.0319352223322069,0.070158057957356759,0.837773158010793,-0.04698666281002694,0,0,-56.309932474020222
200,-300.00000000000006,200,1,1,0.00014517688818980987,0.039616413689468499,29.557945769376708,3.7745074732305392e-05,0.00046807290483562563,pose_found,-1.0349128529933445,1.3566138563809345,-0.61624033940163359,0.070548003400689313,0.8316622645305517,-0.047567578067785589,0,0,-56.309932474020222
200,-300.00000000000006,250,1,0,0.00029675349385143151,,0,107.10268602614877,0.00029675349385143151,orientation_unresolved,-1.1141169203951256,1.3256056763194233,-0.19569617255191646,-1.2366370614359172,-0.23968395887508728,-0.49488677323395197,0,0,-56.309932474020222
200,-300.00000000000006,300.00000000000006,0,0,17.357992452700739,,,,,position_unresolved,,,,,,,0,0,-56.309932474020222
200,-250,-350.00000000000006,0,0,171.24340434451841,,,,,position_unresolved,,,,,,,0,0,-51.340191745909912
200,-250,-300.00000000000006,0,0,126.40658003535243,,,,,position_unresolved,,,,,,,0,0,-51.340191745909912
200,-250,-250,0,0,85.949810308580311,,,,,position_unresolved,,,,,,,0,0,-51.340191745909912
200,-250,-200,0,0,45.23419117323909,,,,,position_unresolved,,,,,,,0,0,-51.340191745909912
200,-250,-150.00000000000003,0,0,9.809495513354797,,,,,position_unresolved,,,,,,,0,0,-51.340191745909912
200,-250,-100,1,0,0.00018035253156698338,,14.764198408684388,38.784585228151798,0.00018035253156698338,orientation_unresolved,-1.0011285700665988,1.8271832042559115,0.83260305160405212,-0.24562707998680511,-0.63607001407861985,0.63573449064066023,0,0,-51.340191745909912
200,-250,-50,1,1,6.8085130618480654e-05,0.05190615448164259,6.4185868116905587,5.4138041163964309e-05,0.00044364039286723053,pose_found,-0.95837743794468266,1.9728416047160759,0.81358890449727583,-0.066458567104221281,-1.2163531857495202,0.023095493772070784,0,0,-51.340191745909912
200,-250,0,1,1,3.8238873391735218e-05,0.085485469922122262,13.535299741905865,4.064026166729891e-05,0.00045646145412023959,pose_found,-0.95837742012067528,1.5338923902749619,1.3509557644223766,-0.064428225965463146,-1.3145607810543005,0.016349854451039088,0,0,-51.340191745909912
200,-250,50,1,1,5.0788368818077684e-05,0.10078074654146965,19.812714479902784,9.9827211921660523e-06,6.5197332511107061e-05,pose_found,-0.95837793545874983,1.146410984228647,1.6286394555262584,-0.066744523967151762,-1.2049992253630371,0.023905074634843267,0,0,-51.340191745909912
200,-250,100,1,1,7.5081970388388467e-05,0.094323983642548639,23.161671943451193,2.3830478149768301e-05,7.5081970388388467e-05,pose_found,-0.95837844960411145,0.7895357187178742,1.7120355687610425,-0.077646361025552751,-0.93221966788955268,0.04634144930756201,0,0,-51.340191745909912
200,-250,150.00000000000003,1,1,6.1158974283808605e-05,0.05845581899047838,29.489045862933249,0.00010644629546255601,0.00029749201954336004,pose_found,-0.95837366567957516,0.51612827345526391,1.601602060861262,-0.11940751806069182,-0.55011379128216242,0.10192268295154032,0,0,-51.340191745909912
200,-250,200,1,1,3.6492954040865889e-05,0.082102074913866938,14.643590758513595,1.2874257026326645e-05,0.00013301691035651794,pose_found,-0.95837771167528374,1.5513631366893155,-1.2952174537442205,0.064418612603005257,1.3151592748754526,-0.016310152085140861,0,0,-51.340191745909912
200,-250,250,1,1,7.2015639251205471e-05,0.044336499250703876,33.943101036135808,5.3746512156235414e-05,0.00042516482397556937,pose_found,-0.95837745537722796,1.0920614280772742,-0.69519987276695927,0.067558604964118391,1.174747331384965,-0.026096231248075027,0,0,-51.340191745909912
200,-250,300.00000000000006,1,0,0.00013535929822299913,,29.544680159566383,45.509766762895779,0.00013535929822299913,orientation_unresolved,-0.90259812179275845,0.54651908075312483,0.61859767789746123,-0.72098511620284023,0.068334720298103793,3.2354705656698785e-18,0,0,-51.340191745909912
200,-250,350.00000000000006,0,0,11.62420443882899,,,,,position_unresolved,,,,,,,0,0,-51.340191745909912
200,-200,-400,0,0,200.35258635850394,,,,,position_unresolved,,,,,,,0,0,-45
200,-200,-350.00000000000006,0,0,154.2983345833826,,,,,position_unresolved,,,,,,,0,0,-45
200,-200,-300.00000000000006,0,0,110.82989930379875,,,,,position_unresolved,,,,,,,0,0,-45
200,-200,-250,0,0,63.894445997590132,,,,,position_unresolved,,,,,,,0,0,-45
200,-200,-200,0,0,21.462748383138511,,,,,position_unresolved,,,,,,,0,0,-45
200,-200,-150.00000000000003,1,0,0.00017462390597136162,,5.6969801108979965,38.614493562945142,0.00017462390597136162,orientation_unresolved,-0.90216182581008963,1.9854360175493597,0.84754351027976937,-0.24855351377556642,-0.6294884788342423,0.32231887352594946,0,0,-45
200,-200,-100,1,0,3.9089282573228215e-05,,13.911948742114173,71.787604556967224,3.9089282573228215e-05,orientation_unresolved,-0.78605050760195772,1.8420577669865856,-0.18366621268297517,-0.055652959666709995,1.1654014723926107,0.067686760299549009,0,0,-45
200,-200,-50,1,0,2.8249637694888838e-05,,27.17765448849563,73.239419908941954,2.8249637694888838e-05,orientation_unresolved,-0.7789321249694825,1.6105275241114974,-0.17123630700115094,-0.064002607360587743,1.4099065683854244,0.067686760299549023,0,0,-45
200,-200,0,1,0,3.9300393760132871e-05,,8.8903314061465579,91.105548462125554,3.9300393760132871e-05,orientation_unresolved,-1.3474778343237666,1.4179226390893742,1.4175661892055578,-1.0814715068052025,-1.3226750394198463,-1.2370274017815988,0,0,-45
200,-200,50,1,1,2.1605907196351912e-05,0.10079375609764835,0.25555749173431114,8.5150165982279986e-05,0.00031891486928941194,pose_found,-0.86111562676711673,1.0843468713142312,2.0327157754377154,-0.075741517793238067,-1.5463360071359946,0.0018560008126171164,0,0,-45
200,-200,100,1,0,6.6802579190409489e-05,,37.012916208540567,51.807334189833526,6.6802579190409489e-05,orientation_unresolved,-0.65909057814455252,0.34441177162392161,1.4317116193031063,-0.59063980783210823,0.49488723112829952,-7.8165153735041157e-17,0,0,-45
200,-200,150.00000000000003,1,1,3.1480881368003608e-05,0.058917373049011054,6.504217301585574,9.3102335291328045e-05,0.00030089895456595554,pose_found,-0.86110619614724759,0.25693501085648079,2.0027629972632104,-0.11875989530741241,-0.6923728972019304,0.091588530680172253,0,0,-45
200,-200,200,1,1,4.0326621109856255e-05,0.018254759366869152,24.606757851526858,0.00011120597311621603,0.00034129664659394841,pose_found,-0.86110576808967065,0.077780227679921099,1.6868140616909499,-0.3751936400817158,-0.20788781779692986,0.36783124147312135,0,0,-45
200,-200,250,1,1,3.1937731737951383e-05,0.07483018529434822,21.19218130363808,4.430261283664946e-05,0.00031426814398372808,pose_found,-0.86111116672579757,1.1644315250425268,-1.1809229873668279,0.075723235728577615,1.5872397663845248,0.001247548999246204,0,0,-45
200,-200,300.00000000000006,1,0,5.570538776682023e-05,,4.5231588303520214,162.57988837977021,5.570538776682023e-05,orientation_unresolved,-0.4346412313350419,1.296643502241716,-0.24396969337481861,0.90329498497115168,-0.92915275732444591,1.4718523126145981,0,0,-45
200,-200,350.00000000000006,1,0,9.1516118377234362e-05,,2.1929908316300337,106.84891042122729,9.1516118377234362e-05,orientation_unresolved,-0.79340397349589653,1.1135192232660642,-0.086716915428090707,0.073315979192692018,-0.55660989955498363,1.5125214163169038,0,0,-45
200,-200,400,0,0,18.214185971112158,,,,,position_unresolved,,,,,,,0,0,-45
200,-150.00000000000003,-400,0,0,189.95754542094963,,,,,position_unresolved,,,,,,,0,0,-36.869897645844027
200,-150.00000000000003,-350.00000000000006,0,0,141.42203964686911,,,,,position_unresolved,,,,,,,0,0,-36.869897645844027
200,-150.00000000000003,-300.00000000000006,0,0,94.166262326594392,,,,,position_unresolved,,,,,,,0,0,-36.869897645844027
200,-150.00000000000003,-250,0,0,48.048343640859919,,,,,position_unresolved,,,,,,,0,0,-36.869897645844027
200,-150.00000000000003,-200,0,0,3.9654728349593009,,,,,position_unresolved,,,,,,,0,0,-36.869897645844027
200,-150.00000000000003,-150.00000000000003,1,0,6.3073425532226383e-05,,24.479197842945634,71.976745644344604,6.3073425532226383e-05,orientation_unresolved,-0.63794253140601742,1.6576244772986664,0.81654296455858943,-0.15631271028630112,0.34418648267103746,1.066094948689249e-17,0,0,-36.869897645844027
200,-150.00000000000003,-100,1,0,0.0001549381181583131,,5.3194076810162301,126.36477942870204,0.0001549381181583131,orientation_unresolved,-0.36721386626619057,1.992025899615552,-0.41320487632100095,-0.46405480296655621,1.4917966222087702,-1.2072997748086276,0,0,-36.869897645844027
200,-150.00000000000003,-50,1,0,3.9868900694871305e-05,,32.943417220558402,70.205119286074066,3.9868900694871305e-05,orientation_unresolved,-0.59429976674286678,0.90566517704783922,1.5413119070841166,-0.51605332235385126,0.23941111871745288,2.5246975073693469e-17,0,0,-36.869897645844027
200,-150.00000000000003,0,1,0,4.3044298150827848e-05,,53.741086632350104,70.802834773635297,4.3044298150827848e-05,orientation_unresolved,-0.61283742146087583,0.77259112021510956,1.1178267046625983,-0.11360150525718743,0.91211711180369215,2.9610126517256039e-17,0,0,-36.869897645844027
200,-150.00000000000003,50,1,0,3.8469138284142614e-05,,28.716825603013461,60.254337515406093,3.8469138284142614e-05,orientation_unresolved,-0.51120859215939674,0.34725196889378646,1.6150798469474688,-0.47101407910214438,0.55484427317600893,1.179726511849532e-17,0,0,-36.869897645844027
200,-150.00000000000003,100,1,0,2.081777213679271e-05,,53.588103903010413,53.192408130111467,2.081777213679271e-05,orientation_unresolved,-0.61550747378654069,0.31959160978482992,1.1084014048322237,-0.097973393375631934,1.0677348771360173,3.8561820502699378e-17,0,0,-36.869897645844027
200,-150.00000000000003,150.00000000000003,1,0,2.9228610533748044e-05,,36.107503450176743,40.923737323693089,2.9228610533748044e-05,orientation_unresolved,-0.4881328377528919,-0.012552928713900641,1.4860881845602631,-0.44356662125392082,0.68855407914020206,-4.5476303386270419e-18,0,0,-36.869897645844027
200,-150.00000000000003,200,1,1,7.4692038722141442e-05,0.013666683834912451,9.8361515017323562,0.00010061191860953041,0.0003489047157397391,pose_found,-0.7356728657981666,-0.20056454417782718,1.9446097750108453,-0.4922028078141264,-0.19602458610028486,0.4841927047834591,0,0,-36.869897645844027
200,-150.00000000000003,250,1,1,3.1126237468620302e-05,0.069353106792509958,6.3619669101953749,5.4230495218272416e-05,0.00021652724209240165,pose_found,-0.73567017194925399,1.116530406820585,-1.4397590573090568,0.097172900520363162,1.892603453640787,0.030821383134862254,0,0,-36.869897645844027
200,-150.00000000000003,300.00000000000006,1,1,7.5688006485273999e-05,0.039129188804018146,31.447334961706858,4.7634317195188218e-05,0.00028093503868191201,pose_found,-0.73566534375751869,0.64533529632054176,-0.61039900820354909,0.092220153270360206,1.5360075418458519,-0.0032166094009286597,0,0,-36.869897645844027
200,-150.00000000000003,350.00000000000006,1,0,0.00010612477520073549,,22.950686575999256,68.646626574485268,0.00010612477520073549,orientation_unresolved,-0.49596884119629536,1.3688275932328609,-1.1502312804504458,-0.59356906077459126,0.48607387895430904,-0.46045543122450822,0,0,-36.869897645844027
200,-150.00000000000003,400,1,0,0.00038771591933140908,,28.108924615278926,98.972176873532334,0.00038771591933140908,orientation_unresolved,-0.77312312998145072,0.79104202374188215,-0.30613987740783322,0.62912785734881993,0.25299295101801633,1.0602030430633989,0,0,-36.869897645844027
200,-100,-400,0,0,181.7156054615069,,,,,position_unresolved,,,,,,,0,0,-26.56505117707799
200,-100,-350.00000000000006,0,0,133.23264610011114,,,,,position_unresolved,,,,,,,0,0,-26.56505117707799
200,-100,-300.00000000000006,0,0,84.865545282608508,,,,,position_unresolved,,,,,,,0,0,-26.56505117707799
200,-100,-250,0,0,37.958054091378543,,,,,position_unresolved,,,,,,,0,0,-26.56505117707799
200,-100,-200,1,0,0.00010484322893422986,,4.1058497659080722,72.173972733723829,0.00010484322893422986,orientation_unresolved,-0.32764241926503557,2.0132064808978272,0.64208067902162835,-0.90187672013843945,0.27143950162975644,0.87071585327043632,0,0,-26.56505117707799
200,-100,-150.00000000000003,1,0,5.8587472919382915e-05,,21.74477454363031,85.77788274151105,5.8587472919382915e-05,orientation_unresolved,-0.36489696053649889,1.7053491670149652,0.59780940777416747,-0.23127172666147874,0.78500743085241775,0.23548708398509224,0,0,-26.56505117707799
200,-100,-100,1,0,3.3471375031243059e-05,,3.6339821811882209,122.90950254285859,3.3471375031243059e-05,orientation_unresolved,-0.54499105079547183,1.1682089921242358,1.4231529740643722,0.26416858961556422,0.28545443825699512,1.4873713727743569,0,0,-26.56505117707799
200,-100,-50,1,0,6.6894583801773919e-05,,6.0543945529575227,54.217230364501063,6.6894583801773919e-05,orientation_unresolved,-0.92161065489095073,0.96801523015764235,2.0106138852771407,-1.0205502960578567,-0.70065341821742555,0.7762070483503527,0,0,-26.56505117707799
200,-100,0,1,0,2.4028297061630067e-05,,52.137148965438314,77.891175314543389,2.4028297061630067e-05,orientation_unresolved,-0.43317994680995958,0.69208344456569737,1.2063180923914059,-0.085154387521659991,1.0300295957243453,-2.0542622217254782e-17,0,0,-26.56505117707799
200,-100,50,1,0,2.1693165926292753e-05,,0.9101566853757187,95.28072595235524,2.1693165926292753e-05,orientation_unresolved,0.12254466428709061,1.4650522048132608,-0.25347505982713986,-1.0280017455625248,2.068981847036317,-0.035851898656441443,0,0,-26.56505117707799
200,-100,100,1,0,4.0144234910848017e-05,,6.2936262277943191,58.135745209212949,4.0144234910848017e-05,orientation_unresolved,0.23559587952044,0.34236794260632053,1.571061064834316,-1.1267925618710357,1.2930729273440138,1.0667140631161964,0,0,-26.56505117707799
200,-100,150.00000000000003,1,0,3.0080903136454792e-05,,1.8811507300684429,80.038434365244868,3.0080903136454792e-05,orientation_unresolved,-1.1695786579724157,1.0262223729904212,-0.3410860860570103,1.1954650095033068,2.052034803939172,0.48426413860359313,0,0,-26.56505117707799
200,-100,200,1,1,3.3739798932741195e-05,0.0072627494379879989,0.88633065760875107,0.13719407154690691,0.53026242933721746,pose_near_singular,-0.55421571239795131,-0.44510472094050191,2.1008136162044204,-0.80073887427788226,-0.12350374296906037,0.79699053402929199,0,0,-26.56505117707799
200,-100,250,1,1,7.8305557133631753e-06,0.017816998164539775,30.883293315666752,9.9237583614264621e-05,0.00039301469886115153,pose_found,-0.56979552364723829,-0.38418107944746155,1.5772678522235184,0.28125760337872269,0.39165120521031205,-0.26095064683456082,0,0,-26.56505117707799
200,-100,300.00000000000006,1,1,8.8858778212314287e-05,0.03566842887283167,56.208425260709646,5.8912247103492901e-05,0.00024698271362696495,pose_found,-0.56977423863436105,-0.12890346708800518,0.8199011654992866,0.13736505168376686,0.88444262065823165,-0.087379649246192223,0,0,-26.56505117707799
200,-100,350.00000000000006,1,0,6.5121295693120599e-05,,62.311886912044329,16.131633809547182,6.5121295693120599e-05,orientation_unresolved,-0.4632487370493607,-0.031914662898318055,0.65074549784003899,-0.053677797730509381,0.67549015843224491,1.9928536751925194e-17,0,0,-26.56505117707799
200,-100,400,1,0,0.00012454032283441333,,50.269345109890438,45.22654002856607,0.00012454032283441333,orientation_unresolved,-0.46538103722279794,0.1346330979715879,0.64226740442199726,-0.3592714764470184,0.087582961399307602,-2.3771536722893208e-17,0,0,-26.56505117707799
200,-50,-400,0,0,177.76905465397161,,,,,position_unresolved,,,,,,,0,0,-14.036243467926477
200,-50,-350.00000000000006,0,0,129.18858466487433,,,,,position_unresolved,,,,,,,0,0,-14.036243467926477
200,-50,-300.00000000000006,0,0,80.481681376825748,,,,,position_unresolved,,,,,,,0,0,-14.036243467926477
200,-50,-250,0,0,33.190943375437449,,,,,position_unresolved,,,,,,,0,0,-14.036243467926477
200,-50,-200,1,0,7.9403615135993221e-05,,9.1669700768761384,78.144311253566315,7.9403615135993221e-05,orientation_unresolved,-0.24550072546915178,1.9248732676318752,0.77739180595530433,-0.075681481069048595,0.23065461500100543,9.5163365529246541e-18,0,0,-14.036243467926477
200,-50,-150.00000000000003,1,0,3.8098735862018855e-05,,23.522602319576485,91.326527636549613,3.8098735862018855e-05,orientation_unresolved,-0.16343410269773645,1.6743202187912964,0.66123021951088612,-0.15501984133736968,0.84368899221530569,0.23548708398509224,0,0,-14.036243467926477
200,-50,-100,1,0,5.5321911431658947e-05,,48.530283139679042,88.626900299273387,5.5321911431658947e-05,orientation_unresolved,-0.22779801182263415,1.237853850192671,1.1293283974985793,-0.056498678753031585,0.74953553436524745,-3.773954511518561e-18,0,0,-14.036243467926477
200,-50,-50,1,0,5.8526088452623435e-05,,19.796555811472022,73.516323382476259,5.8526088452623435e-05,orientation_unresolved,-0.20837092792336756,0.73376870145079875,1.7707679249760551,-0.18872025101566975,0.33517185812377331,-2.8607578079605773e-19,0,0,-14.036243467926477
200,-50,0,1,0,3.3395961396477322e-05,,2.7908061380835125,171.86696482595565,3.3395961396477322e-05,orientation_unresolved,0.62584452464347951,1.4114702947604505,1.1750339878064238,-1.1879283055414924,1.6042035099823793,-0.45237762274390403,0,0,-14.036243467926477
200,-50,50,1,0,6.5797397343645352e-05,,20.202597926836845,60.802217544206101,6.5797397343645352e-05,orientation_unresolved,-0.16815818847890968,0.10081793486499784,1.7636811531611762,-0.16050681582339257,0.75671822820414858,-2.4870081978925295e-18,0,0,-14.036243467926477
200,-50,100,1,0,3.0746183270461409e-05,,5.3685583761259661,103.4616849633326,3.0746183270461409e-05,orientation_unresolved,0.60083840054819715,0.58771028973572614,1.4039501009529611,-1.142938041686999,1.6371919410842344,0.29413244504597591,0,0,-14.036243467926477
200,-50,150.00000000000003,1,0,2.5141436749192857e-05,,29.847719272401434,36.540410145997981,2.5141436749192857e-05,orientation_unresolved,-0.1631470046907256,-0.31010769869786986,1.5953420289266884,-0.14676978974171967,0.91261580482572324,-7.490904260868618e-18,0,0,-14.036243467926477
200,-50,200,1,0,5.4428604924098106e-05,,27.699259441661166,34.787344083596281,5.4428604924098106e-05,orientation_unresolved,0.31363848199592109,-0.22505369309466608,1.2593842951891971,-0.75319378381480373,1.2525077525651493,0.32170195118354922,0,0,-14.036243467926477
200,-50,250,1,1,3.4950983456983435e-05,0.013589073337178466,27.491487965755248,0.00013147135109307614,0.00057202251072394409,pose_found,-0.3356710280791943,-0.52091363815158587,1.6364660231662325,0.20396476562521912,0.46356864276131543,-0.18294302101587687,0,0,-14.036243467926477
200,-50,300.00000000000006,1,1,0.00013824097186815743,0.029831964658448423,10.430265738730494,7.1540337575418827e-05,0.00033080794505864101,pose_found,-0.33562516229553435,0.56459311714975802,-0.89804310257583198,0.095897693216617119,1.9028245989063557,0.031344797437945209,0,0,-14.036243467926477
200,-50,350.00000000000006,1,0,3.8162408632728591e-05,,69.24611195133059,15.003772637544769,3.8162408632728591e-05,orientation_unresolved,-0.24385517939363585,-0.14124963419959191,0.69534340564888375,-0.028064413680602932,0.75624528151018378,-2.2940166774280767e-17,0,0,-14.036243467926477
200,-50,400,1,0,6.2299785699855879e-05,,69.323939813201889,33.404500989339212,6.2299785699855879e-05,orientation_unresolved,-0.25002074607114255,0.050026578564893273,0.47769020972990928,-0.026706061241161535,0.46083700075081513,-3.9040109568262045e-18,0,0,-14.036243467926477
200,0,-400,0,0,176.82480324627829,,,,,position_unresolved,,,,,,,0,0,0
200,0,-350.00000000000006,0,0,135.75712020007268,,,,,position_unresolved,,,,,,,0,0,0
200,0,-300.00000000000006,0,0,78.341269209688591,,,,,position_unresolved,,,,,,,0,0,0
200,0,-250,0,0,29.834295307444457,,,,,position_unresolved,,,,,,,0,0,0
200,0,-200,1,0,7.2934073690712905e-05,,10.633051601613321,76.049057516309858,7.2934073690712905e-05,orientation_unresolved,-0.096093610482059069,1.8992853179225526,0.93076028413079959,0.97536838737434839,0.13447998259113786,-1.0873059221593258,0,0,0
200,0,-150.00000000000003,1,0,4.8017160135229781e-05,,30.956494296975514,87.621166115778266,4.8017160135229781e-05,orientation_unresolved,0,1.5445743275480914,1.0166831851374603,0,0.53881665726656658,0,0,0,0
200,0,-100,1,0,4.8926780717356918e-05,,49.01611964398861,90.376989217144725,4.8926780717356918e-05,orientation_unresolved,0,1.2293744035660894,1.1491214748998471,0,0.76967647820754825,0,0,0,0
200,0,-50,1,0,3.6475863778956346e-05,,14.415227632907012,122.77240714504072,3.6475863778956346e-05,orientation_unresolved,0.60529539735958526,1.02740162681185,1.5534511138308504,-0.98504387681722139,0.91079095959153988,0.011440546774708349,0,0,0
200,0,0,1,0,3.5887819709776873e-05,,17.191883469957865,90.636544757758841,3.5887819709776873e-05,orientation_unresolved,-0.66752661727835694,0.74330039643880685,1.6247547898048722,0.93658209026596484,1.0953334621654909,-0.67116006154066332,0,0,0
200,0,50,1,0,4.4588596873197237e-05,,16.510534684441829,83.429164546498342,4.4588596873197237e-05,orientation_unresolved,-0.74024067646834091,0.49170952187085198,1.6285082833723992,0.94847386992768434,1.2882324156460663,-0.67116006154066332,0,0,0
200,0,100,1,0,5.9096099702968224e-05,,33.875847806737269,104.48244519793911,5.9096099702968224e-05,orientation_unresolved,-0.46568692286989061,0.24103544612789654,1.1628125069444353,0.54808255373753922,1.4936219967730964,0.75744506865792127,0,0,0
200,0,150.00000000000003,1,0,9.7600136697816167e-05,,43.399887488806904,47.469670845840369,9.7600136697816167e-05,orientation_unresolved,0,-0.10997514266516047,1.1818773743275455,0,1.3273961462303874,0,0,0,0
200,0,200,1,0,2.1592112114621439e-05,,46.78846415207191,31.738470029170411,2.1592112114621439e-05,orientation_unresolved,0,-0.23733204367450253,1.0938148455237937,0,1.2682543265001698,0,0,0,0
200,0,250,1,1,1.0355115428661504e-05,0.011270791480239118,26.642581388943604,6.1076804722011245e-05,0.00024614718636633426,pose_found,0,-0.56878385079689819,1.6512822379734298,0,0.48829900560970396,0,0,0,0
200,0,300.00000000000006,1,1,4.5691919657699149e-05,0.023487005333333099,7.9205375180917876,7.0783401412487671e-05,0.00033253280077263431,pose_found,2.091066444856271e-05,0.54097283365497861,-0.91680412663890987,-2.3807361217667859e-05,1.9466276196867198,-8.7695657417729379e-06,0,0,0
200,0,350.00000000000006,1,0,3.2444141247425543e-05,,70.854084409738348,14.734109674427852,3.2444141247425543e-05,orientation_unresolved,0,-0.17853815761260886,0.70894480719400355,0,0.78323095104478613,0,0,0,0
200,0,400,1,0,0.00010418944167653255,,70.854084409738348,38.592541446750012,0.00010418944167653255,orientation_unresolved,0,-0.065378618022850332,0.78773759072785643,0,0.17487043913172698,0,0,0,0
200,50,-400,0,0,178.42625365993234,,,,,position_unresolved,,,,,,,0,0,14.036243467926477
200,50,-350.00000000000006,0,0,131.08961544889277,,,,,position_unresolved,,,,,,,0,0,14.036243467926477
200,50,-300.00000000000006,0,0,80.025744672845093,,,,,position_unresolved,,,,,,,0,0,14.036243467926477
200,50,-250,0,0,31.5842368698565,,,,,position_unresolved,,,,,,,0,0,14.036243467926477
200,50,-200,1,0,7.9403615135993221e-05,,9.1669700768761384,78.144311253566315,7.9403615135993221e-05,orientation_unresolved,0.24550072546915178,1.9248732676318752,0.77739180595530433,0.075681481069048595,0.23065461500100543,-9.5163365529246541e-18,0,0,14.036243467926477
200,50,-150.00000000000003,1,0,6.2230040273931331e-05,,30.442830979894413,85.848825969131241,6.2230040273931331e-05,orientation_unresolved,0.2332950471308477,1.5535394436778722,0.99532447120368683,0.064345420841384407,0.51900089683378559,-9.8740622677472696e-18,0,0,14.036243467926477
200,50,-100,1,0,5.5321911431658947e-05,,48.530283139679042,88.626900299273387,5.5321911431658947e-05,orientation_unresolved,0.22779801182263415,1.237853850192671,1.1293283974985793,0.056498678753031585,0.74953553436524745,3.773954511518561e-18,0,0,14.036243467926477
200,50,-50,1,0,3.1930235576957858e-05,,18.138069201190806,114.70351818658341,3.1930235576957858e-05,orientation_unresolved,0.78027668603972278,0.98543283777216506,1.5269311409249173,-0.92006803392055991,0.84512691602107881,0.011440546774708356,0,0,14.036243467926477
200,50,0,1,0,3.3191471825204789e-05,,11.772580450685492,94.336683429498549,3.3191471825204789e-05,orientation_unresolved,-0.43957293656890295,0.81133930106501972,1.6137364986867628,1.0311667711155375,1.1162096106833308,-0.67116006154066332,0,0,14.036243467926477
200,50,50,1,0,6.5797397343645352e-05,,20.202597926836845,60.802217544206101,6.5797397343645352e-05,orientation_unresolved,0.16815818847890968,0.10081793486499784,1.7636811531611762,0.16050681582339257,0.75671822820414858,2.4870081978925295e-18,0,0,14.036243467926477
200,50,100,1,0,4.232544722896677e-05,,19.94772142064215,65.918690164800253,4.232544722896677e-05,orientation_unresolved,0.79129410299335479,-0.069087726519069692,1.7681295873802534,-0.79512197876681023,1.0152835354638576,0.22348413663480429,0,0,14.036243467926477
200,50,150.00000000000003,1,0,2.5141436749192857e-05,,29.847719272401434,36.540410145997981,2.5141436749192857e-05,orientation_unresolved,0.1631470046907256,-0.31010769869786986,1.5953420289266884,0.14676978974171967,0.91261580482572324,7.490904260868618e-18,0,0,14.036243467926477
200,50,200,1,0,2.2850725114210643e-05,,9.7649815289003712,47.607654211677229,2.2850725114210643e-05,orientation_unresolved,0.061053961245601904,0.2881141215041107,0.13464931657260207,0.25393583931241054,1.9144359988294202,-0.42718828920587143,0,0,14.036243467926477
200,50,250,1,1,2.753793976626557e-05,0.013589005110439928,27.49149393501564,0.00010247008694958824,0.00044584010634108462,pose_found,0.33566456662834548,-0.5209136766064475,1.6364659189829847,-0.20394937505584332,0.46356754699925529,0.18292922450388505,0,0,14.036243467926477
200,50,300.00000000000006,1,1,7.4744879873122307e-05,0.029831968660351624,10.430269379513028,6.4513899900647852e-05,0.00029831722414220202,pose_found,0.33562679013868579,0.56459312580901833,-0.89804310315153102,-0.095899543571187462,1.9028245353627131,-0.031345403342100134,0,0,14.036243467926477
200,50,350.00000000000006,1,0,3.8162408632728591e-05,,69.24611195133059,15.003772637544769,3.8162408632728591e-05,orientation_unresolved,0.24385517939363585,-0.14124963419959191,0.69534340564888375,0.028064413680602932,0.75624528151018378,2.2940166774280767e-17,0,0,14.036243467926477
200,50,400,1,0,6.2299785699855879e-05,,69.323939813201889,33.404500989339212,6.2299785699855879e-05,orientation_unresolved,0.25002074607114255,0.050026578564893273,0.47769020972990928,0.026706061241161535,0.46083700075081513,3.9040109568262045e-18,0,0,14.036243467926477
200,100,-400,0,0,182.70408516596012,,,,,position_unresolved,,,,,,,0,0,26.56505117707799
200,100,-350.00000000000006,0,0,134.37885003680591,,,,,position_unresolved,,,,,,,0,0,26.56505117707799
200,100,-300.00000000000006,0,0,88.210868539503736,,,,,position_unresolved,,,,,,,0,0,26.56505117707799
200,100,-250,0,0,37.958054091378543,,,,,position_unresolved,,,,,,,0,0,26.56505117707799
200,100,-200,1,0,0.00015689187675800369,,0.67583566038986853,91.602034123911849,0.00015689187675800369,orientation_unresolved,0.3683547627414786,2.073071520428968,0.94267160202691014,-0.34080187701942299,-0.49073156910944404,1.4938924008657479,0,0,26.56505117707799
200,100,-150.00000000000003,1,0,5.1495446981148167e-05,,8.7150886943665071,85.655840312622516,5.1495446981148167e-05,orientation_unresolved,0.78810936460690617,1.9327600855851321,0.16695204957094995,-0.44763109010991869,1.1029594733184671,0.56382455808803789,0,0,26.56505117707799
200,100,-100,1,0,4.0824609938992441e-05,,18.594696675636989,106.85833704780306,4.0824609938992441e-05,orientation_unresolved,0.47327289935202227,1.1464341197856107,1.6019319059695287,0.91209838103640772,0.025818366211247393,0.6136947585695175,0,0,26.56505117707799
200,100,-50,1,0,8.843977512805282e-05,,48.414274581678001,98.673487832200124,8.843977512805282e-05,orientation_unresolved,0.43522820602489726,1.1395991116138369,0.78534929144707566,0.075270437354853018,1.2054346373286262,0.70580783038001516,0,0,26.56505117707799
200,100,0,1,0,2.4028297061630067e-05,,52.137148965438314,77.891175314543389,2.4028297061630067e-05,orientation_unresolved,0.43317994680995958,0.69208344456569737,1.2063180923914059,0.085154387521659991,1.0300295957243453,2.0542622217254782e-17,0,0,26.56505117707799
200,100,50,1,0,5.6241929049617395e-05,,51.688400720379121,69.6135279786523,5.6241929049617395e-05,orientation_unresolved,0.43436137643081757,0.4285330770128542,1.2141502267802351,0.078569996856534277,1.1415953463969999,-4.0764560305097129e-18,0,0,26.56505117707799
200,100,100,1,0,6.5624457957278836e-05,,50.544306390604362,58.222396999462234,6.5624457957278836e-05,orientation_unresolved,0.43693671166308973,0.19721747728259342,1.1856206083472991,0.072946836047948979,1.2027025132523042,3.5467541805750849e-17,0,0,26.56505117707799
200,100,150.00000000000003,1,0,3.2728462875616318e-05,,50.353345872772785,44.704297912377193,3.2728462875616318e-05,orientation_unresolved,0.44032126958561024,0.016575680193948943,1.126791825454462,0.068100107026370357,1.2060354030297786,-4.2536054118884571e-17,0,0,26.56505117707799
200,100,200,1,1,2.2132042504336965e-05,0.0084769868425773592,1.0999025685239987,0.00090873049394413576,0.0034863847357105154,pose_near_singular,0.56968778873406467,-0.44614765034410458,2.0970860831691733,0.92581643405037228,-0.13282403843678964,-0.92156173990003354,0,0,26.56505117707799
200,100,250,1,1,2.9777607038446531e-05,0.017816463176163526,30.883386936117283,9.4824054623906769e-05,0.00037553739641239798,pose_found,0.56976979003678196,-0.38418126952605219,1.5772662182384094,-0.28118243729711917,0.39164593011889509,0.26088083061529954,0,0,26.56505117707799
200,100,300.00000000000006,1,1,2.6760644929534796e-05,0.047372725722536792,17.887040798121046,6.1748146863487455e-05,0.00027150895238028597,pose_found,0.56979115794359048,0.61685988353633259,-0.8199014180391071,-0.10835359566690282,1.7726793225393949,-0.021808457896857147,0,0,26.56505117707799
200,100,350.00000000000006,1,0,6.5121295693120599e-05,,62.311886912044329,16.131633809547182,6.5121295693120599e-05,orientation_unresolved,0.4632487370493607,-0.031914662898318055,0.65074549784003899,0.053677797730509381,0.67549015843224491,-1.9928536751925194e-17,0,0,26.56505117707799
200,100,400,1,0,0.00012454032283441333,,50.269345109890438,45.22654002856607,0.00012454032283441333,orientation_unresolved,0.46538103722279794,0.1346330979715879,0.64226740442199726,0.3592714764470184,0.087582961399307602,2.3771536722893208e-17,0,0,26.56505117707799
200,150.00000000000003,-400,0,0,189.61571576956666,,,,,position_unresolved,,,,,,,0,0,36.869897645844027
200,150.00000000000003,-350.00000000000006,0,0,141.42203964686911,,,,,position_unresolved,,,,,,,0,0,36.869897645844027
200,150.00000000000003,-300.00000000000006,0,0,94.166262326594392,,,,,position_unresolved,,,,,,,0,0,36.869897645844027
200,150.00000000000003,-250,0,0,48.048343640859919,,,,,position_unresolved,,,,,,,0,0,36.869897645844027
200,150.00000000000003,-200,0,0,3.4828320212576989,,,,,position_unresolved,,,,,,,0,0,36.869897645844027
200,150.00000000000003,-150.00000000000003,1,0,6.3073425532226383e-05,,24.479197842945634,71.976745644344604,6.3073425532226383e-05,orientation_unresolved,0.63794253140601742,1.6576244772986664,0.81654296455858943,0.15631271028630112,0.34418648267103746,-1.066094948689249e-17,0,0,36.869897645844027
200,150.00000000000003,-100,1,0,9.552019871959279e-05,,19.26088147944532,67.872926239225478,9.552019871959279e-05,orientation_unresolved,1.1227629165250834,1.5991420508441228,1.4919147402309236,0.90047126278319989,-0.96207108195165003,-1.1514749288169304,0,0,36.869897645844027
200,150.00000000000003,-50,1,0,3.9868900694871305e-05,,32.943417220558402,70.205119286074066,3.9868900694871305e-05,orientation_unresolved,0.59429976674286678,0.90566517704783922,1.5413119070841166,0.51605332235385126,0.23941111871745288,-2.5246975073693469e-17,0,0,36.869897645844027
200,150.00000000000003,0,1,0,3.560992326471417e-05,,47.972587326578122,91.858334658161709,3.560992326471417e-05,orientation_unresolved,0.56637322403701673,0.95186563393753465,0.73105387683683443,0.16758477282707068,1.2475874783558689,0.70580783038001516,0,0,36.869897645844027
200,150.00000000000003,50,1,0,2.895660956589508e-05,,1.4476538951403664,169.96614821511159,2.895660956589508e-05,orientation_unresolved,1.2114316396051517,0.74504029050765785,1.1615899989147438,-0.94214998687930662,1.2157987879363377,-1.5255299998953764,0,0,36.869897645844027
200,150.00000000000003,100,1,0,2.081777213679271e-05,,53.588103903010413,53.192408130111467,2.081777213679271e-05,orientation_unresolved,0.61550747378654069,0.31959160978482992,1.1084014048322237,0.097973393375631934,1.0677348771360173,-3.8561820502699378e-17,0,0,36.869897645844027
200,150.00000000000003,150.00000000000003,1,0,2.9228610533748044e-05,,36.107503450176743,40.923737323693089,2.9228610533748044e-05,orientation_unresolved,0.4881328377528919,-0.012552928713900641,1.4860881845602631,0.44356662125392082,0.68855407914020206,4.5476303386270419e-18,0,0,36.869897645844027
200,150.00000000000003,200,1,1,4.9213573074877657e-05,0.013666687205347468,9.8361532414445225,0.00010204154152197671,0.00035386239376055339,pose_found,0.73567297116383246,-0.20056454978599814,1.94460974464714,0.49220350002299706,-0.19602460491646104,-0.48419338785730015,0,0,36.869897645844027
200,150.00000000000003,250,1,1,2.5808980465740177e-05,0.069353095719724256,6.3619678509352457,3.4940016017622735e-05,0.00013945369287920548,pose_found,0.7356684916802616,1.1165303712842407,-1.4397590408900487,-0.097170776986284069,1.8926035419803855,-0.030820692162959649,0,0,36.869897645844027
200,150.00000000000003,300.00000000000006,1,1,6.0242119147454276e-05,0.03912957646218608,31.447177387645912,7.1645205276181886e-05,0.00042254943547642476,pose_found,0.73566529046246176,0.64533813725434297,-0.61040503165895943,-0.092220071100596671,1.5360102920320311,0.0032163102172485056,0,0,36.869897645844027
200,150.00000000000003,350.00000000000006,1,0,7.859557086284288e-05,,4.5571778662947944,115.84414242359561,7.859557086284288e-05,orientation_unresolved,0.96562431590971809,1.3376210948389444,-1.0056970153794953,-1.1570993030700631,0.48430560418057467,-1.1648521062091917,0,0,36.869897645844027
200,150.00000000000003,400,1,0,0.00042474327493816267,,20.446003661873931,105.5750971221612,0.00042474327493816267,orientation_unresolved,0.53366217494106316,0.75615927244179959,-0.027894996396367749,-0.87978697866139977,-0.27089384347895018,-0.57917132745072242,0,0,36.869897645844027
200,200,-400,0,0,200.35258635850394,,,,,position_unresolved,,,,,,,0,0,45
200,200,-350.00000000000006,0,0,153.91030870098541,,,,,position_unresolved,,,,,,,0,0,45
200,200,-300.00000000000006,0,0,108.23117864404085,,,,,position_unresolved,,,,,,,0,0,45
200,200,-250,0,0,63.894445997590132,,,,,position_unresolved,,,,,,,0,0,45
200,200,-200,0,0,21.462748383138511,,,,,position_unresolved,,,,,,,0,0,45
200,200,-150.00000000000003,1,0,0.00014624343673992171,,16.289176265025993,58.372415111862601,0.00014624343673992171,orientation_unresolved,0.8145805621151061,1.8005673196427454,0.70999082920784817,0.10253045777239563,0.028647216877031159,0.24033084359341983,0,0,45
200,200,-100,1,0,5.1660982063403922e-05,,7.5375546836533456,62.22900827541136,5.1660982063403922e-05,orientation_unresolved,0.36077063109960533,1.953311931126291,0.1025297425138814,1.0356289677934629,1.0430490146149449,-1.0935819307634955,0,0,45
200,200,-50,1,0,4.853866938105696e-05,,44.924537098067546,65.082654782730017,4.853866938105696e-05,orientation_unresolved,0.76671523949927911,1.1472891694306726,0.9392463975117179,0.14635829155510668,0.61171299286730008,-1.2399265124798629e-17,0,0,45
200,200,0,1,0,7.4113293024660336e-05,,45.172952608252963,61.725834828695305,7.4113293024660336e-05,orientation_unresolved,0.76237957093352215,0.89234354826960205,0.99670811496267897,0.13371059193667745,0.75197382777303567,-9.1543559331860562e-19,0,0,45
200,200,50,1,1,2.1605907196351912e-05,0.10079373682419594,0.25553801378007074,3.4699518413308661e-05,0.00014176801165079509,pose_found,0.86111169984392655,1.0843469498904903,2.0327160146847887,0.075736408150260684,-1.5463363470904277,-0.0018558425088858646,0,0,45
200,200,100,1,0,6.4402932692474737e-05,,25.108894421557721,71.561696061250373,6.4402932692474737e-05,orientation_unresolved,1.1125634476030772,0.53498992431107439,1.0197834668285284,-0.64570404473116316,0.96047605462552854,-0.2336150183866029,0,0,45
200,200,150.00000000000003,1,1,6.9921895249063016e-05,0.058917373058484733,6.5042170308472942,9.4214921795427508e-05,0.00030449233096210929,pose_found,0.86110613614117892,0.25693501078163528,2.0027630019884848,0.1187597707513199,-0.69237289558302206,-0.091588432243637496,0,0,45
200,200,200,1,1,2.5180664454812507e-05,0.01825475936686919,24.606757851526858,0.00011120597311621603,0.00034129664659394841,pose_found,0.86110576808967065,0.077780227679921099,1.6868140616909499,0.3751936400817158,-0.20788781779692986,-0.36783124147312135,0,0,45
200,200,250,1,1,3.1937731737951383e-05,0.074830213046566355,21.192155158755096,5.0073702289897189e-05,0.00033906913463889455,pose_found,0.8611102447997101,1.1644317328384697,-1.1809234436811185,-0.07572203540046811,1.5872399686853953,-0.0012475476593968209,0,0,45
200,200,300.00000000000006,1,0,0.00014449437403262478,,16.842907048923649,61.1030519066979,0.00014449437403262478,orientation_unresolved,0.88666837061123516,0.84905415826908659,0.91063685695492635,0.12516734302425297,-1.2568321431838172,-0.30392981385701562,0,0,45
200,200,350.00000000000006,1,0,0.00020326829771303935,,10.230990272005357,69.998794294454655,0.00020326829771303935,orientation_unresolved,0.65577115141504394,1.1028431176224516,-0.69687042699771895,0.56485292736631487,0.52873363320649758,-1.3722318608088928,0,0,45
200,200,400,0,0,18.214185971112155,,,,,position_unresolved,,,,,,,0,0,45
200,250,-350.00000000000006,0,0,171.30605469648779,,,,,position_unresolved,,,,,,,0,0,51.340191745909912
200,250,-300.00000000000006,0,0,126.40658003535243,,,,,position_unresolved,,,,,,,0,0,51.340191745909912
200,250,-250,0,0,85.949810308580311,,,,,position_unresolved,,,,,,,0,0,51.340191745909912
200,250,-200,0,0,45.23419117323909,,,,,position_unresolved,,,,,,,0,0,51.340191745909912
200,250,-150.00000000000003,0,0,9.809495513354797,,,,,position_unresolved,,,,,,,0,0,51.340191745909912
200,250,-100,1,0,0.00010156440915809088,,25.747596319311686,49.357440476255917,0.00010156440915809088,orientation_unresolved,0.92418810730931988,1.6354867476587993,0.69884636354493102,0.10495233832572441,0.033601369598690201,0.24033084359341983,0,0,51.340191745909912
200,250,-50,1,1,6.8085130618480654e-05,0.05190582266678307,6.4184396188653645,3.1181910566847155e-05,0.00025552093485398466,pose_found,0.95837749264312655,1.9728441737155109,0.81358369579898815,0.066458722305086232,-1.2163509526404896,-0.023095717248501308,0,0,51.340191745909912
200,250,0,1,1,3.8238873391735218e-05,0.085485469922122165,13.535299741905865,4.064026166729891e-05,0.00045646145412023959,pose_found,0.95837742012067528,1.5338923902749619,1.3509557644223766,0.064428225965463146,-1.3145607810543005,-0.016349854451039088,0,0,51.340191745909912
200,250,50,1,1,4.6762020716537471e-05,0.1007808057809618,19.812752740863541,8.7347677183584465e-05,0.00028497376011618099,pose_found,0.95837419912299671,1.1464101728805618,1.6286400085281025,0.066738797291959237,-1.2049985575832969,-0.023902851067630536,0,0,51.340191745909912
200,250,100,1,1,6.304297430170359e-05,0.094323986756937081,23.16166986936398,2.4595559112201111e-05,7.6289489617602064e-05,pose_found,0.95837848887879229,0.78953574280760941,1.7120356049606933,0.077646426808952895,-0.93221974793517504,-0.046341487069229942,0,0,51.340191745909912
200,250,150.00000000000003,1,1,5.2328963396048251e-05,0.058455815782747625,29.489047104417363,0.00010278998706093729,0.00028736835608588108,pose_found,0.95837380097229763,0.5161282727826676,1.6016020391932766,0.11940790123135925,-0.55011378339104189,-0.10192301851481943,0,0,51.340191745909912
200,250,200,1,1,5.3950585465280535e-05,0.082102545270602151,14.643146082500358,3.2498158453542374e-05,0.00032788222308372195,pose_found,0.95837717604688266,1.5513671045673925,-1.2952252148047561,-0.064417724087300496,1.3151623050207664,0.016309658375802713,0,0,51.340191745909912
200,250,250,1,1,0.00013244873391779786,0.038766633781920141,33.943295445567799,0.00010396799399385216,0.00034217543261767363,pose_found,0.95837406229254274,0.45868910349333181,0.69517839160170425,-0.15288347126941418,0.42129084117315085,0.13969685479359259,0,0,51.340191745909912
200,250,300.00000000000006,1,0,0.00013535929822299913,,29.544680159566383,45.509766762895779,0.00013535929822299913,orientation_unresolved,0.90259812179275845,0.54651908075312483,0.61859767789746123,0.72098511620284023,0.068334720298103793,-3.2354705656698785e-18,0,0,51.340191745909912
200,250,350.00000000000006,0,0,11.62420443882899,,,,,position_unresolved,,,,,,,0,0,51.340191745909912
200,300.00000000000006,-300.00000000000006,0,0,150.90638524909181,,,,,position_unresolved,,,,,,,0,0,56.309932474020222
200,300.00000000000006,-250,0,0,110.00633972403858,,,,,position_unresolved,,,,,,,0,0,56.309932474020222
200,300.00000000000006,-200,0,0,74.462928796624198,,,,,position_unresolved,,,,,,,0,0,56.309932474020222
200,300.00000000000006,-150.00000000000003,0,0,41.510628728941818,,,,,position_unresolved,,,,,,,0,0,56.309932474020222
200,300.00000000000006,-100,0,0,13.915114561064497,,,,,position_unresolved,,,,,,,0,0,56.309932474020222
200,300.00000000000006,-50,1,0,0.00018447863017746982,,8.2169163440943809,55.662750184937281,0.00018447863017746982,orientation_unresolved,1.1585094311196398,1.823780132968529,0.1072479112663955,-1.093224816870535,0.36886591680388797,0.3827729175281363,0,0,56.309932474020222
200,300.00000000000006,0,1,1,0.00011553396289119972,0.045304586216947274,21.11049883525715,2.5823478426590289e-05,0.0003469634333090554,pose_found,1.0349128766348727,1.7164193664914962,0.70434022006356078,0.069327508671454208,-0.85115516110170597,-0.045736186859285932,0,0,56.309932474020222
200,300.00000000000006,50,1,1,9.3746401755468798e-05,0.06791140739363874,29.557941359833485,8.0905274177925201e-06,0.00036726331901633055,pose_found,1.0349129299543922,1.3273943251049523,1.0631196947828883,0.071246817715334046,-0.82098457009850512,-0.048598788701662753,0,0,56.309932474020222
200,300.00000000000006,100,1,1,6.6391249645306836e-05,0.071709381950342432,0.57481202314719604,5.355524936101629e-05,0.00014076632656571719,pose_found,1.034911505909818,2.074834715521193,-1.1557918239801948,-0.085785805005419935,0.65353097446546293,0.068170577605433588,0,0,56.309932474020222
200,300.00000000000006,150.00000000000003,1,1,7.3575291430197885e-05,0.066049150079579066,18.259503808877728,5.5247292425968827e-06,0.0001948990825138461,pose_found,1.0349129898792429,1.7661786166597997,-1.0319253475785628,-0.070158571995587463,0.83776812706562165,0.046987294509538834,0,0,56.309932474020222
200,300.00000000000006,200,1,1,0.00013581578884746371,0.039616497251792615,29.557946445143553,4.0989149255352195e-05,0.00050829972223801671,pose_found,1.0349128411989881,1.3566144803054279,-0.61624163644355534,-0.070547933770375451,0.83166287933545602,0.047567494834147531,0,0,56.309932474020222
200,300.00000000000006,250,1,0,0.00035003623211855037,,27.730067502334698,62.175588422476601,0.00035003623211855037,orientation_unresolved,1.0668153470788757,0.99977412522288667,0.39165228107861727,0.45239203616956797,-0.28176939213657498,0.52083331164720881,0,0,56.309932474020222
200,300.00000000000006,300.00000000000006,0,0,17.357992452700731,,,,,position_unresolved,,,,,,,0,0,56.309932474020222
200,350.00000000000006,-250,0,0,139.6548292878806,,,,,position_unresolved,,,,,,,0,0,60.255118703057789
200,350.00000000000006,-200,0,0,106.64024971386496,,,,,position_unresolved,,,,,,,0,0,60.255118703057789
200,350.00000000000006,-150.00000000000003,0,0,76.795149951792993,,,,,position_unresolved,,,,,,,0,0,60.255118703057789
200,350.00000000000006,-100,0,0,52.233854753898477,,,,,position_unresolved,,,,,,,0,0,60.255118703057789
200,350.00000000000006,-50,0,0,32.445687190222749,,,,,position_unresolved,,,,,,,0,0,60.255118703057789
200,350.00000000000006,0,0,0,17.847465444021037,,,,,position_unresolved,,,,,,,0,0,60.255118703057789
200,350.00000000000006,50,0,0,9.0078124237074615,,,,,position_unresolved,,,,,,,0,0,60.255118703057789
200,350.00000000000006,100,0,0,6.3112759537538921,,,,,position_unresolved,,,,,,,0,0,60.255118703057789
200,350.00000000000006,150.00000000000003,0,0,9.881840446782979,,,,,position_unresolved,,,,,,,0,0,60.255118703057789
200,350.00000000000006,200,0,0,19.556025409443933,,,,,position_unresolved,,,,,,,0,0,60.255118703057789
200,350.00000000000006,250,0,0,34.918125935020491,,,,,position_unresolved,,,,,,,0,0,60.255118703057789
200,400,-200,0,0,141.88748999247414,,,,,position_unresolved,,,,,,,0,0,63.43494882292201
200,400,-150.00000000000003,0,0,115.06941223512015,,,,,position_unresolved,,,,,,,0,0,63.43494882292201
200,400,-100,0,0,92.69024178703458,,,,,position_unresolved,,,,,,,0,0,63.43494882292201
200,400,-50,0,0,74.624580536723755,,,,,position_unresolved,,,,,,,0,0,63.43494882292201
200,400,0,0,0,61.389489267821027,,,,,position_unresolved,,,,,,,0,0,63.43494882292201
200,400,50,0,0,53.416752609529745,,,,,position_unresolved,,,,,,,0,0,63.43494882292201
200,400,100,0,0,50.991232944727059,,,,,position_unresolved,,,,,,,0,0,63.43494882292201
200,400,150.00000000000003,0,0,54.203605106697168,,,,,position_unresolved,,,,,,,0,0,63.43494882292201
200,400,200,0,0,62.934191265650263,,,,,position_unresolved,,,,,,,0,0,63.43494882292201
250,-400,-100,0,0,114.22890851573405,,,,,position_unresolved,,,,,,,0,0,-57.994616791916499
250,-400,-50,0,0,96.961320188393572,,,,,position_unresolved,,,,,,,0,0,-57.994616791916499
250,-400,0,0,0,84.348556324724697,,,,,position_unresolved,,,,,,,0,0,-57.994616791916499
250,-400,50,0,0,76.767303260926894,,,,,position_unresolved,,,,,,,0,0,-57.994616791916499
250,-400,100,0,0,74.463478696234503,,,,,position_unresolved,,,,,,,0,0,-57.994616791916499
250,-350.00000000000006,-200,0,0,126.87334233651099,,,,,position_unresolved,,,,,,,0,0,-54.462322208025618
250,-350.00000000000006,-150.00000000000003,0,0,98.823109769721611,,,,,position_unresolved,,,,,,,0,0,-54.462322208025618
250,-350.00000000000006,-100,0,0,75.643600620430632,,,,,position_unresolved,,,,,,,0,0,-54.462322208025618
250,-350.00000000000006,-50,0,0,56.890890731213659,,,,,position_unresolved,,,,,,,0,0,-54.462322208025618
250,-350.00000000000006,0,0,0,43.11548002806807,,,,,position_unresolved,,,,,,,0,0,-54.462322208025618
250,-350.00000000000006,50,0,0,34.800716298129245,,,,,position_unresolved,,,,,,,0,0,-54.462322208025618
250,-350.00000000000006,100,0,0,32.268531785673829,,,,,position_unresolved,,,,,,,0,0,-54.462322208025618
250,-350.00000000000006,150.00000000000003,0,0,35.621905204127998,,,,,position_unresolved,,,,,,,0,0,-54.462322208025618
250,-350.00000000000006,200,0,0,44.724970594984342,,,,,position_unresolved,,,,,,,0,0,-54.462322208025618
250,-300.00000000000006,-250,0,0,129.74801061233629,,,,,position_unresolved,,,,,,,0,0,-50.19442890773481
250,-300.00000000000006,-200,0,0,95.358477396658316,,,,,position_unresolved,,,,,,,0,0,-50.19442890773481
250,-300.00000000000006,-150.00000000000003,0,0,65.09936398074845,,,,,position_unresolved,,,,,,,0,0,-50.19442890773481
250,-300.00000000000006,-100,0,0,39.414044845193175,,,,,position_unresolved,,,,,,,0,0,-50.19442890773481
250,-300.00000000000006,-50,0,0,19.007621880374277,,,,,position_unresolved,,,,,,,0,0,-50.19442890773481
250,-300.00000000000006,0,0,0,3.9129650948421153,,,,,position_unresolved,,,,,,,0,0,-50.19442890773481
250,-300.00000000000006,50,1,1,0.00024342869413435475,0.021215443085641245,26.253194280803392,2.2099106182762815e-05,0.00050262630753538631,pose_found,-0.91787349497733306,1.6266623985393975,0.33254504573791321,-0.11003055118296449,-0.39054150577856911,0.10180497364171137,0,0,-50.19442890773481
250,-300.00000000000006,100,1,1,0.0002642834052025811,0.031500923988822434,16.478977378271491,6.7274847870821438e-05,0.00033226624808826077,pose_found,-0.91787531363876507,1.7972546652926609,-0.53106459431259934,0.13861969543838343,0.30737469465577438,-0.13220009411563433,0,0,-50.19442890773481
250,-300.00000000000006,150.00000000000003,1,1,0.00026306141419824361,0.015019378078569937,36.263773353452002,2.3038370741140233e-05,0.00050003602003956347,pose_found,-0.91787408258017378,1.4407473213515489,-0.23616325171974129,0.11631917783255834,0.36848524322758502,-0.10857456436314518,0,0,-50.19442890773481
250,-300.00000000000006,200,0,0,5.6815473399285468,,,,,position_unresolved,,,,,,,0,0,-50.19442890773481
250,-300.00000000000006,250,0,0,21.560601609024168,,,,,position_unresolved,,,,,,,0,0,-50.19442890773481
250,-250,-300.00000000000006,0,0,145.22750335303155,,,,,position_unresolved,,,,,,,0,0,-45
250,-250,-250,0,0,105.29594586877606,,,,,position_unresolved,,,,,,,0,0,-45
250,-250,-200,0,0,67.714728549271484,,,,,position_unresolved,,,,,,,0,0,-45
250,-250,-150.00000000000003,0,0,34.460277443098434,,,,,position_unresolved,,,,,,,0,0,-45
250,-250,-100,0,0,6.1877639827899129,,,,,position_unresolved,,,,,,,0,0,-45
250,-250,-50,1,0,0.00012964705044782841,,30.355904062655586,37.809931649048217,0.00012964705044782841,orientation_unresolved,-0.80097651646486945,1.5550566045922984,0.52357040703056124,-0.13935608701072477,0.13816982837203681,-2.2531396954930959e-17,0,0,-45
250,-250,0,1,1,6.4904838961488037e-05,0.056793096741391894,24.64931200872913,2.132259379129934e-05,0.0002834182855699825,pose_found,-0.83184199881442922,1.6546554250014609,0.88466814691534257,-0.056341098347996242,-0.96926800587886375,0.031906527626065689,0,0,-45
250,-250,50,1,1,5.1011341727185831e-05,0.076618070696135493,36.650307873256935,2.0441221572792333e-05,0.00016872611709421528,pose_found,-0.83184150259326306,1.2760486414936822,1.2050380536794381,-0.058786785709875694,-0.91112778253696247,0.036053641701465043,0,0,-45
250,-250,100,1,1,8.9110499135960054e-05,0.078663228750363912,41.193013266921753,1.9184716753710523e-05,8.9110499135960054e-05,pose_found,-0.83184261646940627,0.96967349494189203,1.2925179140375698,-0.07276541567603724,-0.69269683179837638,0.05603528122901201,0,0,-45
250,-250,150.00000000000003,1,1,8.101426404340809e-05,0.043525476925519439,41.193225160023424,0.00011165279001552042,0.00028241639816906588,pose_found,-0.83183891823711975,0.75488149295544027,1.17594747639437,-0.13115193391891794,-0.36288606427914594,0.12269905684902757,0,0,-45
250,-250,200,1,1,0.00014825513724908866,0.052181472205857435,37.798669734855189,3.765138656452946e-05,0.00046357472923273303,pose_found,-0.83184195722015475,1.4251558381580063,-0.81266800678541107,0.056741736264272022,0.95906530028317405,-0.032609360792733327,0,0,-45
250,-250,250,1,0,0.00016079412512980996,,31.714585310308191,25.041056538031423,0.00016079412512980996,orientation_unresolved,-0.7150866316106036,0.83275852771168501,0.30608931788401267,-0.66375215542105581,0.33280813801295189,0.9972723922253911,0,0,-45
250,-250,300.00000000000006,0,0,9.6947092238678021,,,,,position_unresolved,,,,,,,0,0,-45
250,-200,-350.00000000000006,0,0,169.26794420017671,,,,,position_unresolved,,,,,,,0,0,-38.659808254090095
250,-200,-300.00000000000006,0,0,126.01008587798957,,,,,position_unresolved,,,,,,,0,0,-38.659808254090095
250,-200,-250,0,0,84.514576831923463,,,,,position_unresolved,,,,,,,0,0,-38.659808254090095
250,-200,-200,0,0,44.533763956498042,,,,,position_unresolved,,,,,,,0,0,-38.659808254090095
250,-200,-150.00000000000003,0,0,8.2040191315062412,,,,,position_unresolved,,,,,,,0,0,-38.659808254090095
250,-200,-100,1,0,9.8431266057464613e-05,,2.1931055744584196,115.49543969244569,9.8431266057464613e-05,orientation_unresolved,-0.63187869733852642,1.7108270307817786,0.34934263242523339,-0.28863515689513747,0.46656552836397364,-1.5125194136767555,0,0,-38.659808254090095
250,-200,-50,1,1,6.5177109405216795e-05,0.053864833754248526,6.8356321410760472,5.4114578228473583e-05,0.00044174524242178854,pose_found,-0.72525116836507275,1.9655627905882349,0.84451598630926217,-0.053413404312676806,-1.2397204787661851,0.017377318901530592,0,0,-38.659808254090095
250,-200,0,1,1,3.1709975717589926e-05,0.086875779140147019,12.439993119008188,8.7090583636898685e-06,9.1014449935036704e-05,pose_found,-0.72525116447463522,1.5299102339156407,1.3742551061137973,-0.051965480584068656,-1.3336774879427649,0.012217229231235865,0,0,-38.659808254090095
250,-200,50,1,1,6.6932396113159108e-05,0.10204454734169177,18.839961362786266,7.2925652520106115e-05,0.00046730690335949887,pose_found,-0.72525311603541576,1.1408088423019558,1.6515009540042089,-0.053752942805629041,-1.2219769700657583,0.018387820303404738,0,0,-38.659808254090095
250,-200,100,1,1,4.4633824414788184e-05,0.094965634162843371,21.839793148298451,2.7458917474343758e-05,8.2701546576229541e-05,pose_found,-0.72525020071688251,0.77999046950191631,1.7351067060487535,-0.06232207302064631,-0.94522356238562932,0.036524416836587165,0,0,-38.659808254090095
250,-200,150.00000000000003,1,1,5.3785269088113304e-05,0.058924973832124534,28.181447890888414,8.3620011113698506e-05,0.00023476928875420063,pose_found,-0.72524814320753084,0.50253802658381008,1.6244239507658451,-0.095457278639333634,-0.55821377133103445,0.081035920838951808,0,0,-38.659808254090095
250,-200,200,1,1,8.8526030771868627e-05,0.083522889164190081,13.290527040789938,3.3216391684029356e-05,0.00033996455946482847,pose_found,-0.72525152257304581,1.5553883185484945,-1.3188328706077734,0.051955107746542856,1.3345488900317328,-0.012170799280447328,0,0,-38.659808254090095
250,-200,250,1,1,7.8966351422082558e-05,0.04655852802465979,47.023914809884772,4.9959202779142552e-05,0.00039412913310198625,pose_found,-0.72525118919634579,1.1011952584471005,-0.73007418618508391,0.054193093512127845,1.2001706510335601,-0.019645326600592306,0,0,-38.659808254090095
250,-200,300.00000000000006,1,0,8.7637699936696792e-05,,2.1929908316300337,101.28148564432477,8.7637699936696792e-05,orientation_unresolved,-0.68702206728391213,1.2799970770970552,-0.052894831703388705,0.039367335026033769,-0.61291678284667006,1.5125214163169038,0,0,-38.659808254090095
250,-200,350.00000000000006,0,0,10.131212946586798,,,,,position_unresolved,,,,,,,0,0,-38.659808254090095
250,-150.00000000000003,-350.00000000000006,0,0,158.93328443427671,,,,,position_unresolved,,,,,,,0,0,-30.963756532073532
250,-150.00000000000003,-300.00000000000006,0,0,110.73807166035984,,,,,position_unresolved,,,,,,,0,0,-30.963756532073532
250,-150.00000000000003,-250,0,0,67.049107809329527,,,,,position_unresolved,,,,,,,0,0,-30.963756532073532
250,-150.00000000000003,-200,0,0,25.479811098742225,,,,,position_unresolved,,,,,,,0,0,-30.963756532073532
250,-150.00000000000003,-150.00000000000003,1,0,0.0001994861699417334,,12.007179721731628,50.937741327648162,0.0001994861699417334,orientation_unresolved,-0.61249253795413439,1.875302257882248,0.72801428531404022,-0.41077300410867268,-0.21897173138243509,-5.1863972944993349e-17,0,0,-30.963756532073532
250,-150.00000000000003,-100,1,0,0.0001380877917791801,,15.933474467580988,88.906415538180937,0.0001380877917791801,orientation_unresolved,-0.5052807292436069,1.4998719041571575,1.288508419931172,0.20691329842096978,-0.50157134648655699,1.2727047360531578,0,0,-30.963756532073532
250,-150.00000000000003,-50,1,1,9.9941878507182362e-05,0.076208297831724781,0.089469737963181403,5.2344022957598359e-05,0.00038558129288753461,pose_found,-0.59236064316504622,1.9165463409763663,1.203456563244879,-0.051953243596857136,-1.5492347852865425,0.0011210569815010844,0,0,-30.963756532073532
250,-150.00000000000003,0,1,0,6.9636452742590144e-05,,18.494286059967077,83.450090645904538,6.9636452742590144e-05,orientation_unresolved,-0.08802635525746895,1.7045212559479594,-0.29248778234328399,-0.91385087688380229,1.5176763280201662,-0.035851898656441443,0,0,-30.963756532073532
250,-150.00000000000003,50,1,1,6.9998666763446853e-05,0.10495970464168779,3.8481960747533841,2.2760652027860271e-05,9.1572897778418444e-05,pose_found,-0.59236074540166028,1.0876867898977751,1.9666245510244464,-0.05213943837109547,-1.4836326350281281,0.0045429867069400522,0,0,-30.963756532073532
250,-150.00000000000003,100,1,1,4.6158241072321496e-05,0.092879645578636955,3.3149675732818968,5.7843323075143259e-05,0.00019964594914028425,pose_found,-0.59235751011160664,0.65307741293690813,2.0584259056904441,-0.057130117615767417,-1.1413255856248408,0.023809699947280143,0,0,-30.963756532073532
250,-150.00000000000003,150.00000000000003,1,1,7.574244356137263e-05,0.059936528519851914,10.24214077763482,8.5471306161647909e-05,0.00026867796733161579,pose_found,-0.5923562698742223,0.30283676401984849,1.9375239254185597,-0.083559901003138717,-0.67126609329240383,0.065489069460343149,0,0,-30.963756532073532
250,-150.00000000000003,200,1,1,6.3750647354115521e-05,0.017733479787919441,28.063223463865818,0.0001116365157977079,0.00033397350763453103,pose_found,-0.59235530801480618,0.13135027685895695,1.6264873562736732,-0.27257877373544503,-0.194036753882461,0.26770651869432366,0,0,-30.963756532073532
250,-150.00000000000003,250,1,1,4.8911038590817661e-05,0.070763454244353319,24.968736512041993,2.4312050650755224e-05,0.00017574002184548196,pose_found,-0.59236042947085776,1.1634771668108133,-1.115009664596839,0.052001845139610536,1.5223938179655583,-0.0025182757130675962,0,0,-30.963756532073532
250,-150.00000000000003,300.00000000000006,1,0,7.7490623592295374e-05,,57.693862682075761,8.4586123284418306,7.7490623592295374e-05,orientation_unresolved,-0.54384846479918814,0.30737069729962824,0.60691772875534322,-0.064066478510485733,0.52444835671718237,1.4200878468577909e-17,0,0,-30.963756532073532
250,-150.00000000000003,350.00000000000006,1,0,0.00012741778301712532,,2.1929908316300337,100.75503008160675,0.00012741778301712532,orientation_unresolved,-0.56324892536864757,1.0741612834073151,-0.057309897419391853,-0.0033205137245324533,-0.47767188286674866,1.5125214163169038,0,0,-30.963756532073532
250,-100,-400,0,0,194.88500314745818,,,,,position_unresolved,,,,,,,0,0,-21.801409486351812
250,-100,-350.00000000000006,0,0,148.20527935796969,,,,,position_unresolved,,,,,,,0,0,-21.801409486351812
250,-100,-300.00000000000006,0,0,101.98976577717168,,,,,position_unresolved,,,,,,,0,0,-21.801409486351812
250,-100,-250,0,0,55.844390178818692,,,,,position_unresolved,,,,,,,0,0,-21.801409486351812
250,-100,-200,0,0,13.395867880804953,,,,,position_unresolved,,,,,,,0,0,-21.801409486351812
250,-100,-150.00000000000003,1,0,0.00015637640434006911,,15.684629051853983,69.758467448317205,0.00015637640434006911,orientation_unresolved,-0.32556848626209028,1.811118658996353,0.43609653888866257,-0.21964834557928509,0.55386984459491739,0.23548708398509224,0,0,-21.801409486351812
250,-100,-100,1,0,5.53570287254082e-05,,40.479879708357409,69.558354236700069,5.53570287254082e-05,orientation_unresolved,-0.37454617068203611,1.3783598961830827,0.90409098322194925,-0.077002847012698827,0.50017493141779079,-8.6212759122579565e-18,0,0,-21.801409486351812
250,-100,-50,1,0,4.231601960312413e-05,,57.051378361773416,69.379724983943305,4.231601960312413e-05,orientation_unresolved,-0.36998745076878808,1.0891326826911667,1.0043860073797695,-0.069689134077891665,0.68643886815907995,2.9346109739993616e-18,0,0,-21.801409486351812
250,-100,0,1,0,4.2407377313900328e-05,,1.8177908514333971,142.01032438640252,4.2407377313900328e-05,orientation_unresolved,-1.0238666802155303,1.8760167230585503,-0.29122271993408738,1.2049106259657734,1.6494003234481041,0.95706012341301794,0,0,-21.801409486351812
250,-100,50,1,0,3.7138765175545561e-05,,59.610320871466179,58.761510412152546,3.7138765175545561e-05,orientation_unresolved,-0.36795033367266439,0.59585628898270226,1.0758866370636793,-0.059422426423032172,0.92329996841417872,-1.8159655237072475e-17,0,0,-21.801409486351812
250,-100,100,1,0,1.958092533683396e-05,,41.21767226770757,52.553463014406177,1.958092533683396e-05,orientation_unresolved,-0.69262159962670911,0.54568065014131362,0.85545296236480106,0.51725297035646245,1.2043086796582381,-0.58514883436282794,0,0,-21.801409486351812
250,-100,150.00000000000003,1,0,2.6182566113891443e-05,,63.382920196632917,37.773713550474746,2.6182566113891443e-05,orientation_unresolved,-0.37063707186576011,0.24567030946503796,1.0100423574810036,-0.052175217680561797,0.97277409408260807,-9.5862084648565999e-18,0,0,-21.801409486351812
250,-100,200,1,1,5.796841822732171e-05,0.015728816194035908,16.907487805092945,9.7186210669512828e-05,0.00031533327414602679,pose_found,-0.42707667335777083,-0.054754506669936642,1.8211916740013985,-0.23528912846734396,-0.2010382588553232,0.23071830675405178,0,0,-21.801409486351812
250,-100,250,1,1,5.378229848168561e-05,0.083305393955202145,13.216154880673507,4.8600540405503674e-05,0.00020472418389724686,pose_found,-0.42707944817670873,1.151502089171796,-1.3201309096736256,0.047241370916930148,1.7392408133518946,0.0079256532530452162,0,0,-21.801409486351812
250,-100,300.00000000000006,1,1,4.1403214225363878e-05,0.022716558199265938,43.506701223332939,7.7236904988346839e-05,0.00045865029642308601,pose_found,-0.42708262156803761,0.60296476428152823,-0.35742992926315581,0.048014178345693118,1.3255318948765569,-0.011666831082941975,0,0,-21.801409486351812
250,-100,350.00000000000006,1,0,8.9516867781026468e-05,,54.216959733827963,31.672514342925162,8.9516867781026468e-05,orientation_unresolved,-0.37737940352366983,0.21774446354073007,0.76695866521042355,-0.29037260365943068,0.11338100531354411,8.2195496899829108e-18,0,0,-21.801409486351812
250,-100,400,0,0,7.4422793830995415,,,,,position_unresolved,,,,,,,0,0,-21.801409486351812
250,-50,-400,0,0,189.78348932053919,,,,,position_unresolved,,,,,,,0,0,-11.309932474020213
250,-50,-350.00000000000006,0,0,142.22250551249917,,,,,position_unresolved,,,,,,,0,0,-11.309932474020213
250,-50,-300.00000000000006,0,0,95.333127892028131,,,,,position_unresolved,,,,,,,0,0,-11.309932474020213
250,-50,-250,0,0,49.550704184149602,,,,,position_unresolved,,,,,,,0,0,-11.309932474020213
250,-50,-200,0,0,4.733307737227749,,,,,position_unresolved,,,,,,,0,0,-11.309932474020213
250,-50,-150.00000000000003,1,0,0.00011057342801315825,,18.719932185831187,75.31642803264009,0.00011057342801315825,orientation_unresolved,-0.14641414751811524,1.7581426255123482,0.50519382652490619,-0.15438690029117311,0.63104515547073181,0.23548708398509224,0,0,-11.309932474020213
250,-50,-100,1,0,5.2042914115460627e-05,,41.753061075995824,63.079950212622187,5.2042914115460627e-05,orientation_unresolved,-0.20447202922811289,1.2497606666437395,1.3875546158786463,-0.15895825564703522,0.024590850697080408,1.2461931748765615e-17,0,0,-11.309932474020213
250,-50,-50,1,0,2.3832260206230103e-05,,59.640768024265064,73.620809527211435,2.3832260206230103e-05,orientation_unresolved,-0.19027682451670552,1.0439393074635828,1.0590912766834766,-0.036794475593777395,0.75224594897003194,-3.9639730062838985e-19,0,0,-11.309932474020213
250,-50,0,1,0,2.9180213682694909e-05,,57.587222081316277,69.535812125654402,2.9180213682694909e-05,orientation_unresolved,-0.18945100167531506,0.77777963668274896,1.111196372044909,-0.033804132173136679,0.89508181668524434,4.1149538600256636e-18,0,0,-11.309932474020213
250,-50,50,1,0,7.7089260991929301e-05,,56.780724761494007,62.227933892224243,7.7089260991929301e-05,orientation_unresolved,-0.18950435147296771,0.53587105675502122,1.1252724056843173,-0.031342191188811139,0.99540707894888869,-2.4592340951133549e-18,0,0,-11.309932474020213
250,-50,100,1,0,5.0680631990537319e-05,,27.699148630520497,73.144702211546416,5.0680631990537319e-05,orientation_unresolved,-0.13594594670270455,0.6744479961585127,0.39230784261310397,-0.10660932189592187,1.6014257343033005,0.793655313322708,0,0,-11.309932474020213
250,-50,150.00000000000003,1,0,1.7108324568292523e-05,,27.401546388070159,63.88144919373628,1.7108324568292523e-05,orientation_unresolved,-0.13390351534617528,0.51715410663790562,0.32256800053085061,-0.10969643069370097,1.6066198732953774,0.793655313322708,0,0,-11.309932474020213
250,-50,200,1,1,5.8352968779438337e-05,0.012298832680101915,10.771644955129798,0.00010432430501813288,0.00035876046428232516,pose_found,-0.22656335440928957,-0.17942413600183679,1.9282823341182078,-0.16326671638474832,-0.18041006698913065,0.16066270344793937,0,0,-11.309932474020213
250,-50,250,1,1,4.2616858852913613e-05,0.071622146242718093,7.2444017035521098,9.3405225514852551e-05,0.000407477271135194,pose_found,-0.22656261191232066,1.122750924976877,-1.424357664730826,0.030546634027815288,1.8722713320397908,0.0090728260183487106,0,0,-11.309932474020213
250,-50,300.00000000000006,1,1,2.9233682088350461e-05,0.037338739753651394,32.911499440049532,6.4392637945087411e-05,0.00038092808047040892,pose_found,-0.226555278983505,0.64363794027073595,-0.58327009369340188,0.029212887404779873,1.510453050908027,-0.0017621956117837739,0,0,-11.309932474020213
250,-50,350.00000000000006,1,0,5.5377227821508568e-05,,62.355966757282147,26.431363573482948,5.5377227821508568e-05,orientation_unresolved,-0.18914687527432961,0.09044156055333602,0.8595620113041561,-0.14832013325721186,0.18254298309591255,5.3524693723275397e-19,0,0,-11.309932474020213
250,-50,400,1,0,0.00038856109933666703,,69.558017740514799,46.114306063775864,0.00038856109933666703,orientation_unresolved,-0.20621004744230051,0.52763823472018079,0.18166319976202125,-0.022620630703307196,0.057107583267280139,3.0291633589810629e-17,0,0,-11.309932474020213
250,0,-400,0,0,188.23708738985633,,,,,position_unresolved,,,,,,,0,0,0
250,0,-350.00000000000006,0,0,140.02140722454033,,,,,position_unresolved,,,,,,,0,0,0
250,0,-300.00000000000006,0,0,92.953768530749343,,,,,position_unresolved,,,,,,,0,0,0
250,0,-250,0,0,46.850028788747323,,,,,position_unresolved,,,,,,,0,0,0
250,0,-200,0,0,2.0838417569829844,,,,,position_unresolved,,,,,,,0,0,0
250,0,-150.00000000000003,1,0,7.6126749475829376e-05,,25.037180655863338,72.070551281054904,7.6126749475829376e-05,orientation_unresolved,0,1.6478858400437129,0.83040056549229224,0,0.35037833484071695,0,0,0,0
250,0,-100,1,0,0.00017699768681302632,,7.6636833855541306,103.42787313147275,0.00017699768681302632,orientation_unresolved,-0.19470545491095814,1.9511105699968558,-0.42570700657175925,0.28757453786384862,1.5282403444440711,0.77278605657843324,0,0,0
250,0,-50,1,0,5.0889060271920579e-05,,14.83066635640874,77.861164078287814,5.0889060271920579e-05,orientation_unresolved,-0.44844410540773338,1.16108016183218,1.8267547723155153,-0.97779310325183388,-0.87219575274924865,-0.88014824160314331,0,0,0
250,0,0,1,0,3.9559273973163111e-05,,14.946920347343552,133.22942029162527,3.9559273973163111e-05,orientation_unresolved,-0.34026050309003097,1.2225045627787516,0.32048320962511939,0.51070597396553052,1.5744969677438492,1.2899233537004171,0,0,0
250,0,50,1,0,6.6278806657709357e-05,,14.946920347343552,127.7028134825098,6.6278806657709357e-05,orientation_unresolved,-0.3663765416768901,1.0221377418493933,0.29405509523882772,0.55699059906678083,1.6932432035482698,1.2899233537004171,0,0,0
250,0,100,1,0,2.7024957790324873e-05,,17.032435844143009,66.432206027507931,2.7024957790324873e-05,orientation_unresolved,0.38785894288740913,0.86104593567528509,0.17732589671796506,-0.60310908403134478,1.7875949927901662,0.75340390392831158,0,0,0
250,0,150.00000000000003,1,0,2.7804226251977162e-05,,17.12224704643425,56.634591787547798,2.7804226251977162e-05,orientation_unresolved,0.41125968463697538,0.69416186257764545,0.10057234667555989,-0.64266303938687552,1.7860274916050094,0.75340390392831158,0,0,0
250,0,200,1,1,3.483428249279432e-05,0.010731263375638275,8.8351853992604141,0.0066563122232353384,0.023383773297552958,pose_found,-0.00055967416299419715,-0.22397072737506257,1.9620799291998356,-0.0040580828979612784,-0.16731380388625774,0.0040044591638056428,0,0,0
250,0,250,1,1,2.1924937434277724e-05,0.066496908940652605,5.4263654433513562,9.6127912532532756e-05,0.00038464098921491875,pose_found,-8.6946257545062612e-06,1.1092306953312032,-1.4560883833919736,1.1025159879393396e-05,1.9176540498652115,3.8554055962533839e-06,0,0,0
250,0,300.00000000000006,1,1,0.00010257488784279777,0.040925254455730371,29.913465037172731,6.0893828517954555e-05,0.00035893420601598773,pose_found,-1.896337719037514e-09,0.64614633338576577,-0.63812969171489919,2.2569662015291765e-09,1.5627786223262894,-1.8741703498167952e-11,0,0,0
250,0,350.00000000000006,1,0,6.6970071065878907e-05,,26.655297067496743,117.81682329377283,6.6970071065878907e-05,orientation_unresolved,0.43016236527242546,0.66685578782154364,0.57211001339230994,0.77141436451090983,-1.0677086278835146,0.6998036805121236,0,0,0
250,0,400,1,0,0.00025961921814033571,,30.596263427613856,79.595043791175314,0.00025961921814033571,orientation_unresolved,0.0002876251438106078,0.90699317187653172,-0.37505802670983568,-0.011895264146400937,0.035422371895057363,1.016790791175509,0,0,0
250,50,-400,0,0,190.23486524740443,,,,,position_unresolved,,,,,,,0,0,11.309932474020213
250,50,-350.00000000000006,0,0,142.22250551249917,,,,,position_unresolved,,,,,,,0,0,11.309932474020213
250,50,-300.00000000000006,0,0,95.614277632860393,,,,,position_unresolved,,,,,,,0,0,11.309932474020213
250,50,-250,0,0,49.746402001306585,,,,,position_unresolved,,,,,,,0,0,11.309932474020213
250,50,-200,0,0,4.733307737227749,,,,,position_unresolved,,,,,,,0,0,11.309932474020213
250,50,-150.00000000000003,1,0,9.8516884390703442e-05,,19.824384943439522,94.792298454046133,9.8516884390703442e-05,orientation_unresolved,0.306455631126551,1.6491971622825994,1.1026077704609996,0.89063627199010775,-0.19217204742890087,0.6136947585695175,0,0,11.309932474020213
250,50,-100,1,0,5.2042914115460627e-05,,41.753061075995824,63.079950212622187,5.2042914115460627e-05,orientation_unresolved,0.20447202922811289,1.2497606666437395,1.3875546158786463,0.15895825564703522,0.024590850697080408,-1.2461931748765615e-17,0,0,11.309932474020213
250,50,-50,1,0,2.3832260206230103e-05,,59.640768024265064,73.620809527211435,2.3832260206230103e-05,orientation_unresolved,0.19027682451670552,1.0439393074635828,1.0590912766834766,0.036794475593777395,0.75224594897003194,3.9639730062838985e-19,0,0,11.309932474020213
250,50,0,1,0,2.9180213682694909e-05,,57.587222081316277,69.535812125654402,2.9180213682694909e-05,orientation_unresolved,0.18945100167531506,0.77777963668274896,1.111196372044909,0.033804132173136679,0.89508181668524434,-4.1149538600256636e-18,0,0,11.309932474020213
250,50,50,1,0,7.7089260991929301e-05,,56.780724761494007,62.227933892224243,7.7089260991929301e-05,orientation_unresolved,0.18950435147296771,0.53587105675502122,1.1252724056843173,0.031342191188811139,0.99540707894888869,2.4592340951133549e-18,0,0,11.309932474020213
250,50,100,1,0,3.1595966909662964e-05,,25.106262501212409,78.101451017388243,3.1595966909662964e-05,orientation_unresolved,0.14818884676886551,0.40336524611936997,0.94959735819768187,0.095198386985262617,1.1851627708871686,-1.1126093832787531,0,0,11.309932474020213
250,50,150.00000000000003,1,0,3.8920530175596039e-05,,59.344187390968713,40.097119804560663,3.8920530175596039e-05,orientation_unresolved,0.19121307887435607,0.16740838338084527,1.0537181688223189,0.027379140167462485,1.0491156160122539,-1.6257413519867998e-17,0,0,11.309932474020213
250,50,200,1,1,5.8352968779438337e-05,0.012299237258436287,10.771870734619503,0.00064676748542650056,0.0022241623793762028,pose_found,0.2266051119093811,-0.17942482864455001,1.928278393522729,0.1635532936876824,-0.18041236681257589,-0.16094504526285103,0,0,11.309932474020213
250,50,250,1,1,4.6293305788114799e-05,0.071622026990574558,7.2441873004400916,2.9814748254668091e-05,0.00011984411557330468,pose_found,0.2265528340561152,1.122752752338386,-1.4243614067710573,-0.030534281981233102,1.8722728249535991,-0.009069093963631954,0,0,11.309932474020213
250,50,300.00000000000006,1,1,2.9233682088350461e-05,0.035296307954182309,68.679471559278028,7.4854293451369932e-05,0.00037623308531503766,pose_found,0.22655539569698308,0.11159307445921399,0.58327079156554595,-0.037954154196711776,0.87628545803468039,0.024297881202847992,0,0,11.309932474020213
250,50,350.00000000000006,1,0,5.5377227821508568e-05,,62.355966757282147,26.431363573482948,5.5377227821508568e-05,orientation_unresolved,0.18914687527432961,0.09044156055333602,0.8595620113041561,0.14832013325721186,0.18254298309591255,-5.3524693723275397e-19,0,0,11.309932474020213
250,50,400,1,0,0.00038856109933666703,,69.558017740514799,46.114306063775864,0.00038856109933666703,orientation_unresolved,0.20621004744230051,0.52763823472018079,0.18166319976202125,0.022620630703307196,0.057107583267280139,-3.0291633589810629e-17,0,0,11.309932474020213
250,100,-400,0,0,194.88500314745818,,,,,position_unresolved,,,,,,,0,0,21.801409486351812
250,100,-350.00000000000006,0,0,148.00890949069426,,,,,position_unresolved,,,,,,,0,0,21.801409486351812
250,100,-300.00000000000006,0,0,101.40627796975615,,,,,position_unresolved,,,,,,,0,0,21.801409486351812
250,100,-250,0,0,55.844390178818692,,,,,position_unresolved,,,,,,,0,0,21.801409486351812
250,100,-200,0,0,15.726026404816968,,,,,position_unresolved,,,,,,,0,0,21.801409486351812
250,100,-150.00000000000003,1,0,0.00012701361395909901,,2.4518196458694042,37.539369035939721,0.00012701361395909901,orientation_unresolved,0.27643416993985204,2.042074752419659,0.98717782106619101,-0.24774665065562906,-0.9013188001430017,0.39134057161864927,0,0,21.801409486351812
250,100,-100,1,0,5.53570287254082e-05,,40.479879708357409,69.558354236700069,5.53570287254082e-05,orientation_unresolved,0.37454617068203611,1.3783598961830827,0.90409098322194925,0.077002847012698827,0.50017493141779079,8.6212759122579565e-18,0,0,21.801409486351812
250,100,-50,1,0,2.3842017943492249e-05,,48.414274581678001,85.032117888107578,2.3842017943492249e-05,orientation_unresolved,0.37615179303605895,1.2227621162085378,0.65841987923140388,0.040848312385852209,0.99905972380652686,0.70580783038001516,0,0,21.801409486351812
250,100,0,1,0,7.5469899905590616e-05,,43.728496289745131,80.088198317966274,7.5469899905590616e-05,orientation_unresolved,0.16619384574855434,1.1193883116439201,0.48433956529991412,0.38572434464191668,1.3216608407029846,0.062553241414887356,0,0,21.801409486351812
250,100,50,1,0,1.7567886298586781e-05,,29.368868751990856,75.068996416147769,1.7567886298586781e-05,orientation_unresolved,0.40602095739570254,0.98356957893930497,0.22632443799777188,-0.013106742503362512,1.5722836205968431,0.56116662768549141,0,0,21.801409486351812
250,100,100,1,0,2.1837493651506697e-05,,26.043447150724017,66.641731816680704,2.1837493651506697e-05,orientation_unresolved,0.40554508466692696,0.80446681280907639,0.17914857065969253,-0.012372612855689516,1.6303231765558914,0.56116662768549141,0,0,21.801409486351812
250,100,150.00000000000003,1,0,2.5721356839808184e-05,,29.934229007950428,67.242144483706682,2.5721356839808184e-05,orientation_unresolved,0.80908607690015533,0.48859825699544251,0.69601284317291834,-0.71418620620118645,1.324053927397584,-0.22135896818858886,0,0,21.801409486351812
250,100,200,1,1,2.352499588108694e-05,0.015728910907138759,16.907625858833608,0.00010702407453299871,0.00034725342463381547,pose_found,0.42708931520736571,-0.054754789853677335,1.8211892645090793,0.23537167573762788,-0.20103855367217552,-0.23079944787030268,0,0,21.801409486351812
250,100,250,1,1,7.8203078125319348e-05,0.022327019872731849,45.616099544268089,8.7894002612602553e-05,0.00028689020012763,pose_found,0.4270771621487357,-0.036340424660985186,1.3201318754760967,-0.16316407063415186,0.29065572018250924,0.15643374727142978,0,0,21.801409486351812
250,100,300.00000000000006,1,1,4.1403214225363878e-05,0.022716191780616474,43.506861489135673,6.3691370653255224e-05,0.00037821297673366937,pose_found,0.4270826335412663,0.60296208653714478,-0.3574242143242034,-0.048014230694809319,1.3255290977106209,0.011666985825275382,0,0,21.801409486351812
250,100,350.00000000000006,1,0,8.9516867781026468e-05,,54.216959733827963,31.672514342925162,8.9516867781026468e-05,orientation_unresolved,0.37737940352366983,0.21774446354073007,0.76695866521042355,0.29037260365943068,0.11338100531354411,-8.2195496899829108e-18,0,0,21.801409486351812
250,100,400,0,0,7.4422793830995122,,,,,position_unresolved,,,,,,,0,0,21.801409486351812
250,150.00000000000003,-350.00000000000006,0,0,156.53163745724268,,,,,position_unresolved,,,,,,,0,0,30.963756532073532
250,150.00000000000003,-300.00000000000006,0,0,110.73807166035984,,,,,position_unresolved,,,,,,,0,0,30.963756532073532
250,150.00000000000003,-250,0,0,67.049107809329527,,,,,position_unresolved,,,,,,,0,0,30.963756532073532
250,150.00000000000003,-200,0,0,25.479811098742225,,,,,position_unresolved,,,,,,,0,0,30.963756532073532
250,150.00000000000003,-150.00000000000003,1,0,0.00013238229148344446,,13.331205757849393,55.115103415788262,0.00013238229148344446,orientation_unresolved,0.56354075038569162,1.8521936441698637,0.64927745148601368,0.096101449311773959,-0.0211753599885947,0.24033084359341983,0,0,30.963756532073532
250,150.00000000000003,-100,1,0,0.00019713153526847374,,17.954106242926891,35.034982867535099,0.00019713153526847374,orientation_unresolved,0.50863390326301972,1.7715088097132183,1.2490648269417226,-0.10944250156361927,-1.0184148354073903,-0.40066915121302665,0,0,30.963756532073532
250,150.00000000000003,-50,1,1,4.1092619284058766e-05,0.076208297831724781,0.089469737963181403,5.2344022957598359e-05,0.00038558129288753461,pose_found,0.59236064316504622,1.9165463409763663,1.203456563244879,0.051953243596857136,-1.5492347852865425,-0.0011210569815010844,0,0,30.963756532073532
250,150.00000000000003,0,1,0,5.5868256694753962e-05,,13.181081149443113,57.520999697763891,5.5868256694753962e-05,orientation_unresolved,0.57548995072937903,0.78782465068506491,1.5247506738438146,-0.63909422797251403,0.038096519657239182,1.3207430617645555,0,0,30.963756532073532
250,150.00000000000003,50,1,1,6.3410846263393838e-05,0.10495970464168788,3.8481960747533841,2.2760652027860271e-05,9.1572897778418444e-05,pose_found,0.59236074540166028,1.0876867898977751,1.9666245510244464,0.05213943837109547,-1.4836326350281281,-0.0045429867069400522,0,0,30.963756532073532
250,150.00000000000003,100,1,1,6.6177849315848011e-05,0.092879672431510671,3.3149545560471321,4.7394589883477866e-05,0.00016723291500197245,pose_found,0.59235823707479096,0.65307792518007879,2.0584261328840503,0.057131152965963376,-1.1413265426558579,-0.023810116026581604,0,0,30.963756532073532
250,150.00000000000003,150.00000000000003,1,1,6.0405107006669755e-05,0.059936529627468996,10.242139948499975,8.8169117463055493e-05,0.00027715826040114911,pose_found,0.59235613546043886,0.30283676721917563,1.9375239398896926,0.083559608344642919,-0.67126610336541082,-0.065488833882997199,0,0,30.963756532073532
250,150.00000000000003,200,1,1,9.0787924690112116e-05,0.017733479787919414,28.063223463865818,0.0001116365157977079,0.00033397350763453103,pose_found,0.59235530801480618,0.13135027685895695,1.6264873562736732,0.27257877373544503,-0.194036753882461,-0.26770651869432366,0,0,30.963756532073532
250,150.00000000000003,250,1,1,7.9936010456379579e-05,0.027441690405515935,54.914614575046244,0.00010486725889414661,0.00031720929063096487,pose_found,0.59235549499667295,0.15478343157563246,1.1150040555082996,-0.17356052466739244,0.30532235207004266,0.16568280587890741,0,0,30.963756532073532
250,150.00000000000003,300.00000000000006,1,0,7.7490623592295374e-05,,57.693862682075761,8.4586123284418306,7.7490623592295374e-05,orientation_unresolved,0.54384846479918814,0.30737069729962824,0.60691772875534322,0.064066478510485733,0.52444835671718237,-1.4200878468577909e-17,0,0,30.963756532073532
250,150.00000000000003,350.00000000000006,1,0,0.00018065283748172823,,21.457353392064221,92.855044937775986,0.00018065283748172823,orientation_unresolved,0.50638666976064339,0.49572965189489659,0.36704587664034738,0.42699469973706683,0.23608200809239907,1.1762948613394022,0,0,30.963756532073532
250,200,-350.00000000000006,0,0,169.12362849583531,,,,,position_unresolved,,,,,,,0,0,38.659808254090095
250,200,-300.00000000000006,0,0,125.78838062135731,,,,,position_unresolved,,,,,,,0,0,38.659808254090095
250,200,-250,0,0,83.350374763241149,,,,,position_unresolved,,,,,,,0,0,38.659808254090095
250,200,-200,0,0,44.317468353807648,,,,,position_unresolved,,,,,,,0,0,38.659808254090095
250,200,-150.00000000000003,0,0,8.2040191315062412,,,,,position_unresolved,,,,,,,0,0,38.659808254090095
250,200,-100,1,0,0.00012514863490137534,,26.191362563470889,50.320114958120222,0.00012514863490137534,orientation_unresolved,0.73702769947785696,1.6277415655890122,0.81015207797926925,0.53786173946911542,-0.14299343310421153,2.5732174900397631e-17,0,0,38.659808254090095
250,200,-50,1,1,4.6235733987060252e-05,0.053864833754248456,6.8356321410760472,5.4114578228473583e-05,0.00044174524242178854,pose_found,0.72525116836507275,1.9655627905882349,0.84451598630926217,0.053413404312676806,-1.2397204787661851,-0.017377318901530592,0,0,38.659808254090095
250,200,0,1,1,5.7997484298424389e-05,0.086875929968541044,12.439926232365208,7.0386666058368453e-05,0.00035119050167189584,pose_found,0.72525409613355374,1.5299089675468469,1.374257698498814,0.05196974505174505,-1.3336786553349105,-0.012218266794563535,0,0,38.659808254090095
250,200,50,1,1,4.3518356913552572e-05,0.10204438146857855,18.840000805942186,8.1927522749027865e-05,0.00026741597182793932,pose_found,0.72524805076305132,1.1408120682356995,1.6514964853029255,0.053745291529396562,-1.2219762816528201,-0.01838502065916538,0,0,38.659808254090095
250,200,100,1,1,7.4182211932827491e-05,0.094965670806157004,21.839791819879839,7.0745771099219783e-05,0.00021330985094720724,pose_found,0.7252485074999786,0.77999027789163011,1.7351067292340321,0.062319077439524445,-0.94522322776388135,-0.036522560591892426,0,0,38.659808254090095
250,200,150.00000000000003,1,1,4.0825682125702598e-05,0.058924963773700004,28.181452354657871,7.3628849143022573e-05,0.00020672004704943965,pose_found,0.72524851738999518,0.50253802550225568,1.6244238728583711,0.095458321501028121,-0.55821371665598485,-0.081036830047724259,0,0,38.659808254090095
250,200,200,1,1,5.7630385900181041e-05,0.0835237078822023,13.289750307941564,5.2461439623955551e-05,0.00047923701028131912,pose_found,0.72525019758885412,1.5553952850915069,-1.318846427153386,-0.051953038225655855,1.3345541126682749,0.012169916960564258,0,0,38.659808254090095
250,200,250,1,1,6.7497972120995119e-05,0.046558522338040871,47.023919907691486,4.9596596401115835e-05,0.00039126839433075892,pose_found,0.72525118981361947,1.1011952148944653,-0.73007409721157213,-0.054193095479648505,1.2001706120115254,0.019645329663431778,0,0,38.659808254090095
250,200,300.00000000000006,1,0,0.00011747314081953764,,49.542298485018534,15.900038916756227,0.00011747314081953764,orientation_unresolved,0.68612009922552442,0.55909619051226178,0.44689875441194948,0.082172429613123266,0.30139735186892075,4.1478590538101076e-18,0,0,38.659808254090095
250,200,350.00000000000006,0,0,10.13121294658677,,,,,position_unresolved,,,,,,,0,0,38.659808254090095
250,250,-300.00000000000006,0,0,144.55178705326739,,,,,position_unresolved,,,,,,,0,0,45
250,250,-250,0,0,104.85547352676349,,,,,position_unresolved,,,,,,,0,0,45
250,250,-200,0,0,67.68451720893205,,,,,position_unresolved,,,,,,,0,0,45
250,250,-150.00000000000003,0,0,34.695012094307529,,,,,position_unresolved,,,,,,,0,0,45
250,250,-100,0,0,6.1874506231116744,,,,,position_unresolved,,,,,,,0,0,45
250,250,-50,1,0,0.00012964705044782841,,30.355904062655586,37.809931649048217,0.00012964705044782841,orientation_unresolved,0.80097651646486945,1.5550566045922984,0.52357040703056124,0.13935608701072477,0.13816982837203681,2.2531396954930959e-17,0,0,45
250,250,0,1,1,0.00016756412739712105,0.056793303415345303,24.649403014828671,3.2118876174610708e-05,0.00042698550852987398,pose_found,0.83184195447128306,1.6546538366453845,0.8846714002978241,0.056340944275473211,-0.96926948083504416,-0.031906358026601009,0,0,45
250,250,50,1,1,7.2431210848756205e-05,0.076618064216538689,36.650307646322517,2.9163255329484044e-06,0.00016102569585040727,pose_found,0.8318420883463491,1.2760486509188107,1.2050380163000174,0.058787952335955435,-0.9111277864977152,-0.036054416320190241,0,0,45
250,250,100,1,1,6.4163889253523657e-05,0.078663240269635365,41.192886788230247,9.2536996916755713e-05,0.00028647149742655248,pose_found,0.83184482393900661,0.96967236438610316,1.2925211549421025,0.072770657383481235,-0.69269934108801712,-0.056039414538968609,0,0,45
250,250,150.00000000000003,1,1,5.2424785933047102e-05,0.074938702732376905,15.337774161536762,2.3861464336784355e-05,9.988911909532165e-05,pose_found,0.83184138237250804,1.8171724188590324,-1.1759470610634386,-0.057931554677253194,0.93037558066895687,0.034640849333387826,0,0,45
250,250,200,1,1,9.0778669940691319e-05,0.052181529157685709,37.798644822275527,4.0600350265719238e-05,0.00049944944380347889,pose_found,0.8318419389063868,1.4251562729645466,-0.81266889850972623,-0.056741681885659208,0.95906570549554238,0.032609306395080737,0,0,45
250,250,250,1,0,0.00016980394268461578,,42.478493580023667,44.940705849433648,0.00016980394268461578,orientation_unresolved,0.80940675253621019,1.2402798232370982,0.25526963564738631,-0.0020774551889401012,-0.63053580711095347,-0.35551731905529832,0,0,45
250,250,300.00000000000006,0,0,9.6947092238677985,,,,,position_unresolved,,,,,,,0,0,45
250,300.00000000000006,-250,0,0,129.74801061233629,,,,,position_unresolved,,,,,,,0,0,50.19442890773481
250,300.00000000000006,-200,0,0,95.358477396658316,,,,,position_unresolved,,,,,,,0,0,50.19442890773481
250,300.00000000000006,-150.00000000000003,0,0,65.001681987680186,,,,,position_unresolved,,,,,,,0,0,50.19442890773481
250,300.00000000000006,-100,0,0,39.414044845193189,,,,,position_unresolved,,,,,,,0,0,50.19442890773481
250,300.00000000000006,-50,0,0,19.007621880374273,,,,,position_unresolved,,,,,,,0,0,50.19442890773481
250,300.00000000000006,0,0,0,3.912965094842102,,,,,position_unresolved,,,,,,,0,0,50.19442890773481
250,300.00000000000006,50,1,1,0.00031633680023167234,0.021215443085641234,26.253194280803392,2.2099106182762815e-05,0.00050262630753538631,pose_found,0.91787349497733306,1.6266623985393975,0.33254504573791321,0.11003055118296449,-0.39054150577856911,-0.10180497364171137,0,0,50.19442890773481
250,300.00000000000006,100,1,1,0.0002441872078563814,0.031502948002876723,16.478464363425406,7.0181114003984961e-05,0.00033751625290577439,pose_found,0.91787227727935272,1.7972636190908367,-0.53108538619332857,-0.13859669859400375,0.30738609706163478,0.13217747724462048,0,0,50.19442890773481
250,300.00000000000006,150.00000000000003,1,1,0.00026306141419824361,0.015024585791276635,36.263803607220808,2.4777213509359197e-05,0.00053778247173505087,pose_found,0.91787355455229691,1.4407842200486172,-0.23624306395932868,-0.11630374118446081,0.36852707274491958,0.10855833228122368,0,0,50.19442890773481
250,300.00000000000006,200,0,0,5.681547339928553,,,,,position_unresolved,,,,,,,0,0,50.19442890773481
250,300.00000000000006,250,0,0,21.5606016090242,,,,,position_unresolved,,,,,,,0,0,50.19442890773481
250,350.00000000000006,-200,0,0,126.87334233651099,,,,,position_unresolved,,,,,,,0,0,54.462322208025618
250,350.00000000000006,-150.00000000000003,0,0,98.827773492148452,,,,,position_unresolved,,,,,,,0,0,54.462322208025618
250,350.00000000000006,-100,0,0,75.643600620430618,,,,,position_unresolved,,,,,,,0,0,54.462322208025618
250,350.00000000000006,-50,0,0,56.890890731213659,,,,,position_unresolved,,,,,,,0,0,54.462322208025618
250,350.00000000000006,0,0,0,43.115480028068063,,,,,position_unresolved,,,,,,,0,0,54.462322208025618
250,350.00000000000006,50,0,0,34.800716298129238,,,,,position_unresolved,,,,,,,0,0,54.462322208025618
250,350.00000000000006,100,0,0,32.268531785673815,,,,,position_unresolved,,,,,,,0,0,54.462322208025618
250,350.00000000000006,150.00000000000003,0,0,35.621905204127991,,,,,position_unresolved,,,,,,,0,0,54.462322208025618
250,350.00000000000006,200,0,0,44.724970594984342,,,,,position_unresolved,,,,,,,0,0,54.462322208025618
250,400,-100,0,0,114.22890851573402,,,,,position_unresolved,,,,,,,0,0,57.994616791916499
250,400,-50,0,0,96.961320188393586,,,,,position_unresolved,,,,,,,0,0,57.994616791916499
250,400,0,0,0,84.348556324724669,,,,,position_unresolved,,,,,,,0,0,57.994616791916499
250,400,50,0,0,76.767303260926866,,,,,position_unresolved,,,,,,,0,0,57.994616791916499
250,400,100,0,0,74.463478696234475,,,,,position_unresolved,,,,,,,0,0,57.994616791916499
300.00000000000006,-350.00000000000006,-150.00000000000003,0,0,124.951790383559,,,,,position_unresolved,,,,,,,0,0,-49.398705354995528
300.00000000000006,-350.00000000000006,-100,0,0,103.0204955262484,,,,,position_unresolved,,,,,,,0,0,-49.398705354995528
300.00000000000006,-350.00000000000006,-50,0,0,85.346774944472529,,,,,position_unresolved,,,,,,,0,0,-49.398705354995528
300.00000000000006,-350.00000000000006,0,0,0,72.418007850363949,,,,,position_unresolved,,,,,,,0,0,-49.398705354995528
300.00000000000006,-350.00000000000006,50,0,0,64.638288557930537,,,,,position_unresolved,,,,,,,0,0,-49.398705354995528
300.00000000000006,-350.00000000000006,100,0,0,62.272820716177478,,,,,position_unresolved,,,,,,,0,0,-49.398705354995528
300.00000000000006,-350.00000000000006,150.00000000000003,0,0,65.405795318157601,,,,,position_unresolved,,,,,,,0,0,-49.398705354995528
300.00000000000006,-300.00000000000006,-200,0,0,120.97879360171551,,,,,position_unresolved,,,,,,,0,0,-45
300.00000000000006,-300.00000000000006,-150.00000000000003,0,0,92.506324499791361,,,,,position_unresolved,,,,,,,0,0,-45
300.00000000000006,-300.00000000000006,-100,0,0,68.952443193858869,,,,,position_unresolved,,,,,,,0,0,-45
300.00000000000006,-300.00000000000006,-50,0,0,49.915241287937327,,,,,position_unresolved,,,,,,,0,0,-45
300.00000000000006,-300.00000000000006,0,0,0,35.914804147150655,,,,,position_unresolved,,,,,,,0,0,-45
300.00000000000006,-300.00000000000006,50,0,0,27.456987036899644,,,,,position_unresolved,,,,,,,0,0,-45
300.00000000000006,-300.00000000000006,100,0,0,24.880090891593419,,,,,position_unresolved,,,,,,,0,0,-45
300.00000000000006,-300.00000000000006,150.00000000000003,0,0,28.292558960924065,,,,,position_unresolved,,,,,,,0,0,-45
300.00000000000006,-300.00000000000006,200,0,0,37.551338814849572,,,,,position_unresolved,,,,,,,0,0,-45
300.00000000000006,-250,-250,0,0,128.77425072762981,,,,,position_unresolved,,,,,,,0,0,-39.80557109226519
300.00000000000006,-250,-200,0,0,94.596123719560865,,,,,position_unresolved,,,,,,,0,0,-39.80557109226519
300.00000000000006,-250,-150.00000000000003,0,0,63.759754140133516,,,,,position_unresolved,,,,,,,0,0,-39.80557109226519
300.00000000000006,-250,-100,0,0,38.01777352459419,,,,,position_unresolved,,,,,,,0,0,-39.80557109226519
300.00000000000006,-250,-50,0,0,17.541613547506291,,,,,position_unresolved,,,,,,,0,0,-39.80557109226519
300.00000000000006,-250,0,0,0,2.3907090921187546,,,,,position_unresolved,,,,,,,0,0,-39.80557109226519
300.00000000000006,-250,50,1,1,0.00027095796978015088,0.026193568089938373,28.12241310022085,2.0896978807108422e-05,0.00052296138832911318,pose_found,-0.72983521122016992,1.5940383757003216,0.40733810394983028,-0.083921455305854986,-0.43191866455007977,0.076245762430169423,0,0,-39.80557109226519
300.00000000000006,-250,100,1,1,0.00020859423816316531,0.035694037957237058,15.15473984241545,6.0528789568576028e-05,0.00028586384735804508,pose_found,-0.72983686925661706,1.8203669703718452,-0.58224197086314711,0.10711265402600505,0.33444925668833919,-0.10121939275307844,0,0,-39.80557109226519
300.00000000000006,-250,150.00000000000003,1,1,0.00025347309344947439,0.0047623465006486568,44.171131029685952,0.039935322495334234,0.25015685723456227,pose_near_singular,-0.72913589923959832,1.1849558263327431,0.31882090311651423,0.46570539063806426,0.0754962356259853,-0.46456429016337036,0,0,-39.80557109226519
300.00000000000006,-250,200,0,0,4.1661043156408946,,,,,position_unresolved,,,,,,,0,0,-39.80557109226519
300.00000000000006,-250,250,0,0,20.103697380600021,,,,,position_unresolved,,,,,,,0,0,-39.80557109226519
300.00000000000006,-200,-300.00000000000006,0,0,147.11291387914881,,,,,position_unresolved,,,,,,,0,0,-33.690067525979785
300.00000000000006,-200,-250,0,0,108.21732149242075,,,,,position_unresolved,,,,,,,0,0,-33.690067525979785
300.00000000000006,-200,-200,0,0,71.832547906930557,,,,,position_unresolved,,,,,,,0,0,-33.690067525979785
300.00000000000006,-200,-150.00000000000003,0,0,38.610166362438612,,,,,position_unresolved,,,,,,,0,0,-33.690067525979785
300.00000000000006,-200,-100,0,0,10.940605064977222,,,,,position_unresolved,,,,,,,0,0,-33.690067525979785
300.00000000000006,-200,-50,1,0,0.00016029802836439191,,16.411994643598323,37.200114660097896,0.00016029802836439191,orientation_unresolved,-0.45149264468801326,1.7749930966717697,0.13803610809661115,-0.95019371808545317,0.4232919263750704,0.83985116950641281,0,0,-33.690067525979785
300.00000000000006,-200,0,1,1,0.00010878083608546146,0.050135165022206579,22.632855641754773,1.4001944805784109e-05,0.0001895307292342776,pose_found,-0.62338091121414596,1.6898492278279664,0.77963196505735521,-0.045199419011449957,-0.89918242981233232,0.028137074564356646,0,0,-33.690067525979785
300.00000000000006,-200,50,1,1,5.6980688218105375e-05,0.071518343948906132,39.781125783302507,3.1074860578117248e-06,0.00013554334937746602,pose_found,-0.62338091253629724,1.3062935540896075,1.1204444940342948,-0.046832231439950286,-0.85648470172625957,0.030692477427617285,0,0,-33.690067525979785
300.00000000000006,-200,100,1,1,0.00012071957664936488,0.074679783447642006,51.806880747129846,9.008530698040357e-05,0.00022761921418984268,pose_found,-0.6233784098059777,1.0058192677064899,1.2107429422151221,-0.058736627596221155,-0.6465956825694209,0.046899353218195321,0,0,-33.690067525979785
300.00000000000006,-200,150.00000000000003,1,1,7.3740204444080231e-05,0.069722268324870454,17.053871243418978,8.980180427219608e-06,0.00027421411424397024,pose_found,-0.62338083239099873,1.7872208744963209,-1.0902197962418783,0.046125662413490955,0.8743188605625305,-0.029602846214659865,0,0,-33.690067525979785
300.00000000000006,-200,200,1,1,0.00010121647246937337,0.044970180887194545,40.008762596807941,2.5559344499663778e-05,0.00031902130552420338,pose_found,-0.62338088914798873,1.3865824409421064,-0.69945911098923785,0.045750233738370144,0.88418587673383509,-0.029014042948437048,0,0,-33.690067525979785
300.00000000000006,-200,250,1,0,0.00022533614806630436,,44.349964569899853,32.356774552853082,0.00022533614806630436,orientation_unresolved,-0.62727729025620527,0.86121044654911594,0.48688246712711525,-0.46258415654833396,-0.09825468640492975,2.7840323405132578e-18,0,0,-33.690067525979785
300.00000000000006,-200,300.00000000000006,0,0,14.408744355619429,,,,,position_unresolved,,,,,,,0,0,-33.690067525979785
300.00000000000006,-150.00000000000003,-350.00000000000006,0,0,175.73304834109132,,,,,position_unresolved,,,,,,,0,0,-26.56505117707799
300.00000000000006,-150.00000000000003,-300.00000000000006,0,0,133.44049994345932,,,,,position_unresolved,,,,,,,0,0,-26.56505117707799
300.00000000000006,-150.00000000000003,-250,0,0,91.745869407881614,,,,,position_unresolved,,,,,,,0,0,-26.56505117707799
300.00000000000006,-150.00000000000003,-200,0,0,53.18897951727336,,,,,position_unresolved,,,,,,,0,0,-26.56505117707799
300.00000000000006,-150.00000000000003,-150.00000000000003,0,0,18.716393484778258,,,,,position_unresolved,,,,,,,0,0,-26.56505117707799
300.00000000000006,-150.00000000000003,-100,1,0,0.00019454413150644188,,18.702454850214252,42.178228463268788,0.00019454413150644188,orientation_unresolved,-0.4774352635244119,1.7584476625633398,0.48196862953488806,-0.088781627222562456,0.061786555552606523,-2.5922022105980763e-17,0,0,-26.56505117707799
300.00000000000006,-150.00000000000003,-50,1,1,0.00013618198135981527,0.037832983493489764,2.8635672320103271,5.6696062349590484e-05,0.00047729450145720672,pose_found,-0.496726238195765,2.0348884013543609,0.59267951948359321,-0.03798322079699315,-1.0570794713688239,0.018672400925524916,0,0,-26.56505117707799
300.00000000000006,-150.00000000000003,0,1,1,4.5204139983930368e-05,0.076535494150020325,20.323145480785293,2.8596115018502852e-05,0.0003500759193494524,pose_found,-0.49672621374215914,1.5648176502639661,1.2018544233737323,-0.035545811716675001,-1.1960905237933872,0.013014444780202306,0,0,-26.56505117707799
300.00000000000006,-150.00000000000003,50,1,1,4.6596002072198884e-05,0.093129981044996063,25.795854367262738,2.7731997538088386e-05,0.00046447174129451562,pose_found,-0.49672714544950797,1.1851345235110242,1.4859576034899793,-0.037109011794437083,-1.1005737347212032,0.016819708378694821,0,0,-26.56505117707799
300.00000000000006,-150.00000000000003,100,1,1,4.3152152311784119e-05,0.091857132495383964,31.356235448764984,6.1246043155440121e-05,0.0001738059759208392,pose_found,-0.4967241785655982,0.84970536326085744,1.5690134548295489,-0.044093608349056165,-0.84840486927655534,0.029164311823777291,0,0,-26.56505117707799
300.00000000000006,-150.00000000000003,150.00000000000003,1,1,4.7984535604269588e-05,0.091740352811480755,5.2703313481196625,4.9586558708165781e-05,0.0002693596993113316,pose_found,-0.49672808914891686,1.9055866688916445,-1.458811692099137,0.036678752464153579,1.1242835876699497,-0.015844626543255733,0,0,-26.56505117707799
300.00000000000006,-150.00000000000003,200,1,1,5.0072613526402843e-05,0.07289051980648753,23.351202499787203,3.9751135213868794e-05,0.00045463613990800122,pose_found,-0.49672636560584715,1.5197964526391097,-1.1432409588736794,0.035568963628368429,1.1944564478426969,-0.01307701569250117,0,0,-26.56505117707799
300.00000000000006,-150.00000000000003,250,1,1,7.8413384092715474e-05,0.027144644936110136,60.393766335074332,4.7585206878337689e-05,0.00038145572319212516,pose_found,-0.49672625656774072,1.0078580827454313,-0.42635394776027735,0.03957866941216983,0.98965090524414234,-0.021735862276576052,0,0,-26.56505117707799
300.00000000000006,-150.00000000000003,300.00000000000006,1,0,0.00024173577792743658,,12.945204149729385,52.098074378958074,0.00024173577792743658,orientation_unresolved,-0.37068729862040456,1.2005592520964814,-0.12569308305590055,0.71415914549375814,-0.33987464981034343,-1.3248598920392858,0,0,-26.56505117707799
300.00000000000006,-150.00000000000003,350.00000000000006,0,0,20.954184345783766,,,,,position_unresolved,,,,,,,0,0,-26.56505117707799
300.00000000000006,-100,-350.00000000000006,0,0,166.02661781979623,,,,,position_unresolved,,,,,,,0,0,-18.43494882292201
300.00000000000006,-100,-300.00000000000006,0,0,122.56775384451926,,,,,position_unresolved,,,,,,,0,0,-18.43494882292201
300.00000000000006,-100,-250,0,0,79.958107132829227,,,,,position_unresolved,,,,,,,0,0,-18.43494882292201
300.00000000000006,-100,-200,0,0,40.793755956634016,,,,,position_unresolved,,,,,,,0,0,-18.43494882292201
300.00000000000006,-100,-150.00000000000003,0,0,3.8503625916174595,,,,,position_unresolved,,,,,,,0,0,-18.43494882292201
300.00000000000006,-100,-100,1,0,0.00011892454379996098,,28.340675242913647,52.292599576480377,0.00011892454379996098,orientation_unresolved,-0.3266806907698262,1.5902289826778746,0.66135120689900517,-0.061900418765146112,0.23000524860410537,2.4588259002353709e-18,0,0,-18.43494882292201
300.00000000000006,-100,-50,1,1,5.164672714723297e-05,0.059410972033278164,7.8943626477974407,5.7832528527944024e-05,0.00046453720714369039,pose_found,-0.34840315229560448,1.9470844573546386,0.93248208429781387,-0.027593972126926342,-1.3088644558509799,0.0071470363896833497,0,0,-18.43494882292201
300.00000000000006,-100,0,1,1,4.5889277920348689e-05,0.090945024567067864,9.0787012665104818,2.6099739764287149e-05,0.00026470120258100953,pose_found,-0.34840285143058991,1.5196488145869949,1.4434269562611901,-0.027082326326429141,-1.3923430978893094,0.0048084325910541445,0,0,-18.43494882292201
300.00000000000006,-100,50,1,1,4.9589172642068754e-05,0.10560779607466242,15.820197960564917,5.4838611791010809e-05,0.00020919761305852582,pose_found,-0.348400884205603,1.1251546822519622,1.7202149693059854,-0.027862313008560454,-1.2746817840657467,0.0081322233474494555,0,0,-18.43494882292201
300.00000000000006,-100,100,1,1,5.0157952069300318e-05,0.095893749278935958,17.849688285892679,3.679639124349579e-05,0.00011422740592064676,pose_found,-0.34840169225268974,0.75149700026612709,1.8047471733975695,-0.031970131499764541,-0.98568324051130696,0.017660991742378788,0,0,-18.43494882292201
300.00000000000006,-100,150.00000000000003,1,1,3.7506590867417117e-05,0.059974192534644914,24.25508810052284,6.35835882014396e-05,0.00018206568959764792,pose_found,-0.34840068485199516,0.46107996047653116,1.6929518567256387,-0.048362496288575918,-0.58377347374824429,0.040362548986097771,0,0,-18.43494882292201
300.00000000000006,-100,200,1,1,3.3293501085510583e-05,0.014391830477569097,41.684841498607213,0.0002037632412371043,0.00056374700650269451,pose_found,-0.34839544327531841,0.31884506512172517,1.3887452721183966,-0.1929778550091962,-0.13934902589402223,0.19115260355037647,0,0,-18.43494882292201
300.00000000000006,-100,250,1,1,0.00010439582515715595,0.052730903799822496,41.455002551562139,3.2043868818013652e-05,0.00024959110866803119,pose_found,-0.34840324464809452,1.1240743117251233,-0.8272700408474869,0.027870736084299332,1.2741012352124201,-0.0081502723199318693,0,0,-18.43494882292201
300.00000000000006,-100,300.00000000000006,1,0,0.00019416359711806392,,15.857884193240622,120.26990764149799,0.00019416359711806392,orientation_unresolved,-0.45584169605819641,1.4691702707543233,-0.61618844424012775,-0.95986476986390368,-0.28163525912800375,-0.86708778612155168,0,0,-18.43494882292201
300.00000000000006,-100,350.00000000000006,0,0,5.4924337235201044,,,,,position_unresolved,,,,,,,0,0,-18.43494882292201
300.00000000000006,-50,-350.00000000000006,0,0,160.64917334624764,,,,,position_unresolved,,,,,,,0,0,-9.4623222080256166
300.00000000000006,-50,-300.00000000000006,0,0,115.88640654477734,,,,,position_unresolved,,,,,,,0,0,-9.4623222080256166
300.00000000000006,-50,-250,0,0,73.005996632838617,,,,,position_unresolved,,,,,,,0,0,-9.4623222080256166
300.00000000000006,-50,-200,0,0,32.710574261205053,,,,,position_unresolved,,,,,,,0,0,-9.4623222080256166
300.00000000000006,-50,-150.00000000000003,1,0,0.00020025880468659614,,7.1028270804455911,48.441473772862885,0.00020025880468659614,orientation_unresolved,-0.17180176026895641,1.9608993591515698,0.44991485399734626,-0.035772562000856281,0.0048269032297999842,-7.2598603841396038e-18,0,0,-9.4623222080256166
300.00000000000006,-50,-100,1,0,9.0636444008907607e-05,,2.0879925827048651,82.95963978296524,9.0636444008907607e-05,orientation_unresolved,-0.2704321107558777,2.0484247325797416,-0.48792891514343972,0.20069126853410219,1.0923105713383432,0.77278605657843324,0,0,-9.4623222080256166
300.00000000000006,-50,-50,1,1,4.0796833372545892e-05,0.069148062329275339,6.2552487589108479,4.4383977015697781e-05,0.00034171879943983369,pose_found,-0.18034599644083879,1.9238123020977622,1.0885914377727615,-0.015324994559455475,-1.4416216404206132,0.0019742384883882826,0,0,-9.4623222080256166
300.00000000000006,-50,0,1,1,3.4427357696725125e-05,0.098514800822501969,2.1800247693299806,5.995494967647185e-05,0.0002711637098125843,pose_found,-0.18034882368856756,1.507656697246726,1.5758809451454099,-0.015226793555389711,-1.5127477167950585,0.00088347998162220318,0,0,-9.4623222080256166
300.00000000000006,-50,50,1,1,2.727475756792143e-05,0.11026694276621257,9.4882751049449148,8.8504960692263512e-05,0.00035578484435968996,pose_found,-0.18034623926858931,1.1003665963084255,1.8556042730437614,-0.015463243569713144,-1.3851946858785973,0.0028537619314383841,0,0,-9.4623222080256166
300.00000000000006,-50,100,1,1,7.5486944423647958e-05,0.095292132684587458,9.9121065452985828,3.7127801689831015e-05,0.00012187009065260789,pose_found,-0.18034427648123869,0.6965218012101918,1.9432841094171189,-0.017331104365403211,-1.0690729442481077,0.0083357332764958467,0,0,-9.4623222080256166
300.00000000000006,-50,150.00000000000003,1,1,3.6271938558461593e-05,0.060681110302782892,16.541928204374447,9.9783756216107641e-05,0.000300015229640671,pose_found,-0.18034154445004488,0.37629067684457262,1.8275718926462121,-0.025673538212137085,-0.63322351250777431,0.02069744563677221,0,0,-9.4623222080256166
300.00000000000006,-50,200,1,1,3.7059369513308215e-05,0.095382057779127449,1.6590503464677147,2.2860886969699356e-05,0.00016210810441310262,pose_found,-0.18034673110616969,1.5775545345549098,-1.5218404357926822,0.015221920766321773,1.515088359646128,-0.00084760801703645202,0,0,-9.4623222080256166
300.00000000000006,-50,250,1,1,0.0001072629360398385,0.031290903546431534,64.263162500350035,9.9412738062887421e-05,0.00028792555261792795,pose_found,-0.18034164528471058,0.25095166148566017,0.99467923106579992,0.04751988682022109,0.32550762781918596,-0.04502789291813411,0,0,-9.4623222080256166
300.00000000000006,-50,300.00000000000006,1,0,0.00013931117233352848,,15.674696085353757,125.44582085486945,0.00013931117233352848,orientation_unresolved,-0.3513480136761527,1.5232086955309661,-0.68932399849966908,-0.96306200549702803,-0.40182323369886253,-0.86708778612155168,0,0,-9.4623222080256166
300.00000000000006,-50,350.00000000000006,1,0,0.00027238415808530805,,69.760240200735211,33.508900761156589,0.00027238415808530805,orientation_unresolved,-0.1709570017571809,0.65036696528027627,0.24723142224128053,-0.019091182950977829,0.088759640475232812,3.0042256910941376e-17,0,0,-9.4623222080256166
300.00000000000006,0,-350.00000000000006,0,0,158.9557865501065,,,,,position_unresolved,,,,,,,0,0,0
300.00000000000006,0,-300.00000000000006,0,0,113.91875638551839,,,,,position_unresolved,,,,,,,0,0,0
300.00000000000006,0,-250,0,0,70.57777651466175,,,,,position_unresolved,,,,,,,0,0,0
300.00000000000006,0,-200,0,0,29.540529225377963,,,,,position_unresolved,,,,,,,0,0,0
300.00000000000006,0,-150.00000000000003,1,0,0.0002158653955540565,,7.5202703826478539,42.965912199573125,0.0002158653955540565,orientation_unresolved,0,1.9536135990877426,0.6442108745263746,0,-0.27713151281387055,0,0,0,0
300.00000000000006,0,-100,1,0,0.00010456769191037806,,33.742410525916497,58.976571419176416,0.00010456769191037806,orientation_unresolved,0,1.4959509166683271,0.76482692329422231,0,0.33935383963456023,0,0,0,0
300.00000000000006,0,-50,1,1,6.1420401110107739e-05,0.072074351866710115,3.7776091275677404,3.8077604357966607e-05,0.00028854395023967979,pose_found,-6.4195821329008971e-08,1.9196455268263466,1.1360160738480833,-8.6543563539942939e-08,-1.484864609665449,8.0602969127600726e-09,0,0,0
300.00000000000006,0,0,1,1,2.5839765009704694e-05,0.10088395143078853,0,0.17307194663129369,0.48327551048876022,pose_found,0,1.5062937561168106,1.6183195727845345,0,-1.5507963267948965,0,0,0,0
300.00000000000006,0,50,1,1,5.6685137133763224e-05,0.10849388078242923,7.2794376394480178,1.8663234862428016e-05,7.4982830276378704e-05,pose_found,0,1.0943235412941228,1.900219283528596,0,-1.4237461722929248,0,0,0,0
300.00000000000006,0,100,1,1,4.4314828635873191e-05,0.094603529528626287,7.2716153072078216,3.3291596675326135e-05,0.00011532074302326603,pose_found,-1.4807234644684326e-06,0.67884856999162912,1.9893693753918642,-2.2508415251954108e-06,-1.0974213725987554,1.0893131586513484e-06,0,0,0
300.00000000000006,0,150.00000000000003,1,1,2.5925922028701243e-05,0.060515718727199332,14.007375126126012,5.0757699095826959e-05,0.00015522264800057656,pose_found,-2.3758232778476265e-06,0.34726128837123765,1.8718081889282048,-5.3915472514437626e-06,-0.64827314958452886,4.4026912118854965e-06,0,0,0
300.00000000000006,0,200,1,1,3.5915916679745184e-05,0.016913697322402898,31.621636850530791,9.9996721866507185e-05,0.00029055991292796518,pose_found,-4.5733871507711374e-06,0.18357455722667176,1.5643813265293274,-3.5846529987153416e-05,-0.17715955698790212,3.5352062669171898e-05,0,0,0
300.00000000000006,0,250,1,1,5.8972458264977178e-05,0.066390263076353734,29.002315144149556,5.9958128643639995e-05,0.00044457975801897719,pose_found,4.039637080617608e-08,1.158596399934092,-1.044610436828473,-5.4624825631356788e-08,1.4568093173146253,6.73796044232501e-09,0,0,0
300.00000000000006,0,300.00000000000006,1,0,0.00014066944627873885,,70.854084409738348,15.502957983497305,0.00014066944627873885,orientation_unresolved,0,0.28939443690837879,0.8759128731686896,0,0.13491135610745952,0,0,0,0
300.00000000000006,0,350.00000000000006,1,0,0.00020533725273309757,,70.854084409738348,30.783246576588493,0.00020533725273309757,orientation_unresolved,0,0.57836940296810568,0.30263099280592626,0,0.15252692380612271,0,0,0,0
300.00000000000006,50,-350.00000000000006,0,0,160.66558500601624,,,,,position_unresolved,,,,,,,0,0,9.4623222080256166
300.00000000000006,50,-300.00000000000006,0,0,115.88640654477734,,,,,position_unresolved,,,,,,,0,0,9.4623222080256166
300.00000000000006,50,-250,0,0,72.951037908165333,,,,,position_unresolved,,,,,,,0,0,9.4623222080256166
300.00000000000006,50,-200,0,0,33.372989769713584,,,,,position_unresolved,,,,,,,0,0,9.4623222080256166
300.00000000000006,50,-150.00000000000003,1,0,0.00020025880468659614,,7.1028270804455911,48.441473772862885,0.00020025880468659614,orientation_unresolved,0.17180176026895641,1.9608993591515698,0.44991485399734626,0.035772562000856281,0.0048269032297999842,7.2598603841396038e-18,0,0,9.4623222080256166
300.00000000000006,50,-100,1,0,9.628158631393937e-05,,15.932185963173827,58.94294984133618,9.628158631393937e-05,orientation_unresolved,0.22527869103569598,1.4950599666567796,0.89620117997923132,-0.73305638090183844,0.14392895348850379,1.2727272246974892,0,0,9.4623222080256166
300.00000000000006,50,-50,1,1,4.0796833372545892e-05,0.069148242009369934,6.2551840180245035,6.1694226289733597e-05,0.00047458124794872391,pose_found,0.18034588509543159,1.9238108448877718,1.0885943261652253,0.015324837330495793,-1.4416227703622406,-0.0019741939298258751,0,0,9.4623222080256166
300.00000000000006,50,0,1,1,3.4427357696725125e-05,0.098514871795309336,2.1800067034349611,6.9427010425350576e-05,0.00033804687215052345,pose_found,0.18034292448110972,1.5076560049209609,1.5758821315847338,0.015218772484398272,-1.5127480321044089,-0.00088296370444865442,0,0,9.4623222080256166
300.00000000000006,50,50,1,1,3.2341778984745186e-05,0.1102669896758823,9.4879461315811273,1.4780104526683161e-05,5.1460518491051822e-05,pose_found,0.18034530351300698,1.1003706236295518,1.8556044777127356,0.015461926775744511,-1.3852004275469467,-0.0028534275782714094,0,0,9.4623222080256166
300.00000000000006,50,100,1,1,6.4972575500336419e-05,0.095292094958849841,9.9121209377872521,1.9344801408102257e-05,6.4972575500336419e-05,pose_found,0.18034688003244936,0.69652154083544171,1.9432838582208041,0.01733517581830837,-1.0690723312083696,-0.008337822401814193,0,0,9.4623222080256166
300.00000000000006,50,150.00000000000003,1,1,5.8060662056633992e-05,0.060681083994303067,16.54194340800316,4.7335433039381439e-05,0.00014232483337386399,pose_found,0.18034813880514383,0.37629063900302656,1.8275716272928328,0.02568899835288542,-0.63322332238168688,-0.020710219394438394,0,0,9.4623222080256166
300.00000000000006,50,200,1,1,3.7059369513308215e-05,0.095381851098195386,1.6592552549048722,9.0406958992137557e-06,7.9595203210671434e-05,pose_found,0.18034609537672389,1.5775525570404327,-1.5218368594657887,-0.015221062613638666,1.5150872248564267,0.00084758197644803986,0,0,9.4623222080256166
300.00000000000006,50,250,1,1,4.8142241278114419e-05,0.063272823283061705,31.863624455899561,4.8528154745366884e-05,0.00036463405559699084,pose_found,0.18034604838647733,1.1530398785135521,-0.99467116842046244,-0.015389948885759432,1.4124469060139211,0.0024270201323699074,0,0,9.4623222080256166
300.00000000000006,50,300.00000000000006,1,0,9.0093995362301241e-05,,28.833750312653738,99.676900989576652,9.0093995362301241e-05,orientation_unresolved,-0.1377472739505661,0.88846868481262087,0.54331429487846528,-0.73339318278216514,-0.95941430688581331,-0.63150906978386401,0,0,9.4623222080256166
300.00000000000006,50,350.00000000000006,1,0,0.00027238415808530805,,69.760240200735211,33.508900761156589,0.00027238415808530805,orientation_unresolved,0.1709570017571809,0.65036696528027627,0.24723142224128053,0.019091182950977829,0.088759640475232812,-3.0042256910941376e-17,0,0,9.4623222080256166
300.00000000000006,100,-350.00000000000006,0,0,166.02661781979623,,,,,position_unresolved,,,,,,,0,0,18.43494882292201
300.00000000000006,100,-300.00000000000006,0,0,122.79941444235997,,,,,position_unresolved,,,,,,,0,0,18.43494882292201
300.00000000000006,100,-250,0,0,79.937674274521996,,,,,position_unresolved,,,,,,,0,0,18.43494882292201
300.00000000000006,100,-200,0,0,40.793755956634016,,,,,position_unresolved,,,,,,,0,0,18.43494882292201
300.00000000000006,100,-150.00000000000003,0,0,3.8503625916174595,,,,,position_unresolved,,,,,,,0,0,18.43494882292201
300.00000000000006,100,-100,1,0,0.00011892454379996098,,28.340675242913647,52.292599576480377,0.00011892454379996098,orientation_unresolved,0.3266806907698262,1.5902289826778746,0.66135120689900517,0.061900418765146112,0.23000524860410537,-2.4588259002353709e-18,0,0,18.43494882292201
300.00000000000006,100,-50,1,1,9.3036183234965648e-05,0.059410972033278261,7.8943626477974407,5.7832528527944024e-05,0.00046453720714369039,pose_found,0.34840315229560448,1.9470844573546386,0.93248208429781387,0.027593972126926342,-1.3088644558509799,-0.0071470363896833497,0,0,18.43494882292201
300.00000000000006,100,0,1,1,6.3998805809489318e-05,0.09094489024051397,9.07875026619047,1.5906614787689558e-05,0.00012007590255213492,pose_found,0.34840271910122717,1.5196500069948951,1.4434246701775981,0.027082148338755253,-1.3923422426835612,-0.0048084287341031645,0,0,18.43494882292201
300.00000000000006,100,50,1,1,3.8500403632991438e-05,0.10560778718852301,15.82024474493506,1.5089108854557403e-05,0.0001339027181152542,pose_found,0.34840357094107149,1.1251537788075594,1.7202153403463301,0.027866265158401692,-1.2746809675244493,-0.0081335006249942544,0,0,18.43494882292201
300.00000000000006,100,100,1,1,5.0713946502950026e-05,0.095893702492597946,17.849717629065164,6.909626623613789e-05,0.00021774261685357412,pose_found,0.34840039391972238,0.75149658112362561,1.8047466612625966,0.031967954034654349,-0.98568201693200375,-0.017659738481547192,0,0,18.43494882292201
300.00000000000006,100,150.00000000000003,1,1,3.7308451458298191e-05,0.059974195056072259,24.255086918685105,6.9769243742897775e-05,0.00019977154979029568,pose_found,0.34840043869141668,0.46107996155681558,1.6929518773525984,0.048361853996003817,-0.5837734867451424,-0.040361999576647226,0,0,18.43494882292201
300.00000000000006,100,200,1,1,4.0057466908437375e-05,0.014391926548488023,41.684777312031905,0.00028250441731411885,0.00078159548915748909,pose_found,0.34839244034765571,0.31884498312766985,1.3887463923854713,0.19294532617772517,-0.13934952097206738,-0.19112031828760348,0,0,18.43494882292201
300.00000000000006,100,250,1,1,7.7619962868896502e-05,0.052731811892224582,41.45418462904091,3.385580272643775e-05,0.00026371427701448342,pose_found,0.34840318023992023,1.1240813545004682,-0.82728431628850851,-0.027870571593640356,1.2741073148947755,0.0081500256410550857,0,0,18.43494882292201
300.00000000000006,100,300.00000000000006,1,0,0.00016230349841329662,,7.9269234145017542,89.543797676882093,0.00016230349841329662,orientation_unresolved,0.52645545369851388,1.4105163725201386,-0.76120495483159134,-1.0982861482994304,0.41434426194464663,-0.57509251989015331,0,0,18.43494882292201
300.00000000000006,100,350.00000000000006,0,0,5.4924337235201204,,,,,position_unresolved,,,,,,,0,0,18.43494882292201
300.00000000000006,150.00000000000003,-350.00000000000006,0,0,175.73304834109132,,,,,position_unresolved,,,,,,,0,0,26.56505117707799
300.00000000000006,150.00000000000003,-300.00000000000006,0,0,133.44049994345932,,,,,position_unresolved,,,,,,,0,0,26.56505117707799
300.00000000000006,150.00000000000003,-250,0,0,91.745869407881614,,,,,position_unresolved,,,,,,,0,0,26.56505117707799
300.00000000000006,150.00000000000003,-200,0,0,53.508875238832758,,,,,position_unresolved,,,,,,,0,0,26.56505117707799
300.00000000000006,150.00000000000003,-150.00000000000003,0,0,18.723780048822899,,,,,position_unresolved,,,,,,,0,0,26.56505117707799
300.00000000000006,150.00000000000003,-100,1,0,0.00019454413150644188,,18.702454850214252,42.178228463268788,0.00019454413150644188,orientation_unresolved,0.4774352635244119,1.7584476625633398,0.48196862953488806,0.088781627222562456,0.061786555552606523,2.5922022105980763e-17,0,0,26.56505117707799
300.00000000000006,150.00000000000003,-50,1,1,0.00013137737651077854,0.037832872318207242,2.8635191591845697,5.1140198345235196e-05,0.0004305213699617591,pose_found,0.49672624451975056,2.0348892403834511,0.59267778771401214,0.037983250999799135,-1.0570786762998354,-0.018672445865374067,0,0,26.56505117707799
300.00000000000006,150.00000000000003,0,1,1,4.5204139983930368e-05,0.076535494150020311,20.323145480785293,2.8596115018502852e-05,0.0003500759193494524,pose_found,0.49672621374215914,1.5648176502639661,1.2018544233737323,0.035545811716675001,-1.1960905237933872,-0.013014444780202306,0,0,26.56505117707799
300.00000000000006,150.00000000000003,50,1,1,4.6596002072198884e-05,0.093129876309231668,25.79589641941083,1.0751695652863719e-05,0.00031548436477393246,pose_found,0.49672659829302457,1.1851355999265434,1.4859556518435513,0.037108124170576448,-1.1005730007727614,-0.016819296767938304,0,0,26.56505117707799
300.00000000000006,150.00000000000003,100,1,1,4.3152152311784119e-05,0.091856862152495736,31.356322797859043,2.3318528854143288e-05,0.00014077179903628816,pose_found,0.49672683443607368,0.84970546081932652,1.569011930300259,0.044098983369096366,-0.84840327675866634,-0.02916812625287336,0,0,26.56505117707799
300.00000000000006,150.00000000000003,150.00000000000003,1,1,4.7984535604269588e-05,0.091740114345686755,5.2705776001643141,8.3584413527735134e-06,0.00011870849394797744,pose_found,0.49672600942007333,1.9055852001315892,-1.458807394190168,-0.036675409691543523,1.1242806356426083,0.01584313782188412,0,0,26.56505117707799
300.00000000000006,150.00000000000003,200,1,1,4.4294829892528572e-05,0.072889784102284555,23.351883043369245,1.6461132405044784e-05,0.0001876277122222525,pose_found,0.49672635135896182,1.5197904634074006,-1.1432290811474695,-0.0355690449388332,1.1944515422767781,0.013077245374364294,0,0,26.56505117707799
300.00000000000006,150.00000000000003,250,1,1,9.2275926038072742e-05,0.027144568691395862,60.393766176089123,4.4724665784894075e-05,0.00035852454557081724,pose_found,0.49672625934255593,1.0078575153588645,-0.42635275943805961,-0.039578690367888754,0.98965033476475728,0.021735894528250272,0,0,26.56505117707799
300.00000000000006,150.00000000000003,300.00000000000006,1,0,0.00027051979018402199,,61.570512797981785,21.722012390337323,0.00027051979018402199,orientation_unresolved,0.47618815632880807,0.72907152855320723,0.32531636627085414,0.056224898065859862,0.1422506305829459,-5.7608558965397458e-18,0,0,26.56505117707799
300.00000000000006,150.00000000000003,350.00000000000006,0,0,20.954184345783766,,,,,position_unresolved,,,,,,,0,0,26.56505117707799
300.00000000000006,200,-300.00000000000006,0,0,147.11291387914881,,,,,position_unresolved,,,,,,,0,0,33.690067525979785
300.00000000000006,200,-250,0,0,107.82526182032643,,,,,position_unresolved,,,,,,,0,0,33.690067525979785
300.00000000000006,200,-200,0,0,71.832547906930557,,,,,position_unresolved,,,,,,,0,0,33.690067525979785
300.00000000000006,200,-150.00000000000003,0,0,38.947962171417309,,,,,position_unresolved,,,,,,,0,0,33.690067525979785
300.00000000000006,200,-100,0,0,10.94060506497722,,,,,position_unresolved,,,,,,,0,0,33.690067525979785
300.00000000000006,200,-50,1,0,0.0001680779520910793,,19.282089630119458,39.068618697294369,0.0001680779520910793,orientation_unresolved,0.63854186332907736,1.7483311271949213,0.046649270347982962,-0.15519555575276142,0.45604794368580465,0.28350653092189176,0,0,33.690067525979785
300.00000000000006,200,0,1,1,0.00014752143784779167,0.050135674309521004,22.633076832215647,3.7122389613220722e-05,0.00050263850888367491,pose_found,0.6233808419913629,1.6898453673261502,0.7796399276558369,0.045199123304065184,-0.89918612506321871,-0.028136737529997572,0,0,33.690067525979785
300.00000000000006,200,50,1,1,7.4916496359448822e-05,0.07151834394890616,39.781125783302507,3.1074860578117248e-06,0.00013554334937746602,pose_found,0.62338091253629724,1.3062935540896075,1.1204444940342948,0.046832231439950286,-0.85648470172625957,-0.030692477427617285,0,0,33.690067525979785
300.00000000000006,200,100,1,1,9.2889649879550495e-05,0.074679449693527675,51.806898973268893,3.3344166121358231e-05,9.2889649879550495e-05,pose_found,0.62338188613696832,1.0058193284690335,1.2107424034395673,0.058745961362265772,-0.64659536446328469,-0.046907143418704889,0,0,33.690067525979785
300.00000000000006,200,150.00000000000003,1,1,7.3740204444080231e-05,0.06972143112745563,17.054229802607352,1.4293908342787665e-05,0.00050758264597981686,pose_found,0.62338101611918517,1.7872146164579206,-1.0902061943510806,-0.046126374872550481,0.87431190238747114,0.029603587564287714,0,0,33.690067525979785
300.00000000000006,200,200,1,1,0.00010121647246937337,0.044969014474867168,40.009266396354633,2.5389747332741488e-05,0.00031688391761229068,pose_found,0.62338101953295388,1.3865736479812465,-0.69944094772237353,-0.045750864659762615,0.88417740496348063,0.029014788725154741,0,0,33.690067525979785
300.00000000000006,200,250,1,0,0.00016373063896919381,,5.9096147404048249,86.799935972067772,0.00016373063896919381,orientation_unresolved,0.61488168306635249,0.90136700441589812,0.21277499901458022,-0.06425008666492335,0.26850370756132991,-1.4476540920504424,0,0,33.690067525979785
300.00000000000006,200,300.00000000000006,0,0,14.408744355619447,,,,,position_unresolved,,,,,,,0,0,33.690067525979785
300.00000000000006,250,-250,0,0,128.71184906078665,,,,,position_unresolved,,,,,,,0,0,39.80557109226519
300.00000000000006,250,-200,0,0,94.596123719560865,,,,,position_unresolved,,,,,,,0,0,39.80557109226519
300.00000000000006,250,-150.00000000000003,0,0,63.717328439479388,,,,,position_unresolved,,,,,,,0,0,39.80557109226519
300.00000000000006,250,-100,0,0,38.017773524594176,,,,,position_unresolved,,,,,,,0,0,39.80557109226519
300.00000000000006,250,-50,0,0,17.541613547506284,,,,,position_unresolved,,,,,,,0,0,39.80557109226519
300.00000000000006,250,0,0,0,2.390709092118775,,,,,position_unresolved,,,,,,,0,0,39.80557109226519
300.00000000000006,250,50,1,1,0.00019084422119454095,0.026193568089938356,28.12241310022085,2.0896978807108422e-05,0.00052296138832911318,pose_found,0.72983521122016992,1.5940383757003216,0.40733810394983028,0.083921455305854986,-0.43191866455007977,-0.076245762430169423,0,0,39.80557109226519
300.00000000000006,250,100,1,1,0.00020716782690495688,0.034208786626019005,45.585709063995168,9.2548454963580734e-05,0.00040337253054814517,pose_found,0.72983344036322995,1.2892463628822233,0.58226108204325411,0.11797766278013272,-0.30269052072890351,-0.11266036047411224,0,0,39.80557109226519
300.00000000000006,250,150.00000000000003,1,1,0.00023593117927494248,0.004826398732056909,44.506252658316917,0.043644137628784052,0.27236808489073805,pose_near_singular,0.72906681826503361,1.1854805637401822,0.317583237944633,-0.45985641482380829,0.076115511729017288,0.4587065813121512,0,0,39.80557109226519
300.00000000000006,250,200,0,0,4.1661043156408857,,,,,position_unresolved,,,,,,,0,0,39.80557109226519
300.00000000000006,250,250,0,0,20.103697380600028,,,,,position_unresolved,,,,,,,0,0,39.80557109226519
300.00000000000006,300.00000000000006,-200,0,0,120.97879360171551,,,,,position_unresolved,,,,,,,0,0,45
300.00000000000006,300.00000000000006,-150.00000000000003,0,0,92.495483641641599,,,,,position_unresolved,,,,,,,0,0,45
300.00000000000006,300.00000000000006,-100,0,0,68.952443193858869,,,,,position_unresolved,,,,,,,0,0,45
300.00000000000006,300.00000000000006,-50,0,0,49.915241287937341,,,,,position_unresolved,,,,,,,0,0,45
300.00000000000006,300.00000000000006,0,0,0,35.914804147150619,,,,,position_unresolved,,,,,,,0,0,45
300.00000000000006,300.00000000000006,50,0,0,27.456987036899619,,,,,position_unresolved,,,,,,,0,0,45
300.00000000000006,300.00000000000006,100,0,0,24.880090891593412,,,,,position_unresolved,,,,,,,0,0,45
300.00000000000006,300.00000000000006,150.00000000000003,0,0,28.292558960924087,,,,,position_unresolved,,,,,,,0,0,45
300.00000000000006,300.00000000000006,200,0,0,37.551338814849572,,,,,position_unresolved,,,,,,,0,0,45
300.00000000000006,350.00000000000006,-150.00000000000003,0,0,124.95179038355897,,,,,position_unresolved,,,,,,,0,0,49.398705354995528
300.00000000000006,350.00000000000006,-100,0,0,103.0204955262484,,,,,position_unresolved,,,,,,,0,0,49.398705354995528
300.00000000000006,350.00000000000006,-50,0,0,85.346774944472529,,,,,position_unresolved,,,,,,,0,0,49.398705354995528
300.00000000000006,350.00000000000006,0,0,0,72.418007850363949,,,,,position_unresolved,,,,,,,0,0,49.398705354995528
300.00000000000006,350.00000000000006,50,0,0,64.638288557930551,,,,,position_unresolved,,,,,,,0,0,49.398705354995528
300.00000000000006,350.00000000000006,100,0,0,62.272820716177485,,,,,position_unresolved,,,,,,,0,0,49.398705354995528
300.00000000000006,350.00000000000006,150.00000000000003,0,0,65.405795318157615,,,,,position_unresolved,,,,,,,0,0,49.398705354995528
350.00000000000006,-300.00000000000006,-150.00000000000003,0,0,123.78757755019691,,,,,position_unresolved,,,,,,,0,0,-40.601294645004472
350.00000000000006,-300.00000000000006,-100,0,0,101.80447441150531,,,,,position_unresolved,,,,,,,0,0,-40.601294645004472
350.00000000000006,-300.00000000000006,-50,0,0,84.085518617437941,,,,,position_unresolved,,,,,,,0,0,-40.601294645004472
350.00000000000006,-300.00000000000006,0,0,0,71.121466716273616,,,,,position_unresolved,,,,,,,0,0,-40.601294645004472
350.00000000000006,-300.00000000000006,50,0,0,63.319546134656193,,,,,position_unresolved,,,,,,,0,0,-40.601294645004472
350.00000000000006,-300.00000000000006,100,0,0,60.947176116855459,,,,,position_unresolved,,,,,,,0,0,-40.601294645004472
350.00000000000006,-300.00000000000006,150.00000000000003,0,0,64.089276955632059,,,,,position_unresolved,,,,,,,0,0,-40.601294645004472
350.00000000000006,-250,-200,0,0,124.3581516203256,,,,,position_unresolved,,,,,,,0,0,-35.537677791974382
350.00000000000006,-250,-150.00000000000003,0,0,96.392661017686294,,,,,position_unresolved,,,,,,,0,0,-35.537677791974382
350.00000000000006,-250,-100,0,0,73.064920027359932,,,,,position_unresolved,,,,,,,0,0,-35.537677791974382
350.00000000000006,-250,-50,0,0,54.203605106697182,,,,,position_unresolved,,,,,,,0,0,-35.537677791974382
350.00000000000006,-250,0,0,0,40.342381409478442,,,,,position_unresolved,,,,,,,0,0,-35.537677791974382
350.00000000000006,-250,50,0,0,31.973107892215726,,,,,position_unresolved,,,,,,,0,0,-35.537677791974382
350.00000000000006,-250,100,0,0,29.423893231581161,,,,,position_unresolved,,,,,,,0,0,-35.537677791974382
350.00000000000006,-250,150.00000000000003,0,0,32.799775837599945,,,,,position_unresolved,,,,,,,0,0,-35.537677791974382
350.00000000000006,-250,200,0,0,41.96218079642933,,,,,position_unresolved,,,,,,,0,0,-35.537677791974382
350.00000000000006,-200,-250,0,0,136.5613373694832,,,,,position_unresolved,,,,,,,0,0,-29.744881296942225
350.00000000000006,-200,-200,0,0,103.47833965613331,,,,,position_unresolved,,,,,,,0,0,-29.744881296942225
350.00000000000006,-200,-150.00000000000003,0,0,73.117303878349119,,,,,position_unresolved,,,,,,,0,0,-29.744881296942225
350.00000000000006,-200,-100,0,0,48.154016263087343,,,,,position_unresolved,,,,,,,0,0,-29.744881296942225
350.00000000000006,-200,-50,0,0,28.173293519518005,,,,,position_unresolved,,,,,,,0,0,-29.744881296942225
350.00000000000006,-200,0,0,0,13.420882250162718,,,,,position_unresolved,,,,,,,0,0,-29.744881296942225
350.00000000000006,-200,50,0,0,4.4823004889093481,,,,,position_unresolved,,,,,,,0,0,-29.744881296942225
350.00000000000006,-200,100,0,0,1.7546944340720043,,,,,position_unresolved,,,,,,,0,0,-29.744881296942225
350.00000000000006,-200,150.00000000000003,0,0,5.366307851714315,,,,,position_unresolved,,,,,,,0,0,-29.744881296942225
350.00000000000006,-200,200,0,0,15.148064134251388,,,,,position_unresolved,,,,,,,0,0,-29.744881296942225
350.00000000000006,-200,250,0,0,30.670783906117887,,,,,position_unresolved,,,,,,,0,0,-29.744881296942225
350.00000000000006,-150.00000000000003,-300.00000000000006,0,0,158.74695008947509,,,,,position_unresolved,,,,,,,0,0,-23.198590513648188
350.00000000000006,-150.00000000000003,-250,0,0,120.52088882976707,,,,,position_unresolved,,,,,,,0,0,-23.198590513648188
350.00000000000006,-150.00000000000003,-200,0,0,85.533003179181989,,,,,position_unresolved,,,,,,,0,0,-23.198590513648188
350.00000000000006,-150.00000000000003,-150.00000000000003,0,0,54.376415003171559,,,,,position_unresolved,,,,,,,0,0,-23.198590513648188
350.00000000000006,-150.00000000000003,-100,0,0,27.755596977520977,,,,,position_unresolved,,,,,,,0,0,-23.198590513648188
350.00000000000006,-150.00000000000003,-50,0,0,6.751492769040353,,,,,position_unresolved,,,,,,,0,0,-23.198590513648188
350.00000000000006,-150.00000000000003,0,1,1,0.00020197068030128237,0.0022631729576268887,5.4298801945138973,0.015377809852743996,0.18900052189332139,pose_near_singular,-0.42768161052421338,1.9900977905220638,0.035377025639545125,-0.051848025121726808,-0.45494103734502134,0.046576010310406743,0,0,-23.198590513648188
350.00000000000006,-150.00000000000003,50,1,1,0.00013051259373567445,0.048801510755362133,36.545923870319506,1.5179270986690174e-05,0.00052830768014691567,pose_found,-0.42769501356054662,1.4470203781848969,0.75666017134066366,-0.038540637931729335,-0.63323833823254327,0.031073562720885201,0,0,-23.198590513648188
350.00000000000006,-150.00000000000003,100,1,1,0.00011971249071177836,0.055301589231944372,7.7468118669139683,1.637762578768807e-05,0.00016744204907844122,pose_found,-0.42769482598569247,1.949659704294944,-0.87084733832319317,0.048243445332876056,0.4924688970011824,-0.042517929955585287,0,0,-23.198590513648188
350.00000000000006,-150.00000000000003,150.00000000000003,1,1,0.00023876955399318613,0.046249529908482433,25.229600556996424,3.5102065404500192e-05,0.00044710254974771106,pose_found,-0.42769441503841632,1.6445274792225786,-0.71644588579878044,0.038031602428122001,0.64306160408929225,-0.030440491606322524,0,0,-23.198590513648188
350.00000000000006,-150.00000000000003,200,1,0,0.00026492042629511816,,29.886227456764903,52.947332735908098,0.00026492042629511816,orientation_unresolved,-0.3992907628499362,1.1277453272206399,0.025903916901553532,-0.11591527507747597,0.37009997773662756,1.0291832566744177,0,0,-23.198590513648188
350.00000000000006,-150.00000000000003,250,0,0,9.3826294933384702,,,,,position_unresolved,,,,,,,0,0,-23.198590513648188
350.00000000000006,-150.00000000000003,300.00000000000006,0,0,31.085595584592287,,,,,position_unresolved,,,,,,,0,0,-23.198590513648188
350.00000000000006,-100,-300.00000000000006,0,0,148.86477348335254,,,,,position_unresolved,,,,,,,0,0,-15.945395900922856
350.00000000000006,-100,-250,0,0,109.17086436941119,,,,,position_unresolved,,,,,,,0,0,-15.945395900922856
350.00000000000006,-100,-200,0,0,73.077905915555093,,,,,position_unresolved,,,,,,,0,0,-15.945395900922856
350.00000000000006,-100,-150.00000000000003,0,0,40.847942924316882,,,,,position_unresolved,,,,,,,0,0,-15.945395900922856
350.00000000000006,-100,-100,0,0,12.554519241204847,,,,,position_unresolved,,,,,,,0,0,-15.945395900922856
350.00000000000006,-100,-50,1,0,0.00019352284775697861,,25.25759692158665,32.273441592424248,0.00019352284775697861,orientation_unresolved,-0.28650881846119541,1.6440388504818904,0.43570082231672524,-0.047292391923427081,0.052498363336791261,-1.2885286688703363e-17,0,0,-15.945395900922856
350.00000000000006,-100,0,1,1,8.1086134360297508e-05,0.047707884444048387,21.866908772590065,3.8144168420438795e-05,0.0005212403233566859,pose_found,-0.29565166285212885,1.7032175225902328,0.74137160003470126,-0.022628381650839361,-0.87391815541259243,0.014524942600064079,0,0,-15.945395900922856
350.00000000000006,-100,50,1,1,8.4557907865066202e-05,0.069760665713590325,40.87617213870837,7.44142358102595e-06,0.00037302594151110099,pose_found,-0.29565165873207477,1.3170973740005973,1.0909359285206464,-0.023358414704700306,-0.8373725373624632,0.015638080529210924,0,0,-15.945395900922856
350.00000000000006,-100,100,1,1,6.6385955582556235e-05,0.074330057656984777,0,0.079955752553915002,0.5019205068718483,pose_found,-0.2956520132609971,2.0848670779051615,-1.1823159600629527,0.028050935292403829,0.66704096695083293,-0.02204086094348465,0,0,-15.945395900922856
350.00000000000006,-100,150.00000000000003,1,1,5.6720870410121765e-05,0.067912343260718322,17.670302200065763,8.1388684404139763e-06,0.00024416003454577417,pose_found,-0.2956515975658251,1.7764621246916161,-1.0602343963320771,0.023002547161887137,0.85469950765324132,-0.015101412004524712,0,0,-15.945395900922856
350.00000000000006,-100,200,1,1,7.4227188489596645e-05,0.042290296907567054,40.866643258225096,3.6951150495062185e-05,0.00046417688416546443,pose_found,-0.2956516778057332,1.3716095988111903,-0.65743138775643661,0.022961822259317415,0.85674795731576769,-0.015039157749745088,0,0,-15.945395900922856
350.00000000000006,-100,250,1,0,0.00032838391117845351,,41.247492367400582,45.062090554994803,0.00032838391117845351,orientation_unresolved,-0.22338214691796526,1.3599035223596743,-0.44631651065865285,-0.51673251143354659,0.28586620850023647,-0.21475069134326405,0,0,-15.945395900922856
350.00000000000006,-100,300.00000000000006,0,0,16.008906536454056,,,,,position_unresolved,,,,,,,0,0,-15.945395900922856
350.00000000000006,-50,-300.00000000000006,0,0,141.90180086661709,,,,,position_unresolved,,,,,,,0,0,-8.1301023541559783
350.00000000000006,-50,-250,0,0,102.13019539871871,,,,,position_unresolved,,,,,,,0,0,-8.1301023541559783
350.00000000000006,-50,-200,0,0,65.999870896582678,,,,,position_unresolved,,,,,,,0,0,-8.1301023541559783
350.00000000000006,-50,-150.00000000000003,0,0,31.752630067264761,,,,,position_unresolved,,,,,,,0,0,-8.1301023541559783
350.00000000000006,-50,-100,0,0,3.1607410551982049,,,,,position_unresolved,,,,,,,0,0,-8.1301023541559783
350.00000000000006,-50,-50,1,0,0.00012794857827404404,,14.020305404758123,43.015025263955579,0.00012794857827404404,orientation_unresolved,-0.1133681659245809,1.512150192880787,0.64554671956653586,-0.99193656998773172,0.084219938776218223,0.61301856364660401,0,0,-8.1301023541559783
350.00000000000006,-50,0,1,1,8.5060032123934455e-05,0.060795408975471067,25.794340634077386,2.3739978166864643e-05,0.00031709314757373259,pose_found,-0.15136830477497076,1.6346709054595492,0.94776106082832134,-0.011172724078749132,-1.0116632926430538,0.0059267586674335553,0,0,-8.1301023541559783
350.00000000000006,-50,50,1,1,6.3506076083000006e-05,0.0799086114624072,34.708384091201239,7.1526165505586301e-06,0.00043442546853923497,pose_found,-0.15136832286382632,1.2576693899186455,1.2581153929417128,-0.011685659645981374,-0.94502074635661515,0.0068447974787265702,0,0,-8.1301023541559783
350.00000000000006,-50,100,1,1,5.2421497664790886e-05,0.083218851942401556,44.2367100228414,9.3247419945119542e-05,0.00025365267814397846,pose_found,-0.15136551637403833,0.9469612586927012,1.3442067642925013,-0.014350469452629142,-0.72042284418333258,0.010784831899844796,0,0,-8.1301023541559783
350.00000000000006,-50,150.00000000000003,1,1,0.00013098419039425684,0.078269272186958241,14.30167151628217,9.8729287937860861e-06,0.00030296872885475084,pose_found,-0.15136814520477929,1.8352558214073478,-1.2295913576784767,0.011519978055727572,0.96516278511204745,-0.0065583050888446464,0,0,-8.1301023541559783
350.00000000000006,-50,200,1,1,8.8515388740566012e-05,0.0564393232004297,36.568806981725139,2.4606632852102439e-05,0.00030356821660371233,pose_found,-0.15136830795060544,1.446620992547768,-0.87951668884308254,0.011228897826330658,1.0037201593418794,-0.0060319807566118532,0,0,-8.1301023541559783
350.00000000000006,-50,250,1,0,0.00014069648380417182,,27.412301041387405,20.612460558057045,0.00014069648380417182,orientation_unresolved,-0.17566937919718137,0.72142368183734473,0.65982614393743044,-0.75820215271583669,-0.088185083246613477,1.0229712015472392,0,0,-8.1301023541559783
350.00000000000006,-50,300.00000000000006,0,0,6.68863448683061,,,,,position_unresolved,,,,,,,0,0,-8.1301023541559783
350.00000000000006,0,-300.00000000000006,0,0,139.90036941508319,,,,,position_unresolved,,,,,,,0,0,0
350.00000000000006,0,-250,0,0,99.763161731397801,,,,,position_unresolved,,,,,,,0,0,0
350.00000000000006,0,-200,0,0,62.477706162227477,,,,,position_unresolved,,,,,,,0,0,0
350.00000000000006,0,-150.00000000000003,0,0,28.742617970351532,,,,,position_unresolved,,,,,,,0,0,0
350.00000000000006,0,-100,1,0,0.025321657918336515,,0.32210967857368095,30.877954102580233,0.025321657918336515,orientation_unresolved,-0.010844175685342345,2.0792452034615101,0.020895062091445839,1.1756390941908963,0.024439175457939888,-1.1963284223999642,0,0,0
350.00000000000006,0,-50,1,0,0.00013734711103187956,,4.3082648590393768,39.8313546474497,0.00013734711103187956,orientation_unresolved,-0.26198408404477125,1.7558252513911521,0.19920475402839777,1.1614436545977107,0.62763595434211383,-1.1963284223999642,0,0,0
350.00000000000006,0,0,1,1,7.2309140827254292e-05,0.064604730014766201,26.845218346300594,1.1983267337249243e-05,0.00015796729729685457,pose_found,0,1.6163296293454288,1.0085194522783014,0,-1.0540525456813634,0,0,0,0
350.00000000000006,0,50,1,1,5.5233849248784893e-05,0.083036169699240589,32.713818274642072,4.5888336912088109e-06,0.00028795925365816068,pose_found,0,1.239978095133687,1.3106507987547682,0,-0.97983248700330172,0,0,0,0
350.00000000000006,0,100,1,1,5.7958052253803677e-05,0.086155382239827202,41.2897412540351,1.7597455999007296e-05,0.00028915222137709671,pose_found,0,0.92447688462116717,1.3956410722616148,0,-0.74932193722143259,0,0,0,0
350.00000000000006,0,150.00000000000003,1,1,5.3256998306483161e-05,0.081452951801122553,13.309647058025355,5.1148919844495903e-06,0.00018525011116129518,pose_found,-2.5589000321576513e-08,1.8525699144642422,-1.2825844725571542,4.6768513139200382e-08,1.0008109730585981,-2.7539484097852186e-08,0,0,0
350.00000000000006,0,200,1,1,7.0298253367504735e-05,0.060460914962822937,34.807655618656781,3.6408251671694391e-05,0.00044397425821288979,pose_found,-1.9202182693047189e-09,1.4660983765990305,-0.943288131349032,3.4040904073568692e-09,1.0479854461018874,-1.8684704004028055e-09,0,0,0
350.00000000000006,0,250,1,0,0.00011216923916151854,,70.854084409738348,13.038330040503388,0.00011216923916151854,orientation_unresolved,0,0.67060976081393109,0.7106072243610051,0,-0.037982446548509262,0,0,0,0
350.00000000000006,0,300.00000000000006,0,0,3.5329517290032428,,,,,position_unresolved,,,,,,,0,0,0
350.00000000000006,50,-300.00000000000006,0,0,141.90180086661709,,,,,position_unresolved,,,,,,,0,0,8.1301023541559783
350.00000000000006,50,-250,0,0,102.13019539871871,,,,,position_unresolved,,,,,,,0,0,8.1301023541559783
350.00000000000006,50,-200,0,0,65.258969607159102,,,,,position_unresolved,,,,,,,0,0,8.1301023541559783
350.00000000000006,50,-150.00000000000003,0,0,31.749124028741608,,,,,position_unresolved,,,,,,,0,0,8.1301023541559783
350.00000000000006,50,-100,0,0,3.1635633257574276,,,,,position_unresolved,,,,,,,0,0,8.1301023541559783
350.00000000000006,50,-50,1,0,0.00011605509686262728,,10.605742197600252,98.777801457611844,0.00011605509686262728,orientation_unresolved,0.32313238086841733,1.899761956939338,-0.24898981813635562,-0.59460169295455878,0.71843041122778273,-0.93415610407754868,0,0,8.1301023541559783
350.00000000000006,50,0,1,1,8.5060032123934455e-05,0.060795408975471067,25.794340634077386,2.3739978166864643e-05,0.00031709314757373259,pose_found,0.15136830477497076,1.6346709054595492,0.94776106082832134,0.011172724078749132,-1.0116632926430538,-0.0059267586674335553,0,0,8.1301023541559783
350.00000000000006,50,50,1,1,6.3506076083000006e-05,0.0799086114624072,34.708384091201239,7.1526165505586301e-06,0.00043442546853923497,pose_found,0.15136832286382632,1.2576693899186455,1.2581153929417128,0.011685659645981374,-0.94502074635661515,-0.0068447974787265702,0,0,8.1301023541559783
350.00000000000006,50,100,1,1,8.706675082823087e-05,0.08321874398918884,44.236832725466954,0.0001028702251676856,0.00027992507040507379,pose_found,0.1513652189011582,0.94696191665799045,1.3442046227276845,0.014349792900771615,-0.72042117452083299,-0.010784311568269346,0,0,8.1301023541559783
350.00000000000006,50,150.00000000000003,1,1,7.9493719230888597e-05,0.078268894510982803,14.301835211543303,3.4115002124963259e-06,9.9279828011276144e-05,pose_found,0.15136839313279221,1.8352529643860711,-1.2295850755960949,-0.011520481000776512,0.96515954256459568,0.0065586484736494212,0,0,8.1301023541559783
350.00000000000006,50,200,1,1,8.0193393444165956e-05,0.056438526495850808,36.569159574875549,3.2121182493838258e-05,0.00025052412586875164,pose_found,0.15136751884167091,1.4466148386363733,-0.87950415062733067,-0.011227494670292604,1.0037145330250263,0.0060312142232609141,0,0,8.1301023541559783
350.00000000000006,50,250,1,0,0.00017933328448346169,,50.051002860129167,36.640366350773085,0.00017933328448346169,orientation_unresolved,0.20295450952668873,1.0097811605367459,0.61444268425201898,0.18923395655476055,-0.67724153296054379,-0.38295275549740587,0,0,8.1301023541559783
350.00000000000006,50,300.00000000000006,0,0,6.6886344868306526,,,,,position_unresolved,,,,,,,0,0,8.1301023541559783
350.00000000000006,100,-300.00000000000006,0,0,148.29748235081121,,,,,position_unresolved,,,,,,,0,0,15.945395900922856
350.00000000000006,100,-250,0,0,108.99985322790499,,,,,position_unresolved,,,,,,,0,0,15.945395900922856
350.00000000000006,100,-200,0,0,72.770547276229507,,,,,position_unresolved,,,,,,,0,0,15.945395900922856
350.00000000000006,100,-150.00000000000003,0,0,39.988138049077314,,,,,position_unresolved,,,,,,,0,0,15.945395900922856
350.00000000000006,100,-100,0,0,12.554519241204847,,,,,position_unresolved,,,,,,,0,0,15.945395900922856
350.00000000000006,100,-50,1,0,0.00019352284775697861,,25.25759692158665,32.273441592424248,0.00019352284775697861,orientation_unresolved,0.28650881846119541,1.6440388504818904,0.43570082231672524,0.047292391923427081,0.052498363336791261,1.2885286688703363e-17,0,0,15.945395900922856
350.00000000000006,100,0,1,1,8.1086134360297508e-05,0.047707884444048367,21.866908772590065,3.8144168420438795e-05,0.0005212403233566859,pose_found,0.29565166285212885,1.7032175225902328,0.74137160003470126,0.022628381650839361,-0.87391815541259243,-0.014524942600064079,0,0,15.945395900922856
350.00000000000006,100,50,1,1,8.4557907865066202e-05,0.069760665713590492,40.87617213870837,7.44142358102595e-06,0.00037302594151110099,pose_found,0.29565165873207477,1.3170973740005973,1.0909359285206464,0.023358414704700306,-0.8373725373624632,-0.015638080529210924,0,0,15.945395900922856
350.00000000000006,100,100,1,1,6.6385955582556235e-05,0.074330057656763288,0,0.079955752553046697,0.50192050681709488,pose_found,0.29565201326739132,2.0848670779051615,-1.1823159600623407,-0.028050935309137465,0.66704096695047677,0.022040860957303773,0,0,15.945395900922856
350.00000000000006,100,150.00000000000003,1,1,8.3210402645780783e-05,0.067911916812803091,17.670484389548957,4.4701604453557381e-06,0.00014300809173836755,pose_found,0.29565177634661305,1.7764589448852719,-1.0602274952894661,-0.023003013439759107,0.85469597517892748,0.015101802933074572,0,0,15.945395900922856
350.00000000000006,100,200,1,1,7.4227188489596645e-05,0.042288899749316586,40.867244200737929,2.0175907170123241e-05,0.0002533956084397232,pose_found,0.29565174564120361,1.3715991103857261,-0.6574096633434563,-0.022962194789206795,0.85673772133252102,0.015039604058053343,0,0,15.945395900922856
350.00000000000006,100,250,1,0,0.00029244600098477939,,0,106.13950546699141,0.00029244600098477939,orientation_unresolved,0.16721843008796289,1.3387538857521817,-0.21075608067887311,-1.2366370614359172,-0.27948845389356991,-0.46671896251600731,0,0,15.945395900922856
350.00000000000006,100,300.00000000000006,0,0,16.008906536454056,,,,,position_unresolved,,,,,,,0,0,15.945395900922856
350.00000000000006,150.00000000000003,-300.00000000000006,0,0,158.69497782151518,,,,,position_unresolved,,,,,,,0,0,23.198590513648188
350.00000000000006,150.00000000000003,-250,0,0,120.52088882976707,,,,,position_unresolved,,,,,,,0,0,23.198590513648188
350.00000000000006,150.00000000000003,-200,0,0,85.533003179181989,,,,,position_unresolved,,,,,,,0,0,23.198590513648188
350.00000000000006,150.00000000000003,-150.00000000000003,0,0,54.354999906364085,,,,,position_unresolved,,,,,,,0,0,23.198590513648188
350.00000000000006,150.00000000000003,-100,0,0,27.75559697752098,,,,,position_unresolved,,,,,,,0,0,23.198590513648188
350.00000000000006,150.00000000000003,-50,0,0,6.7514927690403814,,,,,position_unresolved,,,,,,,0,0,23.198590513648188
350.00000000000006,150.00000000000003,0,1,1,0.00021858420900517465,0.0022631729576268913,5.4298801945138973,0.015377809852743996,0.18900052189332139,pose_near_singular,0.42768161052421338,1.9900977905220638,0.035377025639545125,0.051848025121726808,-0.45494103734502134,-0.046576010310406743,0,0,23.198590513648188
350.00000000000006,150.00000000000003,50,1,1,0.0001797690925356349,0.048801510755362147,36.545923870319506,1.5179270986690174e-05,0.00052830768014691567,pose_found,0.42769501356054662,1.4470203781848969,0.75666017134066366,0.038540637931729335,-0.63323833823254327,-0.031073562720885201,0,0,23.198590513648188
350.00000000000006,150.00000000000003,100,1,1,0.00010551481434573224,0.054748539951634874,53.095731484417684,9.0320140149787205e-05,0.00021606442720551705,pose_found,0.42769297946371926,1.1581717447472566,0.87084522267225328,0.05150504265036817,-0.45874738429044587,-0.046187645426653788,0,0,23.198590513648188
350.00000000000006,150.00000000000003,150.00000000000003,1,1,0.00019095445796120633,0.046248370263523388,25.230081358884856,8.8448757850435904e-06,0.00026011297383275972,pose_found,0.42769528469088913,1.6445190876465756,-0.71642781400255151,-0.03803456857485691,0.64305234192494065,0.03044318268251494,0,0,23.198590513648188
350.00000000000006,150.00000000000003,200,1,0,0.00024288747329799949,,37.111452345172076,54.312824926964907,0.00024288747329799949,orientation_unresolved,0.44918681812560068,1.0312322958685973,0.32395796308543146,-0.5889200278156933,0.12943671080827393,-0.36311314617480667,0,0,23.198590513648188
350.00000000000006,150.00000000000003,250,0,0,9.3826294933385057,,,,,position_unresolved,,,,,,,0,0,23.198590513648188
350.00000000000006,150.00000000000003,300.00000000000006,0,0,31.085595584592287,,,,,position_unresolved,,,,,,,0,0,23.198590513648188
350.00000000000006,200,-250,0,0,136.5613373694832,,,,,position_unresolved,,,,,,,0,0,29.744881296942225
350.00000000000006,200,-200,0,0,103.39008538853406,,,,,position_unresolved,,,,,,,0,0,29.744881296942225
350.00000000000006,200,-150.00000000000003,0,0,73.11964634294516,,,,,position_unresolved,,,,,,,0,0,29.744881296942225
350.00000000000006,200,-100,0,0,48.154016263087328,,,,,position_unresolved,,,,,,,0,0,29.744881296942225
350.00000000000006,200,-50,0,0,28.173293519517991,,,,,position_unresolved,,,,,,,0,0,29.744881296942225
350.00000000000006,200,0,0,0,13.420882250162673,,,,,position_unresolved,,,,,,,0,0,29.744881296942225
350.00000000000006,200,50,0,0,4.482300488909333,,,,,position_unresolved,,,,,,,0,0,29.744881296942225
350.00000000000006,200,100,0,0,1.7546944340705639,,,,,position_unresolved,,,,,,,0,0,29.744881296942225
350.00000000000006,200,150.00000000000003,0,0,5.366307851714315,,,,,position_unresolved,,,,,,,0,0,29.744881296942225
350.00000000000006,200,200,0,0,15.148064134251374,,,,,position_unresolved,,,,,,,0,0,29.744881296942225
350.00000000000006,200,250,0,0,30.670783906117872,,,,,position_unresolved,,,,,,,0,0,29.744881296942225
350.00000000000006,250,-200,0,0,124.84828278590861,,,,,position_unresolved,,,,,,,0,0,35.537677791974382
350.00000000000006,250,-150.00000000000003,0,0,96.382708072413095,,,,,position_unresolved,,,,,,,0,0,35.537677791974382
350.00000000000006,250,-100,0,0,73.064920027359946,,,,,position_unresolved,,,,,,,0,0,35.537677791974382
350.00000000000006,250,-50,0,0,54.203605106697147,,,,,position_unresolved,,,,,,,0,0,35.537677791974382
350.00000000000006,250,0,0,0,40.342381409478399,,,,,position_unresolved,,,,,,,0,0,35.537677791974382
350.00000000000006,250,50,0,0,31.973107892215726,,,,,position_unresolved,,,,,,,0,0,35.537677791974382
350.00000000000006,250,100,0,0,29.423893231581172,,,,,position_unresolved,,,,,,,0,0,35.537677791974382
350.00000000000006,250,150.00000000000003,0,0,32.799775837599945,,,,,position_unresolved,,,,,,,0,0,35.537677791974382
350.00000000000006,250,200,0,0,41.962180796429337,,,,,position_unresolved,,,,,,,0,0,35.537677791974382
350.00000000000006,300.00000000000006,-150.00000000000003,0,0,123.78757755019691,,,,,position_unresolved,,,,,,,0,0,40.601294645004472
350.00000000000006,300.00000000000006,-100,0,0,101.80447441150531,,,,,position_unresolved,,,,,,,0,0,40.601294645004472
350.00000000000006,300.00000000000006,-50,0,0,84.085518617437955,,,,,position_unresolved,,,,,,,0,0,40.601294645004472
350.00000000000006,300.00000000000006,0,0,0,71.12146671627363,,,,,position_unresolved,,,,,,,0,0,40.601294645004472
350.00000000000006,300.00000000000006,50,0,0,63.319546134656164,,,,,position_unresolved,,,,,,,0,0,40.601294645004472
350.00000000000006,300.00000000000006,100,0,0,60.947176116855459,,,,,position_unresolved,,,,,,,0,0,40.601294645004472
350.00000000000006,300.00000000000006,150.00000000000003,0,0,64.089276955632059,,,,,position_unresolved,,,,,,,0,0,40.601294645004472
400,-250,-100,0,0,110.65351588521729,,,,,position_unresolved,,,,,,,0,0,-32.005383208083494
400,-250,-50,0,0,93.258453720737805,,,,,position_unresolved,,,,,,,0,0,-32.005383208083494
400,-250,0,0,0,80.546657288544409,,,,,position_unresolved,,,,,,,0,0,-32.005383208083494
400,-250,50,0,0,72.903276556654589,,,,,position_unresolved,,,,,,,0,0,-32.005383208083494
400,-250,100,0,0,70.580166384995309,,,,,position_unresolved,,,,,,,0,0,-32.005383208083494
400,-200,-200,0,0,137.44312008972707,,,,,position_unresolved,,,,,,,0,0,-26.56505117707799
400,-200,-150.00000000000003,0,0,110.30454815411356,,,,,position_unresolved,,,,,,,0,0,-26.56505117707799
400,-200,-100,0,0,87.702673901034288,,,,,position_unresolved,,,,,,,0,0,-26.56505117707799
400,-200,-50,0,0,69.441364345124796,,,,,position_unresolved,,,,,,,0,0,-26.56505117707799
400,-200,0,0,0,56.052849224786776,,,,,position_unresolved,,,,,,,0,0,-26.56505117707799
400,-200,50,0,0,47.983200134128104,,,,,position_unresolved,,,,,,,0,0,-26.56505117707799
400,-200,100,0,0,45.527490543264577,,,,,position_unresolved,,,,,,,0,0,-26.56505117707799
400,-200,150.00000000000003,0,0,48.779774432612967,,,,,position_unresolved,,,,,,,0,0,-26.56505117707799
400,-200,200,0,0,57.615927046733312,,,,,position_unresolved,,,,,,,0,0,-26.56505117707799
400,-150.00000000000003,-200,0,0,120.94726626741296,,,,,position_unresolved,,,,,,,0,0,-20.556045219583464
400,-150.00000000000003,-150.00000000000003,0,0,92.60096165778306,,,,,position_unresolved,,,,,,,0,0,-20.556045219583464
400,-150.00000000000003,-100,0,0,69.061137241562662,,,,,position_unresolved,,,,,,,0,0,-20.556045219583464
400,-150.00000000000003,-50,0,0,50.028627188757412,,,,,position_unresolved,,,,,,,0,0,-20.556045219583464
400,-150.00000000000003,0,0,0,36.031907472966196,,,,,position_unresolved,,,,,,,0,0,-20.556045219583464
400,-150.00000000000003,50,0,0,27.576456576334415,,,,,position_unresolved,,,,,,,0,0,-20.556045219583464
400,-150.00000000000003,100,0,0,25.000300480660666,,,,,position_unresolved,,,,,,,0,0,-20.556045219583464
400,-150.00000000000003,150.00000000000003,0,0,28.411790487582692,,,,,position_unresolved,,,,,,,0,0,-20.556045219583464
400,-150.00000000000003,200,0,0,37.667995073110113,,,,,position_unresolved,,,,,,,0,0,-20.556045219583464
400,-100,-250,0,0,142.42776101144398,,,,,position_unresolved,,,,,,,0,0,-14.036243467926477
400,-100,-200,0,0,108.97038082834457,,,,,position_unresolved,,,,,,,0,0,-14.036243467926477
400,-100,-150.00000000000003,0,0,79.712804288633279,,,,,position_unresolved,,,,,,,0,0,-14.036243467926477
400,-100,-100,0,0,55.26925728757066,,,,,position_unresolved,,,,,,,0,0,-14.036243467926477
400,-100,-50,0,0,35.621905204127977,,,,,position_unresolved,,,,,,,0,0,-14.036243467926477
400,-100,0,0,0,21.136203214422725,,,,,position_unresolved,,,,,,,0,0,-14.036243467926477
400,-100,50,0,0,12.368627932316954,,,,,position_unresolved,,,,,,,0,0,-14.036243467926477
400,-100,100,0,0,9.6947092238677612,,,,,position_unresolved,,,,,,,0,0,-14.036243467926477
400,-100,150.00000000000003,0,0,13.235389346355921,,,,,position_unresolved,,,,,,,0,0,-14.036243467926477
400,-100,200,0,0,22.831185388438293,,,,,position_unresolved,,,,,,,0,0,-14.036243467926477
400,-100,250,0,0,38.076042211634025,,,,,position_unresolved,,,,,,,0,0,-14.036243467926477
400,-50,-250,0,0,135.35344837483515,,,,,position_unresolved,,,,,,,0,0,-7.1250163489017977
400,-50,-200,0,0,101.77443339867985,,,,,position_unresolved,,,,,,,0,0,-7.1250163489017977
400,-50,-150.00000000000003,0,0,71.673258699851445,,,,,position_unresolved,,,,,,,0,0,-7.1250163489017977
400,-50,-100,0,0,46.785621052130892,,,,,position_unresolved,,,,,,,0,0,-7.1250163489017977
400,-50,-50,0,0,26.739452290539546,,,,,position_unresolved,,,,,,,0,0,-7.1250163489017977
400,-50,0,0,0,11.934548034789309,,,,,position_unresolved,,,,,,,0,0,-7.1250163489017977
400,-50,50,0,0,2.962244383900285,,,,,position_unresolved,,,,,,,0,0,-7.1250163489017977
400,-50,100,1,1,0.23017765593444287,0.0017695545074438144,28.901518536916846,0.025772420683969281,0.32613282643708091,pose_near_singular,-0.13030843734330466,1.5804404206097882,-0.054671542223075423,0.12160107700800707,0.04540071999548493,-0.12147129705866697,0,0,-7.1250163489017977
400,-50,150.00000000000003,0,0,3.8496549321019198,,,,,position_unresolved,,,,,,,0,0,-7.1250163489017977
400,-50,200,0,0,13.668073858069432,,,,,position_unresolved,,,,,,,0,0,-7.1250163489017977
400,-50,250,0,0,29.245463985038079,,,,,position_unresolved,,,,,,,0,0,-7.1250163489017977
400,0,-250,0,0,133.09723939402159,,,,,position_unresolved,,,,,,,0,0,0
400,0,-200,0,0,99.309710307489766,,,,,position_unresolved,,,,,,,0,0,0
400,0,-150.00000000000003,0,0,69.220318580399336,,,,,position_unresolved,,,,,,,0,0,0
400,0,-100,0,0,43.920969832451249,,,,,position_unresolved,,,,,,,0,0,0
400,0,-50,0,0,23.73636204220141,,,,,position_unresolved,,,,,,,0,0,0
400,0,0,0,0,8.8202721223624465,,,,,position_unresolved,,,,,,,0,0,0
400,0,50,1,0,0.00066812411058702877,,8.472297945875507,142.52982802682109,0.00066812411058702877,orientation_unresolved,-0.017048098760760633,1.6520950820035292,0.042678453554763095,1.0887675670704373,0.045954063836400827,1.3932375818733436,0,0,0
400,0,100,1,1,0.00023837174073272665,0.021025196736870602,21.855493013297675,3.1594205398642293e-06,0.0005255981601560275,pose_found,-1.0604829847182424e-08,1.7034167651765002,-0.3241897690230176,9.9569463717311885e-08,0.19156938514539582,-9.8209257892138281e-08,0,0,0
400,0,150.00000000000003,1,0,0.67110014954834674,,37.308682087248698,9.4061202509246744,0.67110014954834674,orientation_unresolved,-2.6215889985393618e-05,1.4337077359028414,0.00015606339726036202,-0.56944542504394069,-0.00011587511007735675,0.65993143793390274,0,0,0
400,0,200,0,0,10.567242189897696,,,,,position_unresolved,,,,,,,0,0,0
400,0,250,0,0,26.260410295537103,,,,,position_unresolved,,,,,,,0,0,0
400,50,-250,0,0,135.22337598473857,,,,,position_unresolved,,,,,,,0,0,7.1250163489017977
400,50,-200,0,0,101.77443339867985,,,,,position_unresolved,,,,,,,0,0,7.1250163489017977
400,50,-150.00000000000003,0,0,71.744144335434243,,,,,position_unresolved,,,,,,,0,0,7.1250163489017977
400,50,-100,0,0,46.785621052130907,,,,,position_unresolved,,,,,,,0,0,7.1250163489017977
400,50,-50,0,0,26.739452290539557,,,,,position_unresolved,,,,,,,0,0,7.1250163489017977
400,50,0,0,0,11.934548034789309,,,,,position_unresolved,,,,,,,0,0,7.1250163489017977
400,50,50,0,0,2.962244383900285,,,,,position_unresolved,,,,,,,0,0,7.1250163489017977
400,50,100,1,1,0.22444332255187388,0.0016746774062639531,32.526429371143955,0.054418874717524462,0.45169580545374072,pose_near_singular,0.12970019255115151,1.5171737914613108,0.084193337884510749,0.14251950803449209,-0.03104097366733052,-0.14244400140515176,0,0,7.1250163489017977
400,50,150.00000000000003,0,0,3.8496549321019367,,,,,position_unresolved,,,,,,,0,0,7.1250163489017977
400,50,200,0,0,13.668073858069446,,,,,position_unresolved,,,,,,,0,0,7.1250163489017977
400,50,250,0,0,29.2454639850381,,,,,position_unresolved,,,,,,,0,0,7.1250163489017977
400,100,-250,0,0,142.16404543716359,,,,,position_unresolved,,,,,,,0,0,14.036243467926477
400,100,-200,0,0,108.75737859676128,,,,,position_unresolved,,,,,,,0,0,14.036243467926477
400,100,-150.00000000000003,0,0,79.706577760923935,,,,,position_unresolved,,,,,,,0,0,14.036243467926477
400,100,-100,0,0,55.269257287570667,,,,,position_unresolved,,,,,,,0,0,14.036243467926477
400,100,-50,0,0,35.621905204127991,,,,,position_unresolved,,,,,,,0,0,14.036243467926477
400,100,0,0,0,21.136203214422739,,,,,position_unresolved,,,,,,,0,0,14.036243467926477
400,100,50,0,0,12.36862793231697,,,,,position_unresolved,,,,,,,0,0,14.036243467926477
400,100,100,0,0,9.6947092238677612,,,,,position_unresolved,,,,,,,0,0,14.036243467926477
400,100,150.00000000000003,0,0,13.235389346355893,,,,,position_unresolved,,,,,,,0,0,14.036243467926477
400,100,200,0,0,22.831185388438257,,,,,position_unresolved,,,,,,,0,0,14.036243467926477
400,100,250,0,0,38.076042211634032,,,,,position_unresolved,,,,,,,0,0,14.036243467926477
400,150.00000000000003,-200,0,0,121.08737585166521,,,,,position_unresolved,,,,,,,0,0,20.556045219583464
400,150.00000000000003,-150.00000000000003,0,0,92.600066242245902,,,,,position_unresolved,,,,,,,0,0,20.556045219583464
400,150.00000000000003,-100,0,0,69.061137241562676,,,,,position_unresolved,,,,,,,0,0,20.556045219583464
400,150.00000000000003,-50,0,0,50.02862718875739,,,,,position_unresolved,,,,,,,0,0,20.556045219583464
400,150.00000000000003,0,0,0,36.031907472966203,,,,,position_unresolved,,,,,,,0,0,20.556045219583464
400,150.00000000000003,50,0,0,27.576456576334397,,,,,position_unresolved,,,,,,,0,0,20.556045219583464
400,150.00000000000003,100,0,0,25.000300480660684,,,,,position_unresolved,,,,,,,0,0,20.556045219583464
400,150.00000000000003,150.00000000000003,0,0,28.411790487582692,,,,,position_unresolved,,,,,,,0,0,20.556045219583464
400,150.00000000000003,200,0,0,37.66799507311012,,,,,position_unresolved,,,,,,,0,0,20.556045219583464
400,200,-200,0,0,137.52433559988043,,,,,position_unresolved,,,,,,,0,0,26.56505117707799
400,200,-150.00000000000003,0,0,110.30454815411356,,,,,position_unresolved,,,,,,,0,0,26.56505117707799
400,200,-100,0,0,87.702673901034288,,,,,position_unresolved,,,,,,,0,0,26.56505117707799
400,200,-50,0,0,69.441364345124796,,,,,position_unresolved,,,,,,,0,0,26.56505117707799
400,200,0,0,0,56.052849224786776,,,,,position_unresolved,,,,,,,0,0,26.56505117707799
400,200,50,0,0,47.983200134128097,,,,,position_unresolved,,,,,,,0,0,26.56505117707799
400,200,100,0,0,45.527490543264577,,,,,position_unresolved,,,,,,,0,0,26.56505117707799
400,200,150.00000000000003,0,0,48.779774432612967,,,,,position_unresolved,,,,,,,0,0,26.56505117707799
400,200,200,0,0,57.615927046733347,,,,,position_unresolved,,,,,,,0,0,26.56505117707799
400,250,-100,0,0,110.65351588521733,,,,,position_unresolved,,,,,,,0,0,32.005383208083494
400,250,-50,0,0,93.258453720737791,,,,,position_unresolved,,,,,,,0,0,32.005383208083494
400,250,0,0,0,80.546657288544424,,,,,position_unresolved,,,,,,,0,0,32.005383208083494
400,250,50,0,0,72.903276556654589,,,,,position_unresolved,,,,,,,0,0,32.005383208083494
400,250,100,0,0,70.580166384995294,,,,,position_unresolved,,,,,,,0,0,32.005383208083494
450,-150.00000000000003,-100,0,0,111.94756187896961,,,,,position_unresolved,,,,,,,0,0,-18.434948822922014
450,-150.00000000000003,-50,0,0,94.598857082674698,,,,,position_unresolved,,,,,,,0,0,-18.434948822922014
450,-150.00000000000003,0,0,0,81.923090998948737,,,,,position_unresolved,,,,,,,0,0,-18.434948822922014
450,-150.00000000000003,50,0,0,74.302321077382928,,,,,position_unresolved,,,,,,,0,0,-18.434948822922014
450,-150.00000000000003,100,0,0,71.986230896772938,,,,,position_unresolved,,,,,,,0,0,-18.434948822922014
450,-100,-150.00000000000003,0,0,121.45121719047556,,,,,position_unresolved,,,,,,,0,0,-12.528807709151511
450,-100,-100,0,0,99.363385664141902,,,,,position_unresolved,,,,,,,0,0,-12.528807709151511
450,-100,-50,0,0,81.552907090835632,,,,,position_unresolved,,,,,,,0,0,-12.528807709151511
450,-100,0,0,0,68.517409898689166,,,,,position_unresolved,,,,,,,0,0,-12.528807709151511
450,-100,50,0,0,60.670510438748821,,,,,position_unresolved,,,,,,,0,0,-12.528807709151511
450,-100,100,0,0,58.284152847615943,,,,,position_unresolved,,,,,,,0,0,-12.528807709151511
450,-100,150.00000000000003,0,0,61.444748007974894,,,,,position_unresolved,,,,,,,0,0,-12.528807709151511
450,-50,-150.00000000000003,0,0,114.08043913816337,,,,,position_unresolved,,,,,,,0,0,-6.3401917459099097
450,-50,-100,0,0,91.655415384516274,,,,,position_unresolved,,,,,,,0,0,-6.3401917459099097
450,-50,-50,0,0,73.549512969285033,,,,,position_unresolved,,,,,,,0,0,-6.3401917459099097
450,-50,0,0,0,60.282893537966835,,,,,position_unresolved,,,,,,,0,0,-6.3401917459099097
450,-50,50,0,0,52.290254799267977,,,,,position_unresolved,,,,,,,0,0,-6.3401917459099097
450,-50,100,0,0,49.858537401738346,,,,,position_unresolved,,,,,,,0,0,-6.3401917459099097
450,-50,150.00000000000003,0,0,53.079103313812702,,,,,position_unresolved,,,,,,,0,0,-6.3401917459099097
450,0,-150.00000000000003,0,0,111.59949263802486,,,,,position_unresolved,,,,,,,0,0,0
450,0,-100,0,0,89.058590174157743,,,,,position_unresolved,,,,,,,0,0,0
450,0,-50,0,0,70.850895852763244,,,,,position_unresolved,,,,,,,0,0,0
450,0,0,0,0,57.504459286638479,,,,,position_unresolved,,,,,,,0,0,0
450,0,50,0,0,49.461405800780625,,,,,position_unresolved,,,,,,,0,0,0
450,0,100,0,0,47.013983795038143,,,,,position_unresolved,,,,,,,0,0,0
450,0,150.00000000000003,0,0,50.255311582761479,,,,,position_unresolved,,,,,,,0,0,0
450,50,-150.00000000000003,0,0,114.08043913816338,,,,,position_unresolved,,,,,,,0,0,6.3401917459099097
450,50,-100,0,0,91.655415384516303,,,,,position_unresolved,,,,,,,0,0,6.3401917459099097
450,50,-50,0,0,73.549512969285018,,,,,position_unresolved,,,,,,,0,0,6.3401917459099097
450,50,0,0,0,60.282893537966835,,,,,position_unresolved,,,,,,,0,0,6.3401917459099097
450,50,50,0,0,52.290254799267977,,,,,position_unresolved,,,,,,,0,0,6.3401917459099097
450,50,100,0,0,49.858537401738367,,,,,position_unresolved,,,,,,,0,0,6.3401917459099097
450,50,150.00000000000003,0,0,53.079103313812709,,,,,position_unresolved,,,,,,,0,0,6.3401917459099097
450,100,-150.00000000000003,0,0,121.45121719047559,,,,,position_unresolved,,,,,,,0,0,12.528807709151511
450,100,-100,0,0,99.363385664141873,,,,,position_unresolved,,,,,,,0,0,12.528807709151511
450,100,-50,0,0,81.552907090835618,,,,,position_unresolved,,,,,,,0,0,12.528807709151511
450,100,0,0,0,68.517409898689166,,,,,position_unresolved,,,,,,,0,0,12.528807709151511
450,100,50,0,0,60.670510438748856,,,,,position_unresolved,,,,,,,0,0,12.528807709151511
450,100,100,0,0,58.284152847615964,,,,,position_unresolved,,,,,,,0,0,12.528807709151511
450,100,150.00000000000003,0,0,61.444748007974894,,,,,position_unresolved,,,,,,,0,0,12.528807709151511
450,150.00000000000003,-100,0,0,111.94756187896961,,,,,position_unresolved,,,,,,,0,0,18.434948822922014
450,150.00000000000003,-50,0,0,94.598857082674698,,,,,position_unresolved,,,,,,,0,0,18.434948822922014
450,150.00000000000003,0,0,0,81.923090998948723,,,,,position_unresolved,,,,,,,0,0,18.434948822922014
450,150.00000000000003,50,0,0,74.302321077382928,,,,,position_unresolved,,,,,,,0,0,18.434948822922014
450,150.00000000000003,100,0,0,71.986230896772938,,,,,position_unresolved,,,,,,,0,0,18.434948822922014
