run_index,stream_ordinal,roadmap_stream_id,method,method_order_position,ros_domain_id,reported_method,graph_revision,expanded_urdf_sha256,srdf_sha256,reachability_parameters_sha256,requested_node_count,anchor_node_count,prototype_budget,prototype_node_count,requested_guard_node_count,guard_node_count,fill_sample_node_count,candidate_attempts,halton_start_index,sample_stream_seed,sample_stream_type,gng_training_sample_count,effective_guard_fraction,nodes,edges,components,build_time_ms,joint_names,graph_publisher_count,plan_publisher_count,query_subscriber_count,catalog_id,catalog_sha256,rmw_implementation,ros_localhost_only,launch_log,infrastructure_error
0,0,100,gng,0,20,gng,1,daf37611724f4c8efd69b3b470bf505cfce4732353ea985ec54fbbb01f6d412d,730e590951a205ec639ff20613ce3305e18290f0c9a599130d38ce7c86d3d424,abf60d6f21bbb0e9b77558316dfb746dacf3af37814a349c60308f7dcfd22175,800,2,798,798,0,0,0,4136,17,100,digit_permuted_halton,4000,0.0,800,4546,3,1714.390944,"[""joint1"",""joint2"",""joint3"",""joint4"",""joint5"",""joint6""]",1,1,1,om6dof_icra_scene_catalog_v4,ac5205e9c4fae67a9f9af3f84176d61d459eb4daae2c4f50ea0e2d6b2d59b023,rmw_fastrtps_cpp,True,/home/kublab/ros2_ws/reachability_icra_confirmatory_v4/logs/run_0000_stream_100_gng_domain_20.log,
1,0,100,guarded_gng,1,21,guarded_gng,1,daf37611724f4c8efd69b3b470bf505cfce4732353ea985ec54fbbb01f6d412d,730e590951a205ec639ff20613ce3305e18290f0c9a599130d38ce7c86d3d424,abf60d6f21bbb0e9b77558316dfb746dacf3af37814a349c60308f7dcfd22175,800,2,199,199,599,599,0,4136,17,100,digit_permuted_halton,4000,0.75,800,3600,12,1590.053984,"[""joint1"",""joint2"",""joint3"",""joint4"",""joint5"",""joint6""]",1,1,1,om6dof_icra_scene_catalog_v4,ac5205e9c4fae67a9f9af3f84176d61d459eb4daae2c4f50ea0e2d6b2d59b023,rmw_fastrtps_cpp,True,/home/kublab/ros2_ws/reachability_icra_confirmatory_v4/logs/run_0001_stream_100_guarded_gng_domain_21.log,
2,0,100,halton_prm,2,22,halton_prm,1,daf37611724f4c8efd69b3b470bf505cfce4732353ea985ec54fbbb01f6d412d,730e590951a205ec639ff20613ce3305e18290f0c9a599130d38ce7c86d3d424,abf60d6f21bbb0e9b77558316dfb746dacf3af37814a349c60308f7dcfd22175,800,2,0,0,0,0,798,822,17,100,digit_permuted_halton,0,0.0,800,3232,19,1379.274912,"[""joint1"",""joint2"",""joint3"",""joint4"",""joint5"",""joint6""]",1,1,1,om6dof_icra_scene_catalog_v4,ac5205e9c4fae67a9f9af3f84176d61d459eb4daae2c4f50ea0e2d6b2d59b023,rmw_fastrtps_cpp,True,/home/kublab/ros2_ws/reachability_icra_confirmatory_v4/logs/run_0002_stream_100_halton_prm_domain_22.log,
3,1,101,gng,0,23,gng,1,daf37611724f4c8efd69b3b470bf505cfce4732353ea985ec54fbbb01f6d412d,730e590951a205ec639ff20613ce3305e18290f0c9a599130d38ce7c86d3d424,abf60d6f21bbb0e9b77558316dfb746dacf3af37814a349c60308f7dcfd22175,800,2,798,798,0,0,0,4139,17,101,digit_permuted_halton,4000,0.0,800,4577,1,1751.674528,"[""joint1"",""joint2"",""joint3"",""joint4"",""joint5"",""joint6""]",1,1,1,om6dof_icra_scene_catalog_v4,ac5205e9c4fae67a9f9af3f84176d61d459eb4daae2c4f50ea0e2d6b2d59b023,rmw_fastrtps_cpp,True,/home/kublab/ros2_ws/reachability_icra_confirmatory_v4/logs/run_0003_stream_101_gng_domain_23.log,
4,1,101,halton_prm,1,24,halton_prm,1,daf37611724f4c8efd69b3b470bf505cfce4732353ea985ec54fbbb01f6d412d,730e590951a205ec639ff20613ce3305e18290f0c9a599130d38ce7c86d3d424,abf60d6f21bbb0e9b77558316dfb746dacf3af37814a349c60308f7dcfd22175,800,2,0,0,0,0,798,830,17,101,digit_permuted_halton,0,0.0,800,3199,13,1357.002176,"[""joint1"",""joint2"",""joint3"",""joint4"",""joint5"",""joint6""]",1,1,1,om6dof_icra_scene_catalog_v4,ac5205e9c4fae67a9f9af3f84176d61d459eb4daae2c4f50ea0e2d6b2d59b023,rmw_fastrtps_cpp,True,/home/kublab/ros2_ws/reachability_icra_confirmatory_v4/logs/run_0004_stream_101_halton_prm_domain_24.log,
5,1,101,guarded_gng,2,25,guarded_gng,1,daf37611724f4c8efd69b3b470bf505cfce4732353ea985ec54fbbb01f6d412d,730e590951a205ec639ff20613ce3305e18290f0c9a599130d38ce7c86d3d424,abf60d6f21bbb0e9b77558316dfb746dacf3af37814a349c60308f7dcfd22175,800,2,199,199,599,599,0,4139,17,101,digit_permuted_halton,4000,0.75,800,3576,9,1642.771072,"[""joint1"",""joint2"",""joint3"",""joint4"",""joint5"",""joint6""]",1,1,1,om6dof_icra_scene_catalog_v4,ac5205e9c4fae67a9f9af3f84176d61d459eb4daae2c4f50ea0e2d6b2d59b023,rmw_fastrtps_cpp,True,/home/kublab/ros2_ws/reachability_icra_confirmatory_v4/logs/run_0005_stream_101_guarded_gng_domain_25.log,
6,2,102,guarded_gng,0,26,guarded_gng,1,daf37611724f4c8efd69b3b470bf505cfce4732353ea985ec54fbbb01f6d412d,730e590951a205ec639ff20613ce3305e18290f0c9a599130d38ce7c86d3d424,abf60d6f21bbb0e9b77558316dfb746dacf3af37814a349c60308f7dcfd22175,800,2,199,199,599,599,0,4143,17,102,digit_permuted_halton,4000,0.75,800,3584,16,1602.045376,"[""joint1"",""joint2"",""joint3"",""joint4"",""joint5"",""joint6""]",1,1,1,om6dof_icra_scene_catalog_v4,ac5205e9c4fae67a9f9af3f84176d61d459eb4daae2c4f50ea0e2d6b2d59b023,rmw_fastrtps_cpp,True,/home/kublab/ros2_ws/reachability_icra_confirmatory_v4/logs/run_0006_stream_102_guarded_gng_domain_26.log,
7,2,102,gng,1,27,gng,1,daf37611724f4c8efd69b3b470bf505cfce4732353ea985ec54fbbb01f6d412d,730e590951a205ec639ff20613ce3305e18290f0c9a599130d38ce7c86d3d424,abf60d6f21bbb0e9b77558316dfb746dacf3af37814a349c60308f7dcfd22175,800,2,798,798,0,0,0,4143,17,102,digit_permuted_halton,4000,0.0,800,4506,2,1701.164608,"[""joint1"",""joint2"",""joint3"",""joint4"",""joint5"",""joint6""]",1,1,1,om6dof_icra_scene_catalog_v4,ac5205e9c4fae67a9f9af3f84176d61d459eb4daae2c4f50ea0e2d6b2d59b023,rmw_fastrtps_cpp,True,/home/kublab/ros2_ws/reachability_icra_confirmatory_v4/logs/run_0007_stream_102_gng_domain_27.log,
8,2,102,halton_prm,2,28,halton_prm,1,daf37611724f4c8efd69b3b470bf505cfce4732353ea985ec54fbbb01f6d412d,730e590951a205ec639ff20613ce3305e18290f0c9a599130d38ce7c86d3d424,abf60d6f21bbb0e9b77558316dfb746dacf3af37814a349c60308f7dcfd22175,800,2,0,0,0,0,798,823,17,102,digit_permuted_halton,0,0.0,800,3238,13,1364.397184,"[""joint1"",""joint2"",""joint3"",""joint4"",""joint5"",""joint6""]",1,1,1,om6dof_icra_scene_catalog_v4,ac5205e9c4fae67a9f9af3f84176d61d459eb4daae2c4f50ea0e2d6b2d59b023,rmw_fastrtps_cpp,True,/home/kublab/ros2_ws/reachability_icra_confirmatory_v4/logs/run_0008_stream_102_halton_prm_domain_28.log,
9,3,103,guarded_gng,0,29,guarded_gng,1,daf37611724f4c8efd69b3b470bf505cfce4732353ea985ec54fbbb01f6d412d,730e590951a205ec639ff20613ce3305e18290f0c9a599130d38ce7c86d3d424,abf60d6f21bbb0e9b77558316dfb746dacf3af37814a349c60308f7dcfd22175,800,2,199,199,599,599,0,4150,17,103,digit_permuted_halton,4000,0.75,800,3563,12,1593.555712,"[""joint1"",""joint2"",""joint3"",""joint4"",""joint5"",""joint6""]",1,1,1,om6dof_icra_scene_catalog_v4,ac5205e9c4fae67a9f9af3f84176d61d459eb4daae2c4f50ea0e2d6b2d59b023,rmw_fastrtps_cpp,True,/home/kublab/ros2_ws/reachability_icra_confirmatory_v4/logs/run_0009_stream_103_guarded_gng_domain_29.log,
10,3,103,halton_prm,1,30,halton_prm,1,daf37611724f4c8efd69b3b470bf505cfce4732353ea985ec54fbbb01f6d412d,730e590951a205ec639ff20613ce3305e18290f0c9a599130d38ce7c86d3d424,abf60d6f21bbb0e9b77558316dfb746dacf3af37814a349c60308f7dcfd22175,800,2,0,0,0,0,798,831,17,103,digit_permuted_halton,0,0.0,800,3232,9,1365.40016,"[""joint1"",""joint2"",""joint3"",""joint4"",""joint5"",""joint6""]",1,1,1,om6dof_icra_scene_catalog_v4,ac5205e9c4fae67a9f9af3f84176d61d459eb4daae2c4f50ea0e2d6b2d59b023,rmw_fastrtps_cpp,True,/home/kublab/ros2_ws/reachability_icra_confirmatory_v4/logs/run_0010_stream_103_halton_prm_domain_30.log,
11,3,103,gng,2,31,gng,1,daf37611724f4c8efd69b3b470bf505cfce4732353ea985ec54fbbb01f6d412d,730e590951a205ec639ff20613ce3305e18290f0c9a599130d38ce7c86d3d424,abf60d6f21bbb0e9b77558316dfb746dacf3af37814a349c60308f7dcfd22175,800,2,798,798,0,0,0,4150,17,103,digit_permuted_halton,4000,0.0,800,4613,1,1742.893568,"[""joint1"",""joint2"",""joint3"",""joint4"",""joint5"",""joint6""]",1,1,1,om6dof_icra_scene_catalog_v4,ac5205e9c4fae67a9f9af3f84176d61d459eb4daae2c4f50ea0e2d6b2d59b023,rmw_fastrtps_cpp,True,/home/kublab/ros2_ws/reachability_icra_confirmatory_v4/logs/run_0011_stream_103_gng_domain_31.log,
12,4,104,halton_prm,0,32,halton_prm,1,daf37611724f4c8efd69b3b470bf505cfce4732353ea985ec54fbbb01f6d412d,730e590951a205ec639ff20613ce3305e18290f0c9a599130d38ce7c86d3d424,abf60d6f21bbb0e9b77558316dfb746dacf3af37814a349c60308f7dcfd22175,800,2,0,0,0,0,798,819,17,104,digit_permuted_halton,0,0.0,800,3245,15,1402.6264,"[""joint1"",""joint2"",""joint3"",""joint4"",""joint5"",""joint6""]",1,1,1,om6dof_icra_scene_catalog_v4,ac5205e9c4fae67a9f9af3f84176d61d459eb4daae2c4f50ea0e2d6b2d59b023,rmw_fastrtps_cpp,True,/home/kublab/ros2_ws/reachability_icra_confirmatory_v4/logs/run_0012_stream_104_halton_prm_domain_32.log,
13,4,104,gng,1,33,gng,1,daf37611724f4c8efd69b3b470bf505cfce4732353ea985ec54fbbb01f6d412d,730e590951a205ec639ff20613ce3305e18290f0c9a599130d38ce7c86d3d424,abf60d6f21bbb0e9b77558316dfb746dacf3af37814a349c60308f7dcfd22175,800,2,798,798,0,0,0,4130,17,104,digit_permuted_halton,4000,0.0,800,4523,3,1712.985184,"[""joint1"",""joint2"",""joint3"",""joint4"",""joint5"",""joint6""]",1,1,1,om6dof_icra_scene_catalog_v4,ac5205e9c4fae67a9f9af3f84176d61d459eb4daae2c4f50ea0e2d6b2d59b023,rmw_fastrtps_cpp,True,/home/kublab/ros2_ws/reachability_icra_confirmatory_v4/logs/run_0013_stream_104_gng_domain_33.log,
14,4,104,guarded_gng,2,34,guarded_gng,1,daf37611724f4c8efd69b3b470bf505cfce4732353ea985ec54fbbb01f6d412d,730e590951a205ec639ff20613ce3305e18290f0c9a599130d38ce7c86d3d424,abf60d6f21bbb0e9b77558316dfb746dacf3af37814a349c60308f7dcfd22175,800,2,199,199,599,599,0,4130,17,104,digit_permuted_halton,4000,0.75,800,3554,8,1543.468256,"[""joint1"",""joint2"",""joint3"",""joint4"",""joint5"",""joint6""]",1,1,1,om6dof_icra_scene_catalog_v4,ac5205e9c4fae67a9f9af3f84176d61d459eb4daae2c4f50ea0e2d6b2d59b023,rmw_fastrtps_cpp,True,/home/kublab/ros2_ws/reachability_icra_confirmatory_v4/logs/run_0014_stream_104_guarded_gng_domain_34.log,
15,5,105,halton_prm,0,35,halton_prm,1,daf37611724f4c8efd69b3b470bf505cfce4732353ea985ec54fbbb01f6d412d,730e590951a205ec639ff20613ce3305e18290f0c9a599130d38ce7c86d3d424,abf60d6f21bbb0e9b77558316dfb746dacf3af37814a349c60308f7dcfd22175,800,2,0,0,0,0,798,825,17,105,digit_permuted_halton,0,0.0,800,3188,8,1488.663712,"[""joint1"",""joint2"",""joint3"",""joint4"",""joint5"",""joint6""]",1,1,1,om6dof_icra_scene_catalog_v4,ac5205e9c4fae67a9f9af3f84176d61d459eb4daae2c4f50ea0e2d6b2d59b023,rmw_fastrtps_cpp,True,/home/kublab/ros2_ws/reachability_icra_confirmatory_v4/logs/run_0015_stream_105_halton_prm_domain_35.log,
16,5,105,guarded_gng,1,36,guarded_gng,1,daf37611724f4c8efd69b3b470bf505cfce4732353ea985ec54fbbb01f6d412d,730e590951a205ec639ff20613ce3305e18290f0c9a599130d38ce7c86d3d424,abf60d6f21bbb0e9b77558316dfb746dacf3af37814a349c60308f7dcfd22175,800,2,199,199,599,599,0,4143,17,105,digit_permuted_halton,4000,0.75,800,3635,12,1646.563616,"[""joint1"",""joint2"",""joint3"",""joint4"",""joint5"",""joint6""]",1,1,1,om6dof_icra_scene_catalog_v4,ac5205e9c4fae67a9f9af3f84176d61d459eb4daae2c4f50ea0e2d6b2d59b023,rmw_fastrtps_cpp,True,/home/kublab/ros2_ws/reachability_icra_confirmatory_v4/logs/run_0016_stream_105_guarded_gng_domain_36.log,
17,5,105,gng,2,37,gng,1,daf37611724f4c8efd69b3b470bf505cfce4732353ea985ec54fbbb01f6d412d,730e590951a205ec639ff20613ce3305e18290f0c9a599130d38ce7c86d3d424,abf60d6f21bbb0e9b77558316dfb746dacf3af37814a349c60308f7dcfd22175,800,2,798,798,0,0,0,4143,17,105,digit_permuted_halton,4000,0.0,800,4536,1,1709.966304,"[""joint1"",""joint2"",""joint3"",""joint4"",""joint5"",""joint6""]",1,1,1,om6dof_icra_scene_catalog_v4,ac5205e9c4fae67a9f9af3f84176d61d459eb4daae2c4f50ea0e2d6b2d59b023,rmw_fastrtps_cpp,True,/home/kublab/ros2_ws/reachability_icra_confirmatory_v4/logs/run_0017_stream_105_gng_domain_37.log,
18,6,106,gng,0,38,gng,1,daf37611724f4c8efd69b3b470bf505cfce4732353ea985ec54fbbb01f6d412d,730e590951a205ec639ff20613ce3305e18290f0c9a599130d38ce7c86d3d424,abf60d6f21bbb0e9b77558316dfb746dacf3af37814a349c60308f7dcfd22175,800,2,798,798,0,0,0,4122,17,106,digit_permuted_halton,4000,0.0,800,4535,1,1720.97776,"[""joint1"",""joint2"",""joint3"",""joint4"",""joint5"",""joint6""]",1,1,1,om6dof_icra_scene_catalog_v4,ac5205e9c4fae67a9f9af3f84176d61d459eb4daae2c4f50ea0e2d6b2d59b023,rmw_fastrtps_cpp,True,/home/kublab/ros2_ws/reachability_icra_confirmatory_v4/logs/run_0018_stream_106_gng_domain_38.log,
19,6,106,guarded_gng,1,39,guarded_gng,1,daf37611724f4c8efd69b3b470bf505cfce4732353ea985ec54fbbb01f6d412d,730e590951a205ec639ff20613ce3305e18290f0c9a599130d38ce7c86d3d424,abf60d6f21bbb0e9b77558316dfb746dacf3af37814a349c60308f7dcfd22175,800,2,199,199,599,599,0,4122,17,106,digit_permuted_halton,4000,0.75,800,3624,9,1605.441056,"[""joint1"",""joint2"",""joint3"",""joint4"",""joint5"",""joint6""]",1,1,1,om6dof_icra_scene_catalog_v4,ac5205e9c4fae67a9f9af3f84176d61d459eb4daae2c4f50ea0e2d6b2d59b023,rmw_fastrtps_cpp,True,/home/kublab/ros2_ws/reachability_icra_confirmatory_v4/logs/run_0019_stream_106_guarded_gng_domain_39.log,
20,6,106,halton_prm,2,40,halton_prm,1,daf37611724f4c8efd69b3b470bf505cfce4732353ea985ec54fbbb01f6d412d,730e590951a205ec639ff20613ce3305e18290f0c9a599130d38ce7c86d3d424,abf60d6f21bbb0e9b77558316dfb746dacf3af37814a349c60308f7dcfd22175,800,2,0,0,0,0,798,824,17,106,digit_permuted_halton,0,0.0,800,3251,9,1373.81328,"[""joint1"",""joint2"",""joint3"",""joint4"",""joint5"",""joint6""]",1,1,1,om6dof_icra_scene_catalog_v4,ac5205e9c4fae67a9f9af3f84176d61d459eb4daae2c4f50ea0e2d6b2d59b023,rmw_fastrtps_cpp,True,/home/kublab/ros2_ws/reachability_icra_confirmatory_v4/logs/run_0020_stream_106_halton_prm_domain_40.log,
21,7,107,gng,0,41,gng,1,daf37611724f4c8efd69b3b470bf505cfce4732353ea985ec54fbbb01f6d412d,730e590951a205ec639ff20613ce3305e18290f0c9a599130d38ce7c86d3d424,abf60d6f21bbb0e9b77558316dfb746dacf3af37814a349c60308f7dcfd22175,800,2,798,798,0,0,0,4140,17,107,digit_permuted_halton,4000,0.0,800,4528,2,1722.79696,"[""joint1"",""joint2"",""joint3"",""joint4"",""joint5"",""joint6""]",1,1,1,om6dof_icra_scene_catalog_v4,ac5205e9c4fae67a9f9af3f84176d61d459eb4daae2c4f50ea0e2d6b2d59b023,rmw_fastrtps_cpp,True,/home/kublab/ros2_ws/reachability_icra_confirmatory_v4/logs/run_0021_stream_107_gng_domain_41.log,
22,7,107,halton_prm,1,42,halton_prm,1,daf37611724f4c8efd69b3b470bf505cfce4732353ea985ec54fbbb01f6d412d,730e590951a205ec639ff20613ce3305e18290f0c9a599130d38ce7c86d3d424,abf60d6f21bbb0e9b77558316dfb746dacf3af37814a349c60308f7dcfd22175,800,2,0,0,0,0,798,829,17,107,digit_permuted_halton,0,0.0,800,3266,15,1392.323456,"[""joint1"",""joint2"",""joint3"",""joint4"",""joint5"",""joint6""]",1,1,1,om6dof_icra_scene_catalog_v4,ac5205e9c4fae67a9f9af3f84176d61d459eb4daae2c4f50ea0e2d6b2d59b023,rmw_fastrtps_cpp,True,/home/kublab/ros2_ws/reachability_icra_confirmatory_v4/logs/run_0022_stream_107_halton_prm_domain_42.log,
23,7,107,guarded_gng,2,43,guarded_gng,1,daf37611724f4c8efd69b3b470bf505cfce4732353ea985ec54fbbb01f6d412d,730e590951a205ec639ff20613ce3305e18290f0c9a599130d38ce7c86d3d424,abf60d6f21bbb0e9b77558316dfb746dacf3af37814a349c60308f7dcfd22175,800,2,199,199,599,599,0,4140,17,107,digit_permuted_halton,4000,0.75,800,3580,10,1626.6208,"[""joint1"",""joint2"",""joint3"",""joint4"",""joint5"",""joint6""]",1,1,1,om6dof_icra_scene_catalog_v4,ac5205e9c4fae67a9f9af3f84176d61d459eb4daae2c4f50ea0e2d6b2d59b023,rmw_fastrtps_cpp,True,/home/kublab/ros2_ws/reachability_icra_confirmatory_v4/logs/run_0023_stream_107_guarded_gng_domain_43.log,
24,8,108,guarded_gng,0,44,guarded_gng,1,daf37611724f4c8efd69b3b470bf505cfce4732353ea985ec54fbbb01f6d412d,730e590951a205ec639ff20613ce3305e18290f0c9a599130d38ce7c86d3d424,abf60d6f21bbb0e9b77558316dfb746dacf3af37814a349c60308f7dcfd22175,800,2,199,199,599,599,0,4136,17,108,digit_permuted_halton,4000,0.75,800,3687,10,1629.26208,"[""joint1"",""joint2"",""joint3"",""joint4"",""joint5"",""joint6""]",1,1,1,om6dof_icra_scene_catalog_v4,ac5205e9c4fae67a9f9af3f84176d61d459eb4daae2c4f50ea0e2d6b2d59b023,rmw_fastrtps_cpp,True,/home/kublab/ros2_ws/reachability_icra_confirmatory_v4/logs/run_0024_stream_108_guarded_gng_domain_44.log,
25,8,108,gng,1,45,gng,1,daf37611724f4c8efd69b3b470bf505cfce4732353ea985ec54fbbb01f6d412d,730e590951a205ec639ff20613ce3305e18290f0c9a599130d38ce7c86d3d424,abf60d6f21bbb0e9b77558316dfb746dacf3af37814a349c60308f7dcfd22175,800,2,798,798,0,0,0,4136,17,108,digit_permuted_halton,4000,0.0,800,4503,2,1707.239392,"[""joint1"",""joint2"",""joint3"",""joint4"",""joint5"",""joint6""]",1,1,1,om6dof_icra_scene_catalog_v4,ac5205e9c4fae67a9f9af3f84176d61d459eb4daae2c4f50ea0e2d6b2d59b023,rmw_fastrtps_cpp,True,/home/kublab/ros2_ws/reachability_icra_confirmatory_v4/logs/run_0025_stream_108_gng_domain_45.log,
26,8,108,halton_prm,2,46,halton_prm,1,daf37611724f4c8efd69b3b470bf505cfce4732353ea985ec54fbbb01f6d412d,730e590951a205ec639ff20613ce3305e18290f0c9a599130d38ce7c86d3d424,abf60d6f21bbb0e9b77558316dfb746dacf3af37814a349c60308f7dcfd22175,800,2,0,0,0,0,798,824,17,108,digit_permuted_halton,0,0.0,800,3162,13,1454.025984,"[""joint1"",""joint2"",""joint3"",""joint4"",""joint5"",""joint6""]",1,1,1,om6dof_icra_scene_catalog_v4,ac5205e9c4fae67a9f9af3f84176d61d459eb4daae2c4f50ea0e2d6b2d59b023,rmw_fastrtps_cpp,True,/home/kublab/ros2_ws/reachability_icra_confirmatory_v4/logs/run_0026_stream_108_halton_prm_domain_46.log,
27,9,109,guarded_gng,0,47,guarded_gng,1,daf37611724f4c8efd69b3b470bf505cfce4732353ea985ec54fbbb01f6d412d,730e590951a205ec639ff20613ce3305e18290f0c9a599130d38ce7c86d3d424,abf60d6f21bbb0e9b77558316dfb746dacf3af37814a349c60308f7dcfd22175,800,2,199,199,599,599,0,4131,17,109,digit_permuted_halton,4000,0.75,800,3631,16,1602.61264,"[""joint1"",""joint2"",""joint3"",""joint4"",""joint5"",""joint6""]",1,1,1,om6dof_icra_scene_catalog_v4,ac5205e9c4fae67a9f9af3f84176d61d459eb4daae2c4f50ea0e2d6b2d59b023,rmw_fastrtps_cpp,True,/home/kublab/ros2_ws/reachability_icra_confirmatory_v4/logs/run_0027_stream_109_guarded_gng_domain_47.log,
28,9,109,halton_prm,1,48,halton_prm,1,daf37611724f4c8efd69b3b470bf505cfce4732353ea985ec54fbbb01f6d412d,730e590951a205ec639ff20613ce3305e18290f0c9a599130d38ce7c86d3d424,abf60d6f21bbb0e9b77558316dfb746dacf3af37814a349c60308f7dcfd22175,800,2,0,0,0,0,798,822,17,109,digit_permuted_halton,0,0.0,800,3238,17,1394.141216,"[""joint1"",""joint2"",""joint3"",""joint4"",""joint5"",""joint6""]",1,1,1,om6dof_icra_scene_catalog_v4,ac5205e9c4fae67a9f9af3f84176d61d459eb4daae2c4f50ea0e2d6b2d59b023,rmw_fastrtps_cpp,True,/home/kublab/ros2_ws/reachability_icra_confirmatory_v4/logs/run_0028_stream_109_halton_prm_domain_48.log,
29,9,109,gng,2,49,gng,1,daf37611724f4c8efd69b3b470bf505cfce4732353ea985ec54fbbb01f6d412d,730e590951a205ec639ff20613ce3305e18290f0c9a599130d38ce7c86d3d424,abf60d6f21bbb0e9b77558316dfb746dacf3af37814a349c60308f7dcfd22175,800,2,798,798,0,0,0,4131,17,109,digit_permuted_halton,4000,0.0,800,4559,1,1725.233632,"[""joint1"",""joint2"",""joint3"",""joint4"",""joint5"",""joint6""]",1,1,1,om6dof_icra_scene_catalog_v4,ac5205e9c4fae67a9f9af3f84176d61d459eb4daae2c4f50ea0e2d6b2d59b023,rmw_fastrtps_cpp,True,/home/kublab/ros2_ws/reachability_icra_confirmatory_v4/logs/run_0029_stream_109_gng_domain_49.log,
30,10,110,halton_prm,0,50,halton_prm,1,daf37611724f4c8efd69b3b470bf505cfce4732353ea985ec54fbbb01f6d412d,730e590951a205ec639ff20613ce3305e18290f0c9a599130d38ce7c86d3d424,abf60d6f21bbb0e9b77558316dfb746dacf3af37814a349c60308f7dcfd22175,800,2,0,0,0,0,798,828,17,110,digit_permuted_halton,0,0.0,800,3315,12,1392.45616,"[""joint1"",""joint2"",""joint3"",""joint4"",""joint5"",""joint6""]",1,1,1,om6dof_icra_scene_catalog_v4,ac5205e9c4fae67a9f9af3f84176d61d459eb4daae2c4f50ea0e2d6b2d59b023,rmw_fastrtps_cpp,True,/home/kublab/ros2_ws/reachability_icra_confirmatory_v4/logs/run_0030_stream_110_halton_prm_domain_50.log,
31,10,110,gng,1,51,gng,1,daf37611724f4c8efd69b3b470bf505cfce4732353ea985ec54fbbb01f6d412d,730e590951a205ec639ff20613ce3305e18290f0c9a599130d38ce7c86d3d424,abf60d6f21bbb0e9b77558316dfb746dacf3af37814a349c60308f7dcfd22175,800,2,798,798,0,0,0,4131,17,110,digit_permuted_halton,4000,0.0,800,4548,1,1737.529728,"[""joint1"",""joint2"",""joint3"",""joint4"",""joint5"",""joint6""]",1,1,1,om6dof_icra_scene_catalog_v4,ac5205e9c4fae67a9f9af3f84176d61d459eb4daae2c4f50ea0e2d6b2d59b023,rmw_fastrtps_cpp,True,/home/kublab/ros2_ws/reachability_icra_confirmatory_v4/logs/run_0031_stream_110_gng_domain_51.log,
32,10,110,guarded_gng,2,52,guarded_gng,1,daf37611724f4c8efd69b3b470bf505cfce4732353ea985ec54fbbb01f6d412d,730e590951a205ec639ff20613ce3305e18290f0c9a599130d38ce7c86d3d424,abf60d6f21bbb0e9b77558316dfb746dacf3af37814a349c60308f7dcfd22175,800,2,199,199,599,599,0,4131,17,110,digit_permuted_halton,4000,0.75,800,3619,12,1600.56672,"[""joint1"",""joint2"",""joint3"",""joint4"",""joint5"",""joint6""]",1,1,1,om6dof_icra_scene_catalog_v4,ac5205e9c4fae67a9f9af3f84176d61d459eb4daae2c4f50ea0e2d6b2d59b023,rmw_fastrtps_cpp,True,/home/kublab/ros2_ws/reachability_icra_confirmatory_v4/logs/run_0032_stream_110_guarded_gng_domain_52.log,
33,11,111,halton_prm,0,53,halton_prm,1,daf37611724f4c8efd69b3b470bf505cfce4732353ea985ec54fbbb01f6d412d,730e590951a205ec639ff20613ce3305e18290f0c9a599130d38ce7c86d3d424,abf60d6f21bbb0e9b77558316dfb746dacf3af37814a349c60308f7dcfd22175,800,2,0,0,0,0,798,818,17,111,digit_permuted_halton,0,0.0,800,3183,11,1508.900736,"[""joint1"",""joint2"",""joint3"",""joint4"",""joint5"",""joint6""]",1,1,1,om6dof_icra_scene_catalog_v4,ac5205e9c4fae67a9f9af3f84176d61d459eb4daae2c4f50ea0e2d6b2d59b023,rmw_fastrtps_cpp,True,/home/kublab/ros2_ws/reachability_icra_confirmatory_v4/logs/run_0033_stream_111_halton_prm_domain_53.log,
34,11,111,guarded_gng,1,54,guarded_gng,1,daf37611724f4c8efd69b3b470bf505cfce4732353ea985ec54fbbb01f6d412d,730e590951a205ec639ff20613ce3305e18290f0c9a599130d38ce7c86d3d424,abf60d6f21bbb0e9b77558316dfb746dacf3af37814a349c60308f7dcfd22175,800,2,199,199,599,599,0,4140,17,111,digit_permuted_halton,4000,0.75,800,3641,20,1627.31264,"[""joint1"",""joint2"",""joint3"",""joint4"",""joint5"",""joint6""]",1,1,1,om6dof_icra_scene_catalog_v4,ac5205e9c4fae67a9f9af3f84176d61d459eb4daae2c4f50ea0e2d6b2d59b023,rmw_fastrtps_cpp,True,/home/kublab/ros2_ws/reachability_icra_confirmatory_v4/logs/run_0034_stream_111_guarded_gng_domain_54.log,
35,11,111,gng,2,55,gng,1,daf37611724f4c8efd69b3b470bf505cfce4732353ea985ec54fbbb01f6d412d,730e590951a205ec639ff20613ce3305e18290f0c9a599130d38ce7c86d3d424,abf60d6f21bbb0e9b77558316dfb746dacf3af37814a349c60308f7dcfd22175,800,2,798,798,0,0,0,4140,17,111,digit_permuted_halton,4000,0.0,800,4534,1,1741.186912,"[""joint1"",""joint2"",""joint3"",""joint4"",""joint5"",""joint6""]",1,1,1,om6dof_icra_scene_catalog_v4,ac5205e9c4fae67a9f9af3f84176d61d459eb4daae2c4f50ea0e2d6b2d59b023,rmw_fastrtps_cpp,True,/home/kublab/ros2_ws/reachability_icra_confirmatory_v4/logs/run_0035_stream_111_gng_domain_55.log,
36,12,112,gng,0,56,gng,1,daf37611724f4c8efd69b3b470bf505cfce4732353ea985ec54fbbb01f6d412d,730e590951a205ec639ff20613ce3305e18290f0c9a599130d38ce7c86d3d424,abf60d6f21bbb0e9b77558316dfb746dacf3af37814a349c60308f7dcfd22175,800,2,798,798,0,0,0,4129,17,112,digit_permuted_halton,4000,0.0,800,4472,1,1686.902112,"[""joint1"",""joint2"",""joint3"",""joint4"",""joint5"",""joint6""]",1,1,1,om6dof_icra_scene_catalog_v4,ac5205e9c4fae67a9f9af3f84176d61d459eb4daae2c4f50ea0e2d6b2d59b023,rmw_fastrtps_cpp,True,/home/kublab/ros2_ws/reachability_icra_confirmatory_v4/logs/run_0036_stream_112_gng_domain_56.log,
37,12,112,guarded_gng,1,57,guarded_gng,1,daf37611724f4c8efd69b3b470bf505cfce4732353ea985ec54fbbb01f6d412d,730e590951a205ec639ff20613ce3305e18290f0c9a599130d38ce7c86d3d424,abf60d6f21bbb0e9b77558316dfb746dacf3af37814a349c60308f7dcfd22175,800,2,199,199,599,599,0,4129,17,112,digit_permuted_halton,4000,0.75,800,3533,10,1561.187232,"[""joint1"",""joint2"",""joint3"",""joint4"",""joint5"",""joint6""]",1,1,1,om6dof_icra_scene_catalog_v4,ac5205e9c4fae67a9f9af3f84176d61d459eb4daae2c4f50ea0e2d6b2d59b023,rmw_fastrtps_cpp,True,/home/kublab/ros2_ws/reachability_icra_confirmatory_v4/logs/run_0037_stream_112_guarded_gng_domain_57.log,
38,12,112,halton_prm,2,58,halton_prm,1,daf37611724f4c8efd69b3b470bf505cfce4732353ea985ec54fbbb01f6d412d,730e590951a205ec639ff20613ce3305e18290f0c9a599130d38ce7c86d3d424,abf60d6f21bbb0e9b77558316dfb746dacf3af37814a349c60308f7dcfd22175,800,2,0,0,0,0,798,824,17,112,digit_permuted_halton,0,0.0,800,3231,16,1403.73824,"[""joint1"",""joint2"",""joint3"",""joint4"",""joint5"",""joint6""]",1,1,1,om6dof_icra_scene_catalog_v4,ac5205e9c4fae67a9f9af3f84176d61d459eb4daae2c4f50ea0e2d6b2d59b023,rmw_fastrtps_cpp,True,/home/kublab/ros2_ws/reachability_icra_confirmatory_v4/logs/run_0038_stream_112_halton_prm_domain_58.log,
39,13,113,gng,0,59,gng,1,daf37611724f4c8efd69b3b470bf505cfce4732353ea985ec54fbbb01f6d412d,730e590951a205ec639ff20613ce3305e18290f0c9a599130d38ce7c86d3d424,abf60d6f21bbb0e9b77558316dfb746dacf3af37814a349c60308f7dcfd22175,800,2,798,798,0,0,0,4142,17,113,digit_permuted_halton,4000,0.0,800,4580,2,1766.711776,"[""joint1"",""joint2"",""joint3"",""joint4"",""joint5"",""joint6""]",1,1,1,om6dof_icra_scene_catalog_v4,ac5205e9c4fae67a9f9af3f84176d61d459eb4daae2c4f50ea0e2d6b2d59b023,rmw_fastrtps_cpp,True,/home/kublab/ros2_ws/reachability_icra_confirmatory_v4/logs/run_0039_stream_113_gng_domain_59.log,
40,13,113,halton_prm,1,60,halton_prm,1,daf37611724f4c8efd69b3b470bf505cfce4732353ea985ec54fbbb01f6d412d,730e590951a205ec639ff20613ce3305e18290f0c9a599130d38ce7c86d3d424,abf60d6f21bbb0e9b77558316dfb746dacf3af37814a349c60308f7dcfd22175,800,2,0,0,0,0,798,827,17,113,digit_permuted_halton,0,0.0,800,3253,11,1388.243296,"[""joint1"",""joint2"",""joint3"",""joint4"",""joint5"",""joint6""]",1,1,1,om6dof_icra_scene_catalog_v4,ac5205e9c4fae67a9f9af3f84176d61d459eb4daae2c4f50ea0e2d6b2d59b023,rmw_fastrtps_cpp,True,/home/kublab/ros2_ws/reachability_icra_confirmatory_v4/logs/run_0040_stream_113_halton_prm_domain_60.log,
41,13,113,guarded_gng,2,61,guarded_gng,1,daf37611724f4c8efd69b3b470bf505cfce4732353ea985ec54fbbb01f6d412d,730e590951a205ec639ff20613ce3305e18290f0c9a599130d38ce7c86d3d424,abf60d6f21bbb0e9b77558316dfb746dacf3af37814a349c60308f7dcfd22175,800,2,199,199,599,599,0,4142,17,113,digit_permuted_halton,4000,0.75,800,3470,12,1563.748672,"[""joint1"",""joint2"",""joint3"",""joint4"",""joint5"",""joint6""]",1,1,1,om6dof_icra_scene_catalog_v4,ac5205e9c4fae67a9f9af3f84176d61d459eb4daae2c4f50ea0e2d6b2d59b023,rmw_fastrtps_cpp,True,/home/kublab/ros2_ws/reachability_icra_confirmatory_v4/logs/run_0041_stream_113_guarded_gng_domain_61.log,
42,14,114,guarded_gng,0,62,guarded_gng,1,daf37611724f4c8efd69b3b470bf505cfce4732353ea985ec54fbbb01f6d412d,730e590951a205ec639ff20613ce3305e18290f0c9a599130d38ce7c86d3d424,abf60d6f21bbb0e9b77558316dfb746dacf3af37814a349c60308f7dcfd22175,800,2,199,199,599,599,0,4130,17,114,digit_permuted_halton,4000,0.75,800,3605,12,1648.84704,"[""joint1"",""joint2"",""joint3"",""joint4"",""joint5"",""joint6""]",1,1,1,om6dof_icra_scene_catalog_v4,ac5205e9c4fae67a9f9af3f84176d61d459eb4daae2c4f50ea0e2d6b2d59b023,rmw_fastrtps_cpp,True,/home/kublab/ros2_ws/reachability_icra_confirmatory_v4/logs/run_0042_stream_114_guarded_gng_domain_62.log,
43,14,114,gng,1,63,gng,1,daf37611724f4c8efd69b3b470bf505cfce4732353ea985ec54fbbb01f6d412d,730e590951a205ec639ff20613ce3305e18290f0c9a599130d38ce7c86d3d424,abf60d6f21bbb0e9b77558316dfb746dacf3af37814a349c60308f7dcfd22175,800,2,798,798,0,0,0,4130,17,114,digit_permuted_halton,4000,0.0,800,4535,1,1720.160608,"[""joint1"",""joint2"",""joint3"",""joint4"",""joint5"",""joint6""]",1,1,1,om6dof_icra_scene_catalog_v4,ac5205e9c4fae67a9f9af3f84176d61d459eb4daae2c4f50ea0e2d6b2d59b023,rmw_fastrtps_cpp,True,/home/kublab/ros2_ws/reachability_icra_confirmatory_v4/logs/run_0043_stream_114_gng_domain_63.log,
44,14,114,halton_prm,2,64,halton_prm,1,daf37611724f4c8efd69b3b470bf505cfce4732353ea985ec54fbbb01f6d412d,730e590951a205ec639ff20613ce3305e18290f0c9a599130d38ce7c86d3d424,abf60d6f21bbb0e9b77558316dfb746dacf3af37814a349c60308f7dcfd22175,800,2,0,0,0,0,798,825,17,114,digit_permuted_halton,0,0.0,800,3237,9,1366.354688,"[""joint1"",""joint2"",""joint3"",""joint4"",""joint5"",""joint6""]",1,1,1,om6dof_icra_scene_catalog_v4,ac5205e9c4fae67a9f9af3f84176d61d459eb4daae2c4f50ea0e2d6b2d59b023,rmw_fastrtps_cpp,True,/home/kublab/ros2_ws/reachability_icra_confirmatory_v4/logs/run_0044_stream_114_halton_prm_domain_64.log,
45,15,115,guarded_gng,0,65,guarded_gng,1,daf37611724f4c8efd69b3b470bf505cfce4732353ea985ec54fbbb01f6d412d,730e590951a205ec639ff20613ce3305e18290f0c9a599130d38ce7c86d3d424,abf60d6f21bbb0e9b77558316dfb746dacf3af37814a349c60308f7dcfd22175,800,2,199,199,599,599,0,4142,17,115,digit_permuted_halton,4000,0.75,800,3512,10,1567.033056,"[""joint1"",""joint2"",""joint3"",""joint4"",""joint5"",""joint6""]",1,1,1,om6dof_icra_scene_catalog_v4,ac5205e9c4fae67a9f9af3f84176d61d459eb4daae2c4f50ea0e2d6b2d59b023,rmw_fastrtps_cpp,True,/home/kublab/ros2_ws/reachability_icra_confirmatory_v4/logs/run_0045_stream_115_guarded_gng_domain_65.log,
46,15,115,halton_prm,1,66,halton_prm,1,daf37611724f4c8efd69b3b470bf505cfce4732353ea985ec54fbbb01f6d412d,730e590951a205ec639ff20613ce3305e18290f0c9a599130d38ce7c86d3d424,abf60d6f21bbb0e9b77558316dfb746dacf3af37814a349c60308f7dcfd22175,800,2,0,0,0,0,798,832,17,115,digit_permuted_halton,0,0.0,800,3235,11,1367.795936,"[""joint1"",""joint2"",""joint3"",""joint4"",""joint5"",""joint6""]",1,1,1,om6dof_icra_scene_catalog_v4,ac5205e9c4fae67a9f9af3f84176d61d459eb4daae2c4f50ea0e2d6b2d59b023,rmw_fastrtps_cpp,True,/home/kublab/ros2_ws/reachability_icra_confirmatory_v4/logs/run_0046_stream_115_halton_prm_domain_66.log,
47,15,115,gng,2,67,gng,1,daf37611724f4c8efd69b3b470bf505cfce4732353ea985ec54fbbb01f6d412d,730e590951a205ec639ff20613ce3305e18290f0c9a599130d38ce7c86d3d424,abf60d6f21bbb0e9b77558316dfb746dacf3af37814a349c60308f7dcfd22175,800,2,798,798,0,0,0,4142,17,115,digit_permuted_halton,4000,0.0,800,4494,1,1722.307136,"[""joint1"",""joint2"",""joint3"",""joint4"",""joint5"",""joint6""]",1,1,1,om6dof_icra_scene_catalog_v4,ac5205e9c4fae67a9f9af3f84176d61d459eb4daae2c4f50ea0e2d6b2d59b023,rmw_fastrtps_cpp,True,/home/kublab/ros2_ws/reachability_icra_confirmatory_v4/logs/run_0047_stream_115_gng_domain_67.log,
48,16,116,halton_prm,0,68,halton_prm,1,daf37611724f4c8efd69b3b470bf505cfce4732353ea985ec54fbbb01f6d412d,730e590951a205ec639ff20613ce3305e18290f0c9a599130d38ce7c86d3d424,abf60d6f21bbb0e9b77558316dfb746dacf3af37814a349c60308f7dcfd22175,800,2,0,0,0,0,798,828,17,116,digit_permuted_halton,0,0.0,800,3231,11,1384.956064,"[""joint1"",""joint2"",""joint3"",""joint4"",""joint5"",""joint6""]",1,1,1,om6dof_icra_scene_catalog_v4,ac5205e9c4fae67a9f9af3f84176d61d459eb4daae2c4f50ea0e2d6b2d59b023,rmw_fastrtps_cpp,True,/home/kublab/ros2_ws/reachability_icra_confirmatory_v4/logs/run_0048_stream_116_halton_prm_domain_68.log,
49,16,116,gng,1,69,gng,1,daf37611724f4c8efd69b3b470bf505cfce4732353ea985ec54fbbb01f6d412d,730e590951a205ec639ff20613ce3305e18290f0c9a599130d38ce7c86d3d424,abf60d6f21bbb0e9b77558316dfb746dacf3af37814a349c60308f7dcfd22175,800,2,798,798,0,0,0,4152,17,116,digit_permuted_halton,4000,0.0,800,4539,2,1753.664416,"[""joint1"",""joint2"",""joint3"",""joint4"",""joint5"",""joint6""]",1,1,1,om6dof_icra_scene_catalog_v4,ac5205e9c4fae67a9f9af3f84176d61d459eb4daae2c4f50ea0e2d6b2d59b023,rmw_fastrtps_cpp,True,/home/kublab/ros2_ws/reachability_icra_confirmatory_v4/logs/run_0049_stream_116_gng_domain_69.log,
50,16,116,guarded_gng,2,70,guarded_gng,1,daf37611724f4c8efd69b3b470bf505cfce4732353ea985ec54fbbb01f6d412d,730e590951a205ec639ff20613ce3305e18290f0c9a599130d38ce7c86d3d424,abf60d6f21bbb0e9b77558316dfb746dacf3af37814a349c60308f7dcfd22175,800,2,199,199,599,599,0,4152,17,116,digit_permuted_halton,4000,0.75,800,3543,14,1587.71472,"[""joint1"",""joint2"",""joint3"",""joint4"",""joint5"",""joint6""]",1,1,1,om6dof_icra_scene_catalog_v4,ac5205e9c4fae67a9f9af3f84176d61d459eb4daae2c4f50ea0e2d6b2d59b023,rmw_fastrtps_cpp,True,/home/kublab/ros2_ws/reachability_icra_confirmatory_v4/logs/run_0050_stream_116_guarded_gng_domain_70.log,
51,17,117,halton_prm,0,71,halton_prm,1,daf37611724f4c8efd69b3b470bf505cfce4732353ea985ec54fbbb01f6d412d,730e590951a205ec639ff20613ce3305e18290f0c9a599130d38ce7c86d3d424,abf60d6f21bbb0e9b77558316dfb746dacf3af37814a349c60308f7dcfd22175,800,2,0,0,0,0,798,823,17,117,digit_permuted_halton,0,0.0,800,3261,12,1395.76944,"[""joint1"",""joint2"",""joint3"",""joint4"",""joint5"",""joint6""]",1,1,1,om6dof_icra_scene_catalog_v4,ac5205e9c4fae67a9f9af3f84176d61d459eb4daae2c4f50ea0e2d6b2d59b023,rmw_fastrtps_cpp,True,/home/kublab/ros2_ws/reachability_icra_confirmatory_v4/logs/run_0051_stream_117_halton_prm_domain_71.log,
52,17,117,guarded_gng,1,72,guarded_gng,1,daf37611724f4c8efd69b3b470bf505cfce4732353ea985ec54fbbb01f6d412d,730e590951a205ec639ff20613ce3305e18290f0c9a599130d38ce7c86d3d424,abf60d6f21bbb0e9b77558316dfb746dacf3af37814a349c60308f7dcfd22175,800,2,199,199,599,599,0,4130,17,117,digit_permuted_halton,4000,0.75,800,3584,12,1589.65456,"[""joint1"",""joint2"",""joint3"",""joint4"",""joint5"",""joint6""]",1,1,1,om6dof_icra_scene_catalog_v4,ac5205e9c4fae67a9f9af3f84176d61d459eb4daae2c4f50ea0e2d6b2d59b023,rmw_fastrtps_cpp,True,/home/kublab/ros2_ws/reachability_icra_confirmatory_v4/logs/run_0052_stream_117_guarded_gng_domain_72.log,
53,17,117,gng,2,73,gng,1,daf37611724f4c8efd69b3b470bf505cfce4732353ea985ec54fbbb01f6d412d,730e590951a205ec639ff20613ce3305e18290f0c9a599130d38ce7c86d3d424,abf60d6f21bbb0e9b77558316dfb746dacf3af37814a349c60308f7dcfd22175,800,2,798,798,0,0,0,4130,17,117,digit_permuted_halton,4000,0.0,800,4522,2,1724.912352,"[""joint1"",""joint2"",""joint3"",""joint4"",""joint5"",""joint6""]",1,1,1,om6dof_icra_scene_catalog_v4,ac5205e9c4fae67a9f9af3f84176d61d459eb4daae2c4f50ea0e2d6b2d59b023,rmw_fastrtps_cpp,True,/home/kublab/ros2_ws/reachability_icra_confirmatory_v4/logs/run_0053_stream_117_gng_domain_73.log,
54,18,118,gng,0,74,gng,1,daf37611724f4c8efd69b3b470bf505cfce4732353ea985ec54fbbb01f6d412d,730e590951a205ec639ff20613ce3305e18290f0c9a599130d38ce7c86d3d424,abf60d6f21bbb0e9b77558316dfb746dacf3af37814a349c60308f7dcfd22175,800,2,798,798,0,0,0,4131,17,118,digit_permuted_halton,4000,0.0,800,4503,3,1897.640192,"[""joint1"",""joint2"",""joint3"",""joint4"",""joint5"",""joint6""]",1,1,1,om6dof_icra_scene_catalog_v4,ac5205e9c4fae67a9f9af3f84176d61d459eb4daae2c4f50ea0e2d6b2d59b023,rmw_fastrtps_cpp,True,/home/kublab/ros2_ws/reachability_icra_confirmatory_v4/logs/run_0054_stream_118_gng_domain_74.log,
55,18,118,guarded_gng,1,75,guarded_gng,1,daf37611724f4c8efd69b3b470bf505cfce4732353ea985ec54fbbb01f6d412d,730e590951a205ec639ff20613ce3305e18290f0c9a599130d38ce7c86d3d424,abf60d6f21bbb0e9b77558316dfb746dacf3af37814a349c60308f7dcfd22175,800,2,199,199,599,599,0,4131,17,118,digit_permuted_halton,4000,0.75,800,3642,10,1581.425248,"[""joint1"",""joint2"",""joint3"",""joint4"",""joint5"",""joint6""]",1,1,1,om6dof_icra_scene_catalog_v4,ac5205e9c4fae67a9f9af3f84176d61d459eb4daae2c4f50ea0e2d6b2d59b023,rmw_fastrtps_cpp,True,/home/kublab/ros2_ws/reachability_icra_confirmatory_v4/logs/run_0055_stream_118_guarded_gng_domain_75.log,
56,18,118,halton_prm,2,76,halton_prm,1,daf37611724f4c8efd69b3b470bf505cfce4732353ea985ec54fbbb01f6d412d,730e590951a205ec639ff20613ce3305e18290f0c9a599130d38ce7c86d3d424,abf60d6f21bbb0e9b77558316dfb746dacf3af37814a349c60308f7dcfd22175,800,2,0,0,0,0,798,824,17,118,digit_permuted_halton,0,0.0,800,3267,6,1402.830144,"[""joint1"",""joint2"",""joint3"",""joint4"",""joint5"",""joint6""]",1,1,1,om6dof_icra_scene_catalog_v4,ac5205e9c4fae67a9f9af3f84176d61d459eb4daae2c4f50ea0e2d6b2d59b023,rmw_fastrtps_cpp,True,/home/kublab/ros2_ws/reachability_icra_confirmatory_v4/logs/run_0056_stream_118_halton_prm_domain_76.log,
57,19,119,gng,0,77,gng,1,daf37611724f4c8efd69b3b470bf505cfce4732353ea985ec54fbbb01f6d412d,730e590951a205ec639ff20613ce3305e18290f0c9a599130d38ce7c86d3d424,abf60d6f21bbb0e9b77558316dfb746dacf3af37814a349c60308f7dcfd22175,800,2,798,798,0,0,0,4135,17,119,digit_permuted_halton,4000,0.0,800,4512,1,1707.600256,"[""joint1"",""joint2"",""joint3"",""joint4"",""joint5"",""joint6""]",1,1,1,om6dof_icra_scene_catalog_v4,ac5205e9c4fae67a9f9af3f84176d61d459eb4daae2c4f50ea0e2d6b2d59b023,rmw_fastrtps_cpp,True,/home/kublab/ros2_ws/reachability_icra_confirmatory_v4/logs/run_0057_stream_119_gng_domain_77.log,
58,19,119,halton_prm,1,78,halton_prm,1,daf37611724f4c8efd69b3b470bf505cfce4732353ea985ec54fbbb01f6d412d,730e590951a205ec639ff20613ce3305e18290f0c9a599130d38ce7c86d3d424,abf60d6f21bbb0e9b77558316dfb746dacf3af37814a349c60308f7dcfd22175,800,2,0,0,0,0,798,826,17,119,digit_permuted_halton,0,0.0,800,3229,17,1497.435264,"[""joint1"",""joint2"",""joint3"",""joint4"",""joint5"",""joint6""]",1,1,1,om6dof_icra_scene_catalog_v4,ac5205e9c4fae67a9f9af3f84176d61d459eb4daae2c4f50ea0e2d6b2d59b023,rmw_fastrtps_cpp,True,/home/kublab/ros2_ws/reachability_icra_confirmatory_v4/logs/run_0058_stream_119_halton_prm_domain_78.log,
59,19,119,guarded_gng,2,79,guarded_gng,1,daf37611724f4c8efd69b3b470bf505cfce4732353ea985ec54fbbb01f6d412d,730e590951a205ec639ff20613ce3305e18290f0c9a599130d38ce7c86d3d424,abf60d6f21bbb0e9b77558316dfb746dacf3af37814a349c60308f7dcfd22175,800,2,199,199,599,599,0,4135,17,119,digit_permuted_halton,4000,0.75,800,3541,9,1744.095168,"[""joint1"",""joint2"",""joint3"",""joint4"",""joint5"",""joint6""]",1,1,1,om6dof_icra_scene_catalog_v4,ac5205e9c4fae67a9f9af3f84176d61d459eb4daae2c4f50ea0e2d6b2d59b023,rmw_fastrtps_cpp,True,/home/kublab/ros2_ws/reachability_icra_confirmatory_v4/logs/run_0059_stream_119_guarded_gng_domain_79.log,
60,20,120,guarded_gng,0,80,guarded_gng,1,daf37611724f4c8efd69b3b470bf505cfce4732353ea985ec54fbbb01f6d412d,730e590951a205ec639ff20613ce3305e18290f0c9a599130d38ce7c86d3d424,abf60d6f21bbb0e9b77558316dfb746dacf3af37814a349c60308f7dcfd22175,800,2,199,199,599,599,0,4136,17,120,digit_permuted_halton,4000,0.75,800,3558,7,1582.897952,"[""joint1"",""joint2"",""joint3"",""joint4"",""joint5"",""joint6""]",1,1,1,om6dof_icra_scene_catalog_v4,ac5205e9c4fae67a9f9af3f84176d61d459eb4daae2c4f50ea0e2d6b2d59b023,rmw_fastrtps_cpp,True,/home/kublab/ros2_ws/reachability_icra_confirmatory_v4/logs/run_0060_stream_120_guarded_gng_domain_80.log,
61,20,120,gng,1,81,gng,1,daf37611724f4c8efd69b3b470bf505cfce4732353ea985ec54fbbb01f6d412d,730e590951a205ec639ff20613ce3305e18290f0c9a599130d38ce7c86d3d424,abf60d6f21bbb0e9b77558316dfb746dacf3af37814a349c60308f7dcfd22175,800,2,798,798,0,0,0,4136,17,120,digit_permuted_halton,4000,0.0,800,4481,2,1695.792544,"[""joint1"",""joint2"",""joint3"",""joint4"",""joint5"",""joint6""]",1,1,1,om6dof_icra_scene_catalog_v4,ac5205e9c4fae67a9f9af3f84176d61d459eb4daae2c4f50ea0e2d6b2d59b023,rmw_fastrtps_cpp,True,/home/kublab/ros2_ws/reachability_icra_confirmatory_v4/logs/run_0061_stream_120_gng_domain_81.log,
62,20,120,halton_prm,2,82,halton_prm,1,daf37611724f4c8efd69b3b470bf505cfce4732353ea985ec54fbbb01f6d412d,730e590951a205ec639ff20613ce3305e18290f0c9a599130d38ce7c86d3d424,abf60d6f21bbb0e9b77558316dfb746dacf3af37814a349c60308f7dcfd22175,800,2,0,0,0,0,798,824,17,120,digit_permuted_halton,0,0.0,800,3252,13,1392.958624,"[""joint1"",""joint2"",""joint3"",""joint4"",""joint5"",""joint6""]",1,1,1,om6dof_icra_scene_catalog_v4,ac5205e9c4fae67a9f9af3f84176d61d459eb4daae2c4f50ea0e2d6b2d59b023,rmw_fastrtps_cpp,True,/home/kublab/ros2_ws/reachability_icra_confirmatory_v4/logs/run_0062_stream_120_halton_prm_domain_82.log,
63,21,121,guarded_gng,0,83,guarded_gng,1,daf37611724f4c8efd69b3b470bf505cfce4732353ea985ec54fbbb01f6d412d,730e590951a205ec639ff20613ce3305e18290f0c9a599130d38ce7c86d3d424,abf60d6f21bbb0e9b77558316dfb746dacf3af37814a349c60308f7dcfd22175,800,2,199,199,599,599,0,4142,17,121,digit_permuted_halton,4000,0.75,800,3611,15,1604.232192,"[""joint1"",""joint2"",""joint3"",""joint4"",""joint5"",""joint6""]",1,1,1,om6dof_icra_scene_catalog_v4,ac5205e9c4fae67a9f9af3f84176d61d459eb4daae2c4f50ea0e2d6b2d59b023,rmw_fastrtps_cpp,True,/home/kublab/ros2_ws/reachability_icra_confirmatory_v4/logs/run_0063_stream_121_guarded_gng_domain_83.log,
64,21,121,halton_prm,1,84,halton_prm,1,daf37611724f4c8efd69b3b470bf505cfce4732353ea985ec54fbbb01f6d412d,730e590951a205ec639ff20613ce3305e18290f0c9a599130d38ce7c86d3d424,abf60d6f21bbb0e9b77558316dfb746dacf3af37814a349c60308f7dcfd22175,800,2,0,0,0,0,798,818,17,121,digit_permuted_halton,0,0.0,800,3250,18,1395.434784,"[""joint1"",""joint2"",""joint3"",""joint4"",""joint5"",""joint6""]",1,1,1,om6dof_icra_scene_catalog_v4,ac5205e9c4fae67a9f9af3f84176d61d459eb4daae2c4f50ea0e2d6b2d59b023,rmw_fastrtps_cpp,True,/home/kublab/ros2_ws/reachability_icra_confirmatory_v4/logs/run_0064_stream_121_halton_prm_domain_84.log,
65,21,121,gng,2,85,gng,1,daf37611724f4c8efd69b3b470bf505cfce4732353ea985ec54fbbb01f6d412d,730e590951a205ec639ff20613ce3305e18290f0c9a599130d38ce7c86d3d424,abf60d6f21bbb0e9b77558316dfb746dacf3af37814a349c60308f7dcfd22175,800,2,798,798,0,0,0,4142,17,121,digit_permuted_halton,4000,0.0,800,4601,1,1827.319872,"[""joint1"",""joint2"",""joint3"",""joint4"",""joint5"",""joint6""]",1,1,1,om6dof_icra_scene_catalog_v4,ac5205e9c4fae67a9f9af3f84176d61d459eb4daae2c4f50ea0e2d6b2d59b023,rmw_fastrtps_cpp,True,/home/kublab/ros2_ws/reachability_icra_confirmatory_v4/logs/run_0065_stream_121_gng_domain_85.log,
66,22,122,halton_prm,0,86,halton_prm,1,daf37611724f4c8efd69b3b470bf505cfce4732353ea985ec54fbbb01f6d412d,730e590951a205ec639ff20613ce3305e18290f0c9a599130d38ce7c86d3d424,abf60d6f21bbb0e9b77558316dfb746dacf3af37814a349c60308f7dcfd22175,800,2,0,0,0,0,798,824,17,122,digit_permuted_halton,0,0.0,800,3272,13,1399.764256,"[""joint1"",""joint2"",""joint3"",""joint4"",""joint5"",""joint6""]",1,1,1,om6dof_icra_scene_catalog_v4,ac5205e9c4fae67a9f9af3f84176d61d459eb4daae2c4f50ea0e2d6b2d59b023,rmw_fastrtps_cpp,True,/home/kublab/ros2_ws/reachability_icra_confirmatory_v4/logs/run_0066_stream_122_halton_prm_domain_86.log,
67,22,122,gng,1,87,gng,1,daf37611724f4c8efd69b3b470bf505cfce4732353ea985ec54fbbb01f6d412d,730e590951a205ec639ff20613ce3305e18290f0c9a599130d38ce7c86d3d424,abf60d6f21bbb0e9b77558316dfb746dacf3af37814a349c60308f7dcfd22175,800,2,798,798,0,0,0,4130,17,122,digit_permuted_halton,4000,0.0,800,4495,2,1704.082592,"[""joint1"",""joint2"",""joint3"",""joint4"",""joint5"",""joint6""]",1,1,1,om6dof_icra_scene_catalog_v4,ac5205e9c4fae67a9f9af3f84176d61d459eb4daae2c4f50ea0e2d6b2d59b023,rmw_fastrtps_cpp,True,/home/kublab/ros2_ws/reachability_icra_confirmatory_v4/logs/run_0067_stream_122_gng_domain_87.log,
68,22,122,guarded_gng,2,88,guarded_gng,1,daf37611724f4c8efd69b3b470bf505cfce4732353ea985ec54fbbb01f6d412d,730e590951a205ec639ff20613ce3305e18290f0c9a599130d38ce7c86d3d424,abf60d6f21bbb0e9b77558316dfb746dacf3af37814a349c60308f7dcfd22175,800,2,199,199,599,599,0,4130,17,122,digit_permuted_halton,4000,0.75,800,3541,17,1589.600288,"[""joint1"",""joint2"",""joint3"",""joint4"",""joint5"",""joint6""]",1,1,1,om6dof_icra_scene_catalog_v4,ac5205e9c4fae67a9f9af3f84176d61d459eb4daae2c4f50ea0e2d6b2d59b023,rmw_fastrtps_cpp,True,/home/kublab/ros2_ws/reachability_icra_confirmatory_v4/logs/run_0068_stream_122_guarded_gng_domain_88.log,
69,23,123,halton_prm,0,89,halton_prm,1,daf37611724f4c8efd69b3b470bf505cfce4732353ea985ec54fbbb01f6d412d,730e590951a205ec639ff20613ce3305e18290f0c9a599130d38ce7c86d3d424,abf60d6f21bbb0e9b77558316dfb746dacf3af37814a349c60308f7dcfd22175,800,2,0,0,0,0,798,826,17,123,digit_permuted_halton,0,0.0,800,3272,9,1366.9096,"[""joint1"",""joint2"",""joint3"",""joint4"",""joint5"",""joint6""]",1,1,1,om6dof_icra_scene_catalog_v4,ac5205e9c4fae67a9f9af3f84176d61d459eb4daae2c4f50ea0e2d6b2d59b023,rmw_fastrtps_cpp,True,/home/kublab/ros2_ws/reachability_icra_confirmatory_v4/logs/run_0069_stream_123_halton_prm_domain_89.log,
70,23,123,guarded_gng,1,90,guarded_gng,1,daf37611724f4c8efd69b3b470bf505cfce4732353ea985ec54fbbb01f6d412d,730e590951a205ec639ff20613ce3305e18290f0c9a599130d38ce7c86d3d424,abf60d6f21bbb0e9b77558316dfb746dacf3af37814a349c60308f7dcfd22175,800,2,199,199,599,599,0,4133,17,123,digit_permuted_halton,4000,0.75,800,3533,16,1722.067328,"[""joint1"",""joint2"",""joint3"",""joint4"",""joint5"",""joint6""]",1,1,1,om6dof_icra_scene_catalog_v4,ac5205e9c4fae67a9f9af3f84176d61d459eb4daae2c4f50ea0e2d6b2d59b023,rmw_fastrtps_cpp,True,/home/kublab/ros2_ws/reachability_icra_confirmatory_v4/logs/run_0070_stream_123_guarded_gng_domain_90.log,
71,23,123,gng,2,91,gng,1,daf37611724f4c8efd69b3b470bf505cfce4732353ea985ec54fbbb01f6d412d,730e590951a205ec639ff20613ce3305e18290f0c9a599130d38ce7c86d3d424,abf60d6f21bbb0e9b77558316dfb746dacf3af37814a349c60308f7dcfd22175,800,2,798,798,0,0,0,4133,17,123,digit_permuted_halton,4000,0.0,800,4567,1,1759.093376,"[""joint1"",""joint2"",""joint3"",""joint4"",""joint5"",""joint6""]",1,1,1,om6dof_icra_scene_catalog_v4,ac5205e9c4fae67a9f9af3f84176d61d459eb4daae2c4f50ea0e2d6b2d59b023,rmw_fastrtps_cpp,True,/home/kublab/ros2_ws/reachability_icra_confirmatory_v4/logs/run_0071_stream_123_gng_domain_91.log,
72,24,124,gng,0,92,gng,1,daf37611724f4c8efd69b3b470bf505cfce4732353ea985ec54fbbb01f6d412d,730e590951a205ec639ff20613ce3305e18290f0c9a599130d38ce7c86d3d424,abf60d6f21bbb0e9b77558316dfb746dacf3af37814a349c60308f7dcfd22175,800,2,798,798,0,0,0,4126,17,124,digit_permuted_halton,4000,0.0,800,4465,3,1853.861056,"[""joint1"",""joint2"",""joint3"",""joint4"",""joint5"",""joint6""]",1,1,1,om6dof_icra_scene_catalog_v4,ac5205e9c4fae67a9f9af3f84176d61d459eb4daae2c4f50ea0e2d6b2d59b023,rmw_fastrtps_cpp,True,/home/kublab/ros2_ws/reachability_icra_confirmatory_v4/logs/run_0072_stream_124_gng_domain_92.log,
73,24,124,guarded_gng,1,93,guarded_gng,1,daf37611724f4c8efd69b3b470bf505cfce4732353ea985ec54fbbb01f6d412d,730e590951a205ec639ff20613ce3305e18290f0c9a599130d38ce7c86d3d424,abf60d6f21bbb0e9b77558316dfb746dacf3af37814a349c60308f7dcfd22175,800,2,199,199,599,599,0,4126,17,124,digit_permuted_halton,4000,0.75,800,3570,10,1607.00624,"[""joint1"",""joint2"",""joint3"",""joint4"",""joint5"",""joint6""]",1,1,1,om6dof_icra_scene_catalog_v4,ac5205e9c4fae67a9f9af3f84176d61d459eb4daae2c4f50ea0e2d6b2d59b023,rmw_fastrtps_cpp,True,/home/kublab/ros2_ws/reachability_icra_confirmatory_v4/logs/run_0073_stream_124_guarded_gng_domain_93.log,
74,24,124,halton_prm,2,94,halton_prm,1,daf37611724f4c8efd69b3b470bf505cfce4732353ea985ec54fbbb01f6d412d,730e590951a205ec639ff20613ce3305e18290f0c9a599130d38ce7c86d3d424,abf60d6f21bbb0e9b77558316dfb746dacf3af37814a349c60308f7dcfd22175,800,2,0,0,0,0,798,819,17,124,digit_permuted_halton,0,0.0,800,3303,9,1427.561376,"[""joint1"",""joint2"",""joint3"",""joint4"",""joint5"",""joint6""]",1,1,1,om6dof_icra_scene_catalog_v4,ac5205e9c4fae67a9f9af3f84176d61d459eb4daae2c4f50ea0e2d6b2d59b023,rmw_fastrtps_cpp,True,/home/kublab/ros2_ws/reachability_icra_confirmatory_v4/logs/run_0074_stream_124_halton_prm_domain_94.log,
75,25,125,gng,0,95,gng,1,daf37611724f4c8efd69b3b470bf505cfce4732353ea985ec54fbbb01f6d412d,730e590951a205ec639ff20613ce3305e18290f0c9a599130d38ce7c86d3d424,abf60d6f21bbb0e9b77558316dfb746dacf3af37814a349c60308f7dcfd22175,800,2,798,798,0,0,0,4150,17,125,digit_permuted_halton,4000,0.0,800,4540,2,1723.309728,"[""joint1"",""joint2"",""joint3"",""joint4"",""joint5"",""joint6""]",1,1,1,om6dof_icra_scene_catalog_v4,ac5205e9c4fae67a9f9af3f84176d61d459eb4daae2c4f50ea0e2d6b2d59b023,rmw_fastrtps_cpp,True,/home/kublab/ros2_ws/reachability_icra_confirmatory_v4/logs/run_0075_stream_125_gng_domain_95.log,
76,25,125,halton_prm,1,96,halton_prm,1,daf37611724f4c8efd69b3b470bf505cfce4732353ea985ec54fbbb01f6d412d,730e590951a205ec639ff20613ce3305e18290f0c9a599130d38ce7c86d3d424,abf60d6f21bbb0e9b77558316dfb746dacf3af37814a349c60308f7dcfd22175,800,2,0,0,0,0,798,825,17,125,digit_permuted_halton,0,0.0,800,3260,8,1393.455552,"[""joint1"",""joint2"",""joint3"",""joint4"",""joint5"",""joint6""]",1,1,1,om6dof_icra_scene_catalog_v4,ac5205e9c4fae67a9f9af3f84176d61d459eb4daae2c4f50ea0e2d6b2d59b023,rmw_fastrtps_cpp,True,/home/kublab/ros2_ws/reachability_icra_confirmatory_v4/logs/run_0076_stream_125_halton_prm_domain_96.log,
77,25,125,guarded_gng,2,97,guarded_gng,1,daf37611724f4c8efd69b3b470bf505cfce4732353ea985ec54fbbb01f6d412d,730e590951a205ec639ff20613ce3305e18290f0c9a599130d38ce7c86d3d424,abf60d6f21bbb0e9b77558316dfb746dacf3af37814a349c60308f7dcfd22175,800,2,199,199,599,599,0,4150,17,125,digit_permuted_halton,4000,0.75,800,3577,12,1565.804832,"[""joint1"",""joint2"",""joint3"",""joint4"",""joint5"",""joint6""]",1,1,1,om6dof_icra_scene_catalog_v4,ac5205e9c4fae67a9f9af3f84176d61d459eb4daae2c4f50ea0e2d6b2d59b023,rmw_fastrtps_cpp,True,/home/kublab/ros2_ws/reachability_icra_confirmatory_v4/logs/run_0077_stream_125_guarded_gng_domain_97.log,
78,26,126,guarded_gng,0,98,guarded_gng,1,daf37611724f4c8efd69b3b470bf505cfce4732353ea985ec54fbbb01f6d412d,730e590951a205ec639ff20613ce3305e18290f0c9a599130d38ce7c86d3d424,abf60d6f21bbb0e9b77558316dfb746dacf3af37814a349c60308f7dcfd22175,800,2,199,199,599,599,0,4134,17,126,digit_permuted_halton,4000,0.75,800,3496,16,1538.558848,"[""joint1"",""joint2"",""joint3"",""joint4"",""joint5"",""joint6""]",1,1,1,om6dof_icra_scene_catalog_v4,ac5205e9c4fae67a9f9af3f84176d61d459eb4daae2c4f50ea0e2d6b2d59b023,rmw_fastrtps_cpp,True,/home/kublab/ros2_ws/reachability_icra_confirmatory_v4/logs/run_0078_stream_126_guarded_gng_domain_98.log,
79,26,126,gng,1,99,gng,1,daf37611724f4c8efd69b3b470bf505cfce4732353ea985ec54fbbb01f6d412d,730e590951a205ec639ff20613ce3305e18290f0c9a599130d38ce7c86d3d424,abf60d6f21bbb0e9b77558316dfb746dacf3af37814a349c60308f7dcfd22175,800,2,798,798,0,0,0,4134,17,126,digit_permuted_halton,4000,0.0,800,4560,3,1719.05968,"[""joint1"",""joint2"",""joint3"",""joint4"",""joint5"",""joint6""]",1,1,1,om6dof_icra_scene_catalog_v4,ac5205e9c4fae67a9f9af3f84176d61d459eb4daae2c4f50ea0e2d6b2d59b023,rmw_fastrtps_cpp,True,/home/kublab/ros2_ws/reachability_icra_confirmatory_v4/logs/run_0079_stream_126_gng_domain_99.log,
80,26,126,halton_prm,2,20,halton_prm,1,daf37611724f4c8efd69b3b470bf505cfce4732353ea985ec54fbbb01f6d412d,730e590951a205ec639ff20613ce3305e18290f0c9a599130d38ce7c86d3d424,abf60d6f21bbb0e9b77558316dfb746dacf3af37814a349c60308f7dcfd22175,800,2,0,0,0,0,798,824,17,126,digit_permuted_halton,0,0.0,800,3184,18,1376.313536,"[""joint1"",""joint2"",""joint3"",""joint4"",""joint5"",""joint6""]",1,1,1,om6dof_icra_scene_catalog_v4,ac5205e9c4fae67a9f9af3f84176d61d459eb4daae2c4f50ea0e2d6b2d59b023,rmw_fastrtps_cpp,True,/home/kublab/ros2_ws/reachability_icra_confirmatory_v4/logs/run_0080_stream_126_halton_prm_domain_20.log,
81,27,127,guarded_gng,0,21,guarded_gng,1,daf37611724f4c8efd69b3b470bf505cfce4732353ea985ec54fbbb01f6d412d,730e590951a205ec639ff20613ce3305e18290f0c9a599130d38ce7c86d3d424,abf60d6f21bbb0e9b77558316dfb746dacf3af37814a349c60308f7dcfd22175,800,2,199,199,599,599,0,4147,17,127,digit_permuted_halton,4000,0.75,800,3539,14,1563.054176,"[""joint1"",""joint2"",""joint3"",""joint4"",""joint5"",""joint6""]",1,1,1,om6dof_icra_scene_catalog_v4,ac5205e9c4fae67a9f9af3f84176d61d459eb4daae2c4f50ea0e2d6b2d59b023,rmw_fastrtps_cpp,True,/home/kublab/ros2_ws/reachability_icra_confirmatory_v4/logs/run_0081_stream_127_guarded_gng_domain_21.log,
82,27,127,halton_prm,1,22,halton_prm,1,daf37611724f4c8efd69b3b470bf505cfce4732353ea985ec54fbbb01f6d412d,730e590951a205ec639ff20613ce3305e18290f0c9a599130d38ce7c86d3d424,abf60d6f21bbb0e9b77558316dfb746dacf3af37814a349c60308f7dcfd22175,800,2,0,0,0,0,798,826,17,127,digit_permuted_halton,0,0.0,800,3286,12,1382.49056,"[""joint1"",""joint2"",""joint3"",""joint4"",""joint5"",""joint6""]",1,1,1,om6dof_icra_scene_catalog_v4,ac5205e9c4fae67a9f9af3f84176d61d459eb4daae2c4f50ea0e2d6b2d59b023,rmw_fastrtps_cpp,True,/home/kublab/ros2_ws/reachability_icra_confirmatory_v4/logs/run_0082_stream_127_halton_prm_domain_22.log,
83,27,127,gng,2,23,gng,1,daf37611724f4c8efd69b3b470bf505cfce4732353ea985ec54fbbb01f6d412d,730e590951a205ec639ff20613ce3305e18290f0c9a599130d38ce7c86d3d424,abf60d6f21bbb0e9b77558316dfb746dacf3af37814a349c60308f7dcfd22175,800,2,798,798,0,0,0,4147,17,127,digit_permuted_halton,4000,0.0,800,4534,1,1715.009728,"[""joint1"",""joint2"",""joint3"",""joint4"",""joint5"",""joint6""]",1,1,1,om6dof_icra_scene_catalog_v4,ac5205e9c4fae67a9f9af3f84176d61d459eb4daae2c4f50ea0e2d6b2d59b023,rmw_fastrtps_cpp,True,/home/kublab/ros2_ws/reachability_icra_confirmatory_v4/logs/run_0083_stream_127_gng_domain_23.log,
84,28,128,halton_prm,0,24,halton_prm,1,daf37611724f4c8efd69b3b470bf505cfce4732353ea985ec54fbbb01f6d412d,730e590951a205ec639ff20613ce3305e18290f0c9a599130d38ce7c86d3d424,abf60d6f21bbb0e9b77558316dfb746dacf3af37814a349c60308f7dcfd22175,800,2,0,0,0,0,798,827,17,128,digit_permuted_halton,0,0.0,800,3257,10,1399.358464,"[""joint1"",""joint2"",""joint3"",""joint4"",""joint5"",""joint6""]",1,1,1,om6dof_icra_scene_catalog_v4,ac5205e9c4fae67a9f9af3f84176d61d459eb4daae2c4f50ea0e2d6b2d59b023,rmw_fastrtps_cpp,True,/home/kublab/ros2_ws/reachability_icra_confirmatory_v4/logs/run_0084_stream_128_halton_prm_domain_24.log,
85,28,128,gng,1,25,gng,1,daf37611724f4c8efd69b3b470bf505cfce4732353ea985ec54fbbb01f6d412d,730e590951a205ec639ff20613ce3305e18290f0c9a599130d38ce7c86d3d424,abf60d6f21bbb0e9b77558316dfb746dacf3af37814a349c60308f7dcfd22175,800,2,798,798,0,0,0,4140,17,128,digit_permuted_halton,4000,0.0,800,4568,1,1735.545664,"[""joint1"",""joint2"",""joint3"",""joint4"",""joint5"",""joint6""]",1,1,1,om6dof_icra_scene_catalog_v4,ac5205e9c4fae67a9f9af3f84176d61d459eb4daae2c4f50ea0e2d6b2d59b023,rmw_fastrtps_cpp,True,/home/kublab/ros2_ws/reachability_icra_confirmatory_v4/logs/run_0085_stream_128_gng_domain_25.log,
86,28,128,guarded_gng,2,26,guarded_gng,1,daf37611724f4c8efd69b3b470bf505cfce4732353ea985ec54fbbb01f6d412d,730e590951a205ec639ff20613ce3305e18290f0c9a599130d38ce7c86d3d424,abf60d6f21bbb0e9b77558316dfb746dacf3af37814a349c60308f7dcfd22175,800,2,199,199,599,599,0,4140,17,128,digit_permuted_halton,4000,0.75,800,3641,13,1636.546336,"[""joint1"",""joint2"",""joint3"",""joint4"",""joint5"",""joint6""]",1,1,1,om6dof_icra_scene_catalog_v4,ac5205e9c4fae67a9f9af3f84176d61d459eb4daae2c4f50ea0e2d6b2d59b023,rmw_fastrtps_cpp,True,/home/kublab/ros2_ws/reachability_icra_confirmatory_v4/logs/run_0086_stream_128_guarded_gng_domain_26.log,
87,29,129,halton_prm,0,27,halton_prm,1,daf37611724f4c8efd69b3b470bf505cfce4732353ea985ec54fbbb01f6d412d,730e590951a205ec639ff20613ce3305e18290f0c9a599130d38ce7c86d3d424,abf60d6f21bbb0e9b77558316dfb746dacf3af37814a349c60308f7dcfd22175,800,2,0,0,0,0,798,827,17,129,digit_permuted_halton,0,0.0,800,3252,13,1372.615648,"[""joint1"",""joint2"",""joint3"",""joint4"",""joint5"",""joint6""]",1,1,1,om6dof_icra_scene_catalog_v4,ac5205e9c4fae67a9f9af3f84176d61d459eb4daae2c4f50ea0e2d6b2d59b023,rmw_fastrtps_cpp,True,/home/kublab/ros2_ws/reachability_icra_confirmatory_v4/logs/run_0087_stream_129_halton_prm_domain_27.log,
88,29,129,guarded_gng,1,28,guarded_gng,1,daf37611724f4c8efd69b3b470bf505cfce4732353ea985ec54fbbb01f6d412d,730e590951a205ec639ff20613ce3305e18290f0c9a599130d38ce7c86d3d424,abf60d6f21bbb0e9b77558316dfb746dacf3af37814a349c60308f7dcfd22175,800,2,199,199,599,599,0,4135,17,129,digit_permuted_halton,4000,0.75,800,3473,15,1538.008032,"[""joint1"",""joint2"",""joint3"",""joint4"",""joint5"",""joint6""]",1,1,1,om6dof_icra_scene_catalog_v4,ac5205e9c4fae67a9f9af3f84176d61d459eb4daae2c4f50ea0e2d6b2d59b023,rmw_fastrtps_cpp,True,/home/kublab/ros2_ws/reachability_icra_confirmatory_v4/logs/run_0088_stream_129_guarded_gng_domain_28.log,
89,29,129,gng,2,29,gng,1,daf37611724f4c8efd69b3b470bf505cfce4732353ea985ec54fbbb01f6d412d,730e590951a205ec639ff20613ce3305e18290f0c9a599130d38ce7c86d3d424,abf60d6f21bbb0e9b77558316dfb746dacf3af37814a349c60308f7dcfd22175,800,2,798,798,0,0,0,4135,17,129,digit_permuted_halton,4000,0.0,800,4545,1,1700.511904,"[""joint1"",""joint2"",""joint3"",""joint4"",""joint5"",""joint6""]",1,1,1,om6dof_icra_scene_catalog_v4,ac5205e9c4fae67a9f9af3f84176d61d459eb4daae2c4f50ea0e2d6b2d59b023,rmw_fastrtps_cpp,True,/home/kublab/ros2_ws/reachability_icra_confirmatory_v4/logs/run_0089_stream_129_gng_domain_29.log,
90,30,130,gng,0,30,gng,1,daf37611724f4c8efd69b3b470bf505cfce4732353ea985ec54fbbb01f6d412d,730e590951a205ec639ff20613ce3305e18290f0c9a599130d38ce7c86d3d424,abf60d6f21bbb0e9b77558316dfb746dacf3af37814a349c60308f7dcfd22175,800,2,798,798,0,0,0,4144,17,130,digit_permuted_halton,4000,0.0,800,4480,2,1663.173184,"[""joint1"",""joint2"",""joint3"",""joint4"",""joint5"",""joint6""]",1,1,1,om6dof_icra_scene_catalog_v4,ac5205e9c4fae67a9f9af3f84176d61d459eb4daae2c4f50ea0e2d6b2d59b023,rmw_fastrtps_cpp,True,/home/kublab/ros2_ws/reachability_icra_confirmatory_v4/logs/run_0090_stream_130_gng_domain_30.log,
91,30,130,guarded_gng,1,31,guarded_gng,1,daf37611724f4c8efd69b3b470bf505cfce4732353ea985ec54fbbb01f6d412d,730e590951a205ec639ff20613ce3305e18290f0c9a599130d38ce7c86d3d424,abf60d6f21bbb0e9b77558316dfb746dacf3af37814a349c60308f7dcfd22175,800,2,199,199,599,599,0,4144,17,130,digit_permuted_halton,4000,0.75,800,3559,7,1588.459264,"[""joint1"",""joint2"",""joint3"",""joint4"",""joint5"",""joint6""]",1,1,1,om6dof_icra_scene_catalog_v4,ac5205e9c4fae67a9f9af3f84176d61d459eb4daae2c4f50ea0e2d6b2d59b023,rmw_fastrtps_cpp,True,/home/kublab/ros2_ws/reachability_icra_confirmatory_v4/logs/run_0091_stream_130_guarded_gng_domain_31.log,
92,30,130,halton_prm,2,32,halton_prm,1,daf37611724f4c8efd69b3b470bf505cfce4732353ea985ec54fbbb01f6d412d,730e590951a205ec639ff20613ce3305e18290f0c9a599130d38ce7c86d3d424,abf60d6f21bbb0e9b77558316dfb746dacf3af37814a349c60308f7dcfd22175,800,2,0,0,0,0,798,819,17,130,digit_permuted_halton,0,0.0,800,3269,12,1426.74928,"[""joint1"",""joint2"",""joint3"",""joint4"",""joint5"",""joint6""]",1,1,1,om6dof_icra_scene_catalog_v4,ac5205e9c4fae67a9f9af3f84176d61d459eb4daae2c4f50ea0e2d6b2d59b023,rmw_fastrtps_cpp,True,/home/kublab/ros2_ws/reachability_icra_confirmatory_v4/logs/run_0092_stream_130_halton_prm_domain_32.log,
93,31,131,gng,0,33,gng,1,daf37611724f4c8efd69b3b470bf505cfce4732353ea985ec54fbbb01f6d412d,730e590951a205ec639ff20613ce3305e18290f0c9a599130d38ce7c86d3d424,abf60d6f21bbb0e9b77558316dfb746dacf3af37814a349c60308f7dcfd22175,800,2,798,798,0,0,0,4140,17,131,digit_permuted_halton,4000,0.0,800,4494,3,1708.1984,"[""joint1"",""joint2"",""joint3"",""joint4"",""joint5"",""joint6""]",1,1,1,om6dof_icra_scene_catalog_v4,ac5205e9c4fae67a9f9af3f84176d61d459eb4daae2c4f50ea0e2d6b2d59b023,rmw_fastrtps_cpp,True,/home/kublab/ros2_ws/reachability_icra_confirmatory_v4/logs/run_0093_stream_131_gng_domain_33.log,
94,31,131,halton_prm,1,34,halton_prm,1,daf37611724f4c8efd69b3b470bf505cfce4732353ea985ec54fbbb01f6d412d,730e590951a205ec639ff20613ce3305e18290f0c9a599130d38ce7c86d3d424,abf60d6f21bbb0e9b77558316dfb746dacf3af37814a349c60308f7dcfd22175,800,2,0,0,0,0,798,832,17,131,digit_permuted_halton,0,0.0,800,3258,12,1367.953952,"[""joint1"",""joint2"",""joint3"",""joint4"",""joint5"",""joint6""]",1,1,1,om6dof_icra_scene_catalog_v4,ac5205e9c4fae67a9f9af3f84176d61d459eb4daae2c4f50ea0e2d6b2d59b023,rmw_fastrtps_cpp,True,/home/kublab/ros2_ws/reachability_icra_confirmatory_v4/logs/run_0094_stream_131_halton_prm_domain_34.log,
95,31,131,guarded_gng,2,35,guarded_gng,1,daf37611724f4c8efd69b3b470bf505cfce4732353ea985ec54fbbb01f6d412d,730e590951a205ec639ff20613ce3305e18290f0c9a599130d38ce7c86d3d424,abf60d6f21bbb0e9b77558316dfb746dacf3af37814a349c60308f7dcfd22175,800,2,199,199,599,599,0,4140,17,131,digit_permuted_halton,4000,0.75,800,3514,12,1573.475008,"[""joint1"",""joint2"",""joint3"",""joint4"",""joint5"",""joint6""]",1,1,1,om6dof_icra_scene_catalog_v4,ac5205e9c4fae67a9f9af3f84176d61d459eb4daae2c4f50ea0e2d6b2d59b023,rmw_fastrtps_cpp,True,/home/kublab/ros2_ws/reachability_icra_confirmatory_v4/logs/run_0095_stream_131_guarded_gng_domain_35.log,
96,32,132,guarded_gng,0,36,guarded_gng,1,daf37611724f4c8efd69b3b470bf505cfce4732353ea985ec54fbbb01f6d412d,730e590951a205ec639ff20613ce3305e18290f0c9a599130d38ce7c86d3d424,abf60d6f21bbb0e9b77558316dfb746dacf3af37814a349c60308f7dcfd22175,800,2,199,199,599,599,0,4145,17,132,digit_permuted_halton,4000,0.75,800,3594,23,1585.228928,"[""joint1"",""joint2"",""joint3"",""joint4"",""joint5"",""joint6""]",1,1,1,om6dof_icra_scene_catalog_v4,ac5205e9c4fae67a9f9af3f84176d61d459eb4daae2c4f50ea0e2d6b2d59b023,rmw_fastrtps_cpp,True,/home/kublab/ros2_ws/reachability_icra_confirmatory_v4/logs/run_0096_stream_132_guarded_gng_domain_36.log,
97,32,132,gng,1,37,gng,1,daf37611724f4c8efd69b3b470bf505cfce4732353ea985ec54fbbb01f6d412d,730e590951a205ec639ff20613ce3305e18290f0c9a599130d38ce7c86d3d424,abf60d6f21bbb0e9b77558316dfb746dacf3af37814a349c60308f7dcfd22175,800,2,798,798,0,0,0,4145,17,132,digit_permuted_halton,4000,0.0,800,4588,3,1745.442656,"[""joint1"",""joint2"",""joint3"",""joint4"",""joint5"",""joint6""]",1,1,1,om6dof_icra_scene_catalog_v4,ac5205e9c4fae67a9f9af3f84176d61d459eb4daae2c4f50ea0e2d6b2d59b023,rmw_fastrtps_cpp,True,/home/kublab/ros2_ws/reachability_icra_confirmatory_v4/logs/run_0097_stream_132_gng_domain_37.log,
98,32,132,halton_prm,2,38,halton_prm,1,daf37611724f4c8efd69b3b470bf505cfce4732353ea985ec54fbbb01f6d412d,730e590951a205ec639ff20613ce3305e18290f0c9a599130d38ce7c86d3d424,abf60d6f21bbb0e9b77558316dfb746dacf3af37814a349c60308f7dcfd22175,800,2,0,0,0,0,798,833,17,132,digit_permuted_halton,0,0.0,800,3227,17,1398.423232,"[""joint1"",""joint2"",""joint3"",""joint4"",""joint5"",""joint6""]",1,1,1,om6dof_icra_scene_catalog_v4,ac5205e9c4fae67a9f9af3f84176d61d459eb4daae2c4f50ea0e2d6b2d59b023,rmw_fastrtps_cpp,True,/home/kublab/ros2_ws/reachability_icra_confirmatory_v4/logs/run_0098_stream_132_halton_prm_domain_38.log,
99,33,133,guarded_gng,0,39,guarded_gng,1,daf37611724f4c8efd69b3b470bf505cfce4732353ea985ec54fbbb01f6d412d,730e590951a205ec639ff20613ce3305e18290f0c9a599130d38ce7c86d3d424,abf60d6f21bbb0e9b77558316dfb746dacf3af37814a349c60308f7dcfd22175,800,2,199,199,599,599,0,4145,17,133,digit_permuted_halton,4000,0.75,800,3664,15,1668.228384,"[""joint1"",""joint2"",""joint3"",""joint4"",""joint5"",""joint6""]",1,1,1,om6dof_icra_scene_catalog_v4,ac5205e9c4fae67a9f9af3f84176d61d459eb4daae2c4f50ea0e2d6b2d59b023,rmw_fastrtps_cpp,True,/home/kublab/ros2_ws/reachability_icra_confirmatory_v4/logs/run_0099_stream_133_guarded_gng_domain_39.log,
100,33,133,halton_prm,1,40,halton_prm,1,daf37611724f4c8efd69b3b470bf505cfce4732353ea985ec54fbbb01f6d412d,730e590951a205ec639ff20613ce3305e18290f0c9a599130d38ce7c86d3d424,abf60d6f21bbb0e9b77558316dfb746dacf3af37814a349c60308f7dcfd22175,800,2,0,0,0,0,798,827,17,133,digit_permuted_halton,0,0.0,800,3298,8,1401.909376,"[""joint1"",""joint2"",""joint3"",""joint4"",""joint5"",""joint6""]",1,1,1,om6dof_icra_scene_catalog_v4,ac5205e9c4fae67a9f9af3f84176d61d459eb4daae2c4f50ea0e2d6b2d59b023,rmw_fastrtps_cpp,True,/home/kublab/ros2_ws/reachability_icra_confirmatory_v4/logs/run_0100_stream_133_halton_prm_domain_40.log,
101,33,133,gng,2,41,gng,1,daf37611724f4c8efd69b3b470bf505cfce4732353ea985ec54fbbb01f6d412d,730e590951a205ec639ff20613ce3305e18290f0c9a599130d38ce7c86d3d424,abf60d6f21bbb0e9b77558316dfb746dacf3af37814a349c60308f7dcfd22175,800,2,798,798,0,0,0,4145,17,133,digit_permuted_halton,4000,0.0,800,4583,1,1759.65968,"[""joint1"",""joint2"",""joint3"",""joint4"",""joint5"",""joint6""]",1,1,1,om6dof_icra_scene_catalog_v4,ac5205e9c4fae67a9f9af3f84176d61d459eb4daae2c4f50ea0e2d6b2d59b023,rmw_fastrtps_cpp,True,/home/kublab/ros2_ws/reachability_icra_confirmatory_v4/logs/run_0101_stream_133_gng_domain_41.log,
102,34,134,halton_prm,0,42,halton_prm,1,daf37611724f4c8efd69b3b470bf505cfce4732353ea985ec54fbbb01f6d412d,730e590951a205ec639ff20613ce3305e18290f0c9a599130d38ce7c86d3d424,abf60d6f21bbb0e9b77558316dfb746dacf3af37814a349c60308f7dcfd22175,800,2,0,0,0,0,798,827,17,134,digit_permuted_halton,0,0.0,800,3250,8,1372.205376,"[""joint1"",""joint2"",""joint3"",""joint4"",""joint5"",""joint6""]",1,1,1,om6dof_icra_scene_catalog_v4,ac5205e9c4fae67a9f9af3f84176d61d459eb4daae2c4f50ea0e2d6b2d59b023,rmw_fastrtps_cpp,True,/home/kublab/ros2_ws/reachability_icra_confirmatory_v4/logs/run_0102_stream_134_halton_prm_domain_42.log,
103,34,134,gng,1,43,gng,1,daf37611724f4c8efd69b3b470bf505cfce4732353ea985ec54fbbb01f6d412d,730e590951a205ec639ff20613ce3305e18290f0c9a599130d38ce7c86d3d424,abf60d6f21bbb0e9b77558316dfb746dacf3af37814a349c60308f7dcfd22175,800,2,798,798,0,0,0,4128,17,134,digit_permuted_halton,4000,0.0,800,4475,1,1890.062752,"[""joint1"",""joint2"",""joint3"",""joint4"",""joint5"",""joint6""]",1,1,1,om6dof_icra_scene_catalog_v4,ac5205e9c4fae67a9f9af3f84176d61d459eb4daae2c4f50ea0e2d6b2d59b023,rmw_fastrtps_cpp,True,/home/kublab/ros2_ws/reachability_icra_confirmatory_v4/logs/run_0103_stream_134_gng_domain_43.log,
104,34,134,guarded_gng,2,44,guarded_gng,1,daf37611724f4c8efd69b3b470bf505cfce4732353ea985ec54fbbb01f6d412d,730e590951a205ec639ff20613ce3305e18290f0c9a599130d38ce7c86d3d424,abf60d6f21bbb0e9b77558316dfb746dacf3af37814a349c60308f7dcfd22175,800,2,199,199,599,599,0,4128,17,134,digit_permuted_halton,4000,0.75,800,3652,14,1641.32656,"[""joint1"",""joint2"",""joint3"",""joint4"",""joint5"",""joint6""]",1,1,1,om6dof_icra_scene_catalog_v4,ac5205e9c4fae67a9f9af3f84176d61d459eb4daae2c4f50ea0e2d6b2d59b023,rmw_fastrtps_cpp,True,/home/kublab/ros2_ws/reachability_icra_confirmatory_v4/logs/run_0104_stream_134_guarded_gng_domain_44.log,
105,35,135,halton_prm,0,45,halton_prm,1,daf37611724f4c8efd69b3b470bf505cfce4732353ea985ec54fbbb01f6d412d,730e590951a205ec639ff20613ce3305e18290f0c9a599130d38ce7c86d3d424,abf60d6f21bbb0e9b77558316dfb746dacf3af37814a349c60308f7dcfd22175,800,2,0,0,0,0,798,827,17,135,digit_permuted_halton,0,0.0,800,3287,16,1390.516704,"[""joint1"",""joint2"",""joint3"",""joint4"",""joint5"",""joint6""]",1,1,1,om6dof_icra_scene_catalog_v4,ac5205e9c4fae67a9f9af3f84176d61d459eb4daae2c4f50ea0e2d6b2d59b023,rmw_fastrtps_cpp,True,/home/kublab/ros2_ws/reachability_icra_confirmatory_v4/logs/run_0105_stream_135_halton_prm_domain_45.log,
106,35,135,guarded_gng,1,46,guarded_gng,1,daf37611724f4c8efd69b3b470bf505cfce4732353ea985ec54fbbb01f6d412d,730e590951a205ec639ff20613ce3305e18290f0c9a599130d38ce7c86d3d424,abf60d6f21bbb0e9b77558316dfb746dacf3af37814a349c60308f7dcfd22175,800,2,199,199,599,599,0,4143,17,135,digit_permuted_halton,4000,0.75,800,3643,15,1619.473248,"[""joint1"",""joint2"",""joint3"",""joint4"",""joint5"",""joint6""]",1,1,1,om6dof_icra_scene_catalog_v4,ac5205e9c4fae67a9f9af3f84176d61d459eb4daae2c4f50ea0e2d6b2d59b023,rmw_fastrtps_cpp,True,/home/kublab/ros2_ws/reachability_icra_confirmatory_v4/logs/run_0106_stream_135_guarded_gng_domain_46.log,
107,35,135,gng,2,47,gng,1,daf37611724f4c8efd69b3b470bf505cfce4732353ea985ec54fbbb01f6d412d,730e590951a205ec639ff20613ce3305e18290f0c9a599130d38ce7c86d3d424,abf60d6f21bbb0e9b77558316dfb746dacf3af37814a349c60308f7dcfd22175,800,2,798,798,0,0,0,4143,17,135,digit_permuted_halton,4000,0.0,800,4524,1,1714.344704,"[""joint1"",""joint2"",""joint3"",""joint4"",""joint5"",""joint6""]",1,1,1,om6dof_icra_scene_catalog_v4,ac5205e9c4fae67a9f9af3f84176d61d459eb4daae2c4f50ea0e2d6b2d59b023,rmw_fastrtps_cpp,True,/home/kublab/ros2_ws/reachability_icra_confirmatory_v4/logs/run_0107_stream_135_gng_domain_47.log,
108,36,136,gng,0,48,gng,1,daf37611724f4c8efd69b3b470bf505cfce4732353ea985ec54fbbb01f6d412d,730e590951a205ec639ff20613ce3305e18290f0c9a599130d38ce7c86d3d424,abf60d6f21bbb0e9b77558316dfb746dacf3af37814a349c60308f7dcfd22175,800,2,798,798,0,0,0,4152,17,136,digit_permuted_halton,4000,0.0,800,4613,2,1911.985568,"[""joint1"",""joint2"",""joint3"",""joint4"",""joint5"",""joint6""]",1,1,1,om6dof_icra_scene_catalog_v4,ac5205e9c4fae67a9f9af3f84176d61d459eb4daae2c4f50ea0e2d6b2d59b023,rmw_fastrtps_cpp,True,/home/kublab/ros2_ws/reachability_icra_confirmatory_v4/logs/run_0108_stream_136_gng_domain_48.log,
109,36,136,guarded_gng,1,49,guarded_gng,1,daf37611724f4c8efd69b3b470bf505cfce4732353ea985ec54fbbb01f6d412d,730e590951a205ec639ff20613ce3305e18290f0c9a599130d38ce7c86d3d424,abf60d6f21bbb0e9b77558316dfb746dacf3af37814a349c60308f7dcfd22175,800,2,199,199,599,599,0,4152,17,136,digit_permuted_halton,4000,0.75,800,3528,13,1587.948288,"[""joint1"",""joint2"",""joint3"",""joint4"",""joint5"",""joint6""]",1,1,1,om6dof_icra_scene_catalog_v4,ac5205e9c4fae67a9f9af3f84176d61d459eb4daae2c4f50ea0e2d6b2d59b023,rmw_fastrtps_cpp,True,/home/kublab/ros2_ws/reachability_icra_confirmatory_v4/logs/run_0109_stream_136_guarded_gng_domain_49.log,
110,36,136,halton_prm,2,50,halton_prm,1,daf37611724f4c8efd69b3b470bf505cfce4732353ea985ec54fbbb01f6d412d,730e590951a205ec639ff20613ce3305e18290f0c9a599130d38ce7c86d3d424,abf60d6f21bbb0e9b77558316dfb746dacf3af37814a349c60308f7dcfd22175,800,2,0,0,0,0,798,827,17,136,digit_permuted_halton,0,0.0,800,3275,11,1372.001792,"[""joint1"",""joint2"",""joint3"",""joint4"",""joint5"",""joint6""]",1,1,1,om6dof_icra_scene_catalog_v4,ac5205e9c4fae67a9f9af3f84176d61d459eb4daae2c4f50ea0e2d6b2d59b023,rmw_fastrtps_cpp,True,/home/kublab/ros2_ws/reachability_icra_confirmatory_v4/logs/run_0110_stream_136_halton_prm_domain_50.log,
111,37,137,gng,0,51,gng,1,daf37611724f4c8efd69b3b470bf505cfce4732353ea985ec54fbbb01f6d412d,730e590951a205ec639ff20613ce3305e18290f0c9a599130d38ce7c86d3d424,abf60d6f21bbb0e9b77558316dfb746dacf3af37814a349c60308f7dcfd22175,800,2,798,798,0,0,0,4137,17,137,digit_permuted_halton,4000,0.0,800,4527,1,1747.672704,"[""joint1"",""joint2"",""joint3"",""joint4"",""joint5"",""joint6""]",1,1,1,om6dof_icra_scene_catalog_v4,ac5205e9c4fae67a9f9af3f84176d61d459eb4daae2c4f50ea0e2d6b2d59b023,rmw_fastrtps_cpp,True,/home/kublab/ros2_ws/reachability_icra_confirmatory_v4/logs/run_0111_stream_137_gng_domain_51.log,
112,37,137,halton_prm,1,52,halton_prm,1,daf37611724f4c8efd69b3b470bf505cfce4732353ea985ec54fbbb01f6d412d,730e590951a205ec639ff20613ce3305e18290f0c9a599130d38ce7c86d3d424,abf60d6f21bbb0e9b77558316dfb746dacf3af37814a349c60308f7dcfd22175,800,2,0,0,0,0,798,824,17,137,digit_permuted_halton,0,0.0,800,3286,14,1382.316064,"[""joint1"",""joint2"",""joint3"",""joint4"",""joint5"",""joint6""]",1,1,1,om6dof_icra_scene_catalog_v4,ac5205e9c4fae67a9f9af3f84176d61d459eb4daae2c4f50ea0e2d6b2d59b023,rmw_fastrtps_cpp,True,/home/kublab/ros2_ws/reachability_icra_confirmatory_v4/logs/run_0112_stream_137_halton_prm_domain_52.log,
113,37,137,guarded_gng,2,53,guarded_gng,1,daf37611724f4c8efd69b3b470bf505cfce4732353ea985ec54fbbb01f6d412d,730e590951a205ec639ff20613ce3305e18290f0c9a599130d38ce7c86d3d424,abf60d6f21bbb0e9b77558316dfb746dacf3af37814a349c60308f7dcfd22175,800,2,199,199,599,599,0,4137,17,137,digit_permuted_halton,4000,0.75,800,3556,13,1629.087648,"[""joint1"",""joint2"",""joint3"",""joint4"",""joint5"",""joint6""]",1,1,1,om6dof_icra_scene_catalog_v4,ac5205e9c4fae67a9f9af3f84176d61d459eb4daae2c4f50ea0e2d6b2d59b023,rmw_fastrtps_cpp,True,/home/kublab/ros2_ws/reachability_icra_confirmatory_v4/logs/run_0113_stream_137_guarded_gng_domain_53.log,
114,38,138,guarded_gng,0,54,guarded_gng,1,daf37611724f4c8efd69b3b470bf505cfce4732353ea985ec54fbbb01f6d412d,730e590951a205ec639ff20613ce3305e18290f0c9a599130d38ce7c86d3d424,abf60d6f21bbb0e9b77558316dfb746dacf3af37814a349c60308f7dcfd22175,800,2,199,199,599,599,0,4153,17,138,digit_permuted_halton,4000,0.75,800,3530,9,1577.681248,"[""joint1"",""joint2"",""joint3"",""joint4"",""joint5"",""joint6""]",1,1,1,om6dof_icra_scene_catalog_v4,ac5205e9c4fae67a9f9af3f84176d61d459eb4daae2c4f50ea0e2d6b2d59b023,rmw_fastrtps_cpp,True,/home/kublab/ros2_ws/reachability_icra_confirmatory_v4/logs/run_0114_stream_138_guarded_gng_domain_54.log,
115,38,138,gng,1,55,gng,1,daf37611724f4c8efd69b3b470bf505cfce4732353ea985ec54fbbb01f6d412d,730e590951a205ec639ff20613ce3305e18290f0c9a599130d38ce7c86d3d424,abf60d6f21bbb0e9b77558316dfb746dacf3af37814a349c60308f7dcfd22175,800,2,798,798,0,0,0,4153,17,138,digit_permuted_halton,4000,0.0,800,4621,1,1887.059008,"[""joint1"",""joint2"",""joint3"",""joint4"",""joint5"",""joint6""]",1,1,1,om6dof_icra_scene_catalog_v4,ac5205e9c4fae67a9f9af3f84176d61d459eb4daae2c4f50ea0e2d6b2d59b023,rmw_fastrtps_cpp,True,/home/kublab/ros2_ws/reachability_icra_confirmatory_v4/logs/run_0115_stream_138_gng_domain_55.log,
116,38,138,halton_prm,2,56,halton_prm,1,daf37611724f4c8efd69b3b470bf505cfce4732353ea985ec54fbbb01f6d412d,730e590951a205ec639ff20613ce3305e18290f0c9a599130d38ce7c86d3d424,abf60d6f21bbb0e9b77558316dfb746dacf3af37814a349c60308f7dcfd22175,800,2,0,0,0,0,798,833,17,138,digit_permuted_halton,0,0.0,800,3208,15,1342.689696,"[""joint1"",""joint2"",""joint3"",""joint4"",""joint5"",""joint6""]",1,1,1,om6dof_icra_scene_catalog_v4,ac5205e9c4fae67a9f9af3f84176d61d459eb4daae2c4f50ea0e2d6b2d59b023,rmw_fastrtps_cpp,True,/home/kublab/ros2_ws/reachability_icra_confirmatory_v4/logs/run_0116_stream_138_halton_prm_domain_56.log,
117,39,139,guarded_gng,0,57,guarded_gng,1,daf37611724f4c8efd69b3b470bf505cfce4732353ea985ec54fbbb01f6d412d,730e590951a205ec639ff20613ce3305e18290f0c9a599130d38ce7c86d3d424,abf60d6f21bbb0e9b77558316dfb746dacf3af37814a349c60308f7dcfd22175,800,2,199,199,599,599,0,4138,17,139,digit_permuted_halton,4000,0.75,800,3632,11,1598.214816,"[""joint1"",""joint2"",""joint3"",""joint4"",""joint5"",""joint6""]",1,1,1,om6dof_icra_scene_catalog_v4,ac5205e9c4fae67a9f9af3f84176d61d459eb4daae2c4f50ea0e2d6b2d59b023,rmw_fastrtps_cpp,True,/home/kublab/ros2_ws/reachability_icra_confirmatory_v4/logs/run_0117_stream_139_guarded_gng_domain_57.log,
118,39,139,halton_prm,1,58,halton_prm,1,daf37611724f4c8efd69b3b470bf505cfce4732353ea985ec54fbbb01f6d412d,730e590951a205ec639ff20613ce3305e18290f0c9a599130d38ce7c86d3d424,abf60d6f21bbb0e9b77558316dfb746dacf3af37814a349c60308f7dcfd22175,800,2,0,0,0,0,798,826,17,139,digit_permuted_halton,0,0.0,800,3260,5,1424.987264,"[""joint1"",""joint2"",""joint3"",""joint4"",""joint5"",""joint6""]",1,1,1,om6dof_icra_scene_catalog_v4,ac5205e9c4fae67a9f9af3f84176d61d459eb4daae2c4f50ea0e2d6b2d59b023,rmw_fastrtps_cpp,True,/home/kublab/ros2_ws/reachability_icra_confirmatory_v4/logs/run_0118_stream_139_halton_prm_domain_58.log,
119,39,139,gng,2,59,gng,1,daf37611724f4c8efd69b3b470bf505cfce4732353ea985ec54fbbb01f6d412d,730e590951a205ec639ff20613ce3305e18290f0c9a599130d38ce7c86d3d424,abf60d6f21bbb0e9b77558316dfb746dacf3af37814a349c60308f7dcfd22175,800,2,798,798,0,0,0,4138,17,139,digit_permuted_halton,4000,0.0,800,4585,2,1741.348864,"[""joint1"",""joint2"",""joint3"",""joint4"",""joint5"",""joint6""]",1,1,1,om6dof_icra_scene_catalog_v4,ac5205e9c4fae67a9f9af3f84176d61d459eb4daae2c4f50ea0e2d6b2d59b023,rmw_fastrtps_cpp,True,/home/kublab/ros2_ws/reachability_icra_confirmatory_v4/logs/run_0119_stream_139_gng_domain_59.log,
120,40,140,halton_prm,0,60,halton_prm,1,daf37611724f4c8efd69b3b470bf505cfce4732353ea985ec54fbbb01f6d412d,730e590951a205ec639ff20613ce3305e18290f0c9a599130d38ce7c86d3d424,abf60d6f21bbb0e9b77558316dfb746dacf3af37814a349c60308f7dcfd22175,800,2,0,0,0,0,798,831,17,140,digit_permuted_halton,0,0.0,800,3334,9,1412.428384,"[""joint1"",""joint2"",""joint3"",""joint4"",""joint5"",""joint6""]",1,1,1,om6dof_icra_scene_catalog_v4,ac5205e9c4fae67a9f9af3f84176d61d459eb4daae2c4f50ea0e2d6b2d59b023,rmw_fastrtps_cpp,True,/home/kublab/ros2_ws/reachability_icra_confirmatory_v4/logs/run_0120_stream_140_halton_prm_domain_60.log,
121,40,140,gng,1,61,gng,1,daf37611724f4c8efd69b3b470bf505cfce4732353ea985ec54fbbb01f6d412d,730e590951a205ec639ff20613ce3305e18290f0c9a599130d38ce7c86d3d424,abf60d6f21bbb0e9b77558316dfb746dacf3af37814a349c60308f7dcfd22175,800,2,798,798,0,0,0,4148,17,140,digit_permuted_halton,4000,0.0,800,4592,1,1741.163392,"[""joint1"",""joint2"",""joint3"",""joint4"",""joint5"",""joint6""]",1,1,1,om6dof_icra_scene_catalog_v4,ac5205e9c4fae67a9f9af3f84176d61d459eb4daae2c4f50ea0e2d6b2d59b023,rmw_fastrtps_cpp,True,/home/kublab/ros2_ws/reachability_icra_confirmatory_v4/logs/run_0121_stream_140_gng_domain_61.log,
122,40,140,guarded_gng,2,62,guarded_gng,1,daf37611724f4c8efd69b3b470bf505cfce4732353ea985ec54fbbb01f6d412d,730e590951a205ec639ff20613ce3305e18290f0c9a599130d38ce7c86d3d424,abf60d6f21bbb0e9b77558316dfb746dacf3af37814a349c60308f7dcfd22175,800,2,199,199,599,599,0,4148,17,140,digit_permuted_halton,4000,0.75,800,3604,13,1603.8952,"[""joint1"",""joint2"",""joint3"",""joint4"",""joint5"",""joint6""]",1,1,1,om6dof_icra_scene_catalog_v4,ac5205e9c4fae67a9f9af3f84176d61d459eb4daae2c4f50ea0e2d6b2d59b023,rmw_fastrtps_cpp,True,/home/kublab/ros2_ws/reachability_icra_confirmatory_v4/logs/run_0122_stream_140_guarded_gng_domain_62.log,
123,41,141,halton_prm,0,63,halton_prm,1,daf37611724f4c8efd69b3b470bf505cfce4732353ea985ec54fbbb01f6d412d,730e590951a205ec639ff20613ce3305e18290f0c9a599130d38ce7c86d3d424,abf60d6f21bbb0e9b77558316dfb746dacf3af37814a349c60308f7dcfd22175,800,2,0,0,0,0,798,823,17,141,digit_permuted_halton,0,0.0,800,3329,9,1419.03936,"[""joint1"",""joint2"",""joint3"",""joint4"",""joint5"",""joint6""]",1,1,1,om6dof_icra_scene_catalog_v4,ac5205e9c4fae67a9f9af3f84176d61d459eb4daae2c4f50ea0e2d6b2d59b023,rmw_fastrtps_cpp,True,/home/kublab/ros2_ws/reachability_icra_confirmatory_v4/logs/run_0123_stream_141_halton_prm_domain_63.log,
124,41,141,guarded_gng,1,64,guarded_gng,1,daf37611724f4c8efd69b3b470bf505cfce4732353ea985ec54fbbb01f6d412d,730e590951a205ec639ff20613ce3305e18290f0c9a599130d38ce7c86d3d424,abf60d6f21bbb0e9b77558316dfb746dacf3af37814a349c60308f7dcfd22175,800,2,199,199,599,599,0,4140,17,141,digit_permuted_halton,4000,0.75,800,3525,9,1557.520224,"[""joint1"",""joint2"",""joint3"",""joint4"",""joint5"",""joint6""]",1,1,1,om6dof_icra_scene_catalog_v4,ac5205e9c4fae67a9f9af3f84176d61d459eb4daae2c4f50ea0e2d6b2d59b023,rmw_fastrtps_cpp,True,/home/kublab/ros2_ws/reachability_icra_confirmatory_v4/logs/run_0124_stream_141_guarded_gng_domain_64.log,
125,41,141,gng,2,65,gng,1,daf37611724f4c8efd69b3b470bf505cfce4732353ea985ec54fbbb01f6d412d,730e590951a205ec639ff20613ce3305e18290f0c9a599130d38ce7c86d3d424,abf60d6f21bbb0e9b77558316dfb746dacf3af37814a349c60308f7dcfd22175,800,2,798,798,0,0,0,4140,17,141,digit_permuted_halton,4000,0.0,800,4528,1,1721.593024,"[""joint1"",""joint2"",""joint3"",""joint4"",""joint5"",""joint6""]",1,1,1,om6dof_icra_scene_catalog_v4,ac5205e9c4fae67a9f9af3f84176d61d459eb4daae2c4f50ea0e2d6b2d59b023,rmw_fastrtps_cpp,True,/home/kublab/ros2_ws/reachability_icra_confirmatory_v4/logs/run_0125_stream_141_gng_domain_65.log,
126,42,142,gng,0,66,gng,1,daf37611724f4c8efd69b3b470bf505cfce4732353ea985ec54fbbb01f6d412d,730e590951a205ec639ff20613ce3305e18290f0c9a599130d38ce7c86d3d424,abf60d6f21bbb0e9b77558316dfb746dacf3af37814a349c60308f7dcfd22175,800,2,798,798,0,0,0,4142,17,142,digit_permuted_halton,4000,0.0,800,4508,1,1719.216448,"[""joint1"",""joint2"",""joint3"",""joint4"",""joint5"",""joint6""]",1,1,1,om6dof_icra_scene_catalog_v4,ac5205e9c4fae67a9f9af3f84176d61d459eb4daae2c4f50ea0e2d6b2d59b023,rmw_fastrtps_cpp,True,/home/kublab/ros2_ws/reachability_icra_confirmatory_v4/logs/run_0126_stream_142_gng_domain_66.log,
127,42,142,guarded_gng,1,67,guarded_gng,1,daf37611724f4c8efd69b3b470bf505cfce4732353ea985ec54fbbb01f6d412d,730e590951a205ec639ff20613ce3305e18290f0c9a599130d38ce7c86d3d424,abf60d6f21bbb0e9b77558316dfb746dacf3af37814a349c60308f7dcfd22175,800,2,199,199,599,599,0,4142,17,142,digit_permuted_halton,4000,0.75,800,3469,10,1578.507136,"[""joint1"",""joint2"",""joint3"",""joint4"",""joint5"",""joint6""]",1,1,1,om6dof_icra_scene_catalog_v4,ac5205e9c4fae67a9f9af3f84176d61d459eb4daae2c4f50ea0e2d6b2d59b023,rmw_fastrtps_cpp,True,/home/kublab/ros2_ws/reachability_icra_confirmatory_v4/logs/run_0127_stream_142_guarded_gng_domain_67.log,
128,42,142,halton_prm,2,68,halton_prm,1,daf37611724f4c8efd69b3b470bf505cfce4732353ea985ec54fbbb01f6d412d,730e590951a205ec639ff20613ce3305e18290f0c9a599130d38ce7c86d3d424,abf60d6f21bbb0e9b77558316dfb746dacf3af37814a349c60308f7dcfd22175,800,2,0,0,0,0,798,826,17,142,digit_permuted_halton,0,0.0,800,3227,11,1378.528,"[""joint1"",""joint2"",""joint3"",""joint4"",""joint5"",""joint6""]",1,1,1,om6dof_icra_scene_catalog_v4,ac5205e9c4fae67a9f9af3f84176d61d459eb4daae2c4f50ea0e2d6b2d59b023,rmw_fastrtps_cpp,True,/home/kublab/ros2_ws/reachability_icra_confirmatory_v4/logs/run_0128_stream_142_halton_prm_domain_68.log,
129,43,143,gng,0,69,gng,1,daf37611724f4c8efd69b3b470bf505cfce4732353ea985ec54fbbb01f6d412d,730e590951a205ec639ff20613ce3305e18290f0c9a599130d38ce7c86d3d424,abf60d6f21bbb0e9b77558316dfb746dacf3af37814a349c60308f7dcfd22175,800,2,798,798,0,0,0,4128,17,143,digit_permuted_halton,4000,0.0,800,4513,1,1708.889888,"[""joint1"",""joint2"",""joint3"",""joint4"",""joint5"",""joint6""]",1,1,1,om6dof_icra_scene_catalog_v4,ac5205e9c4fae67a9f9af3f84176d61d459eb4daae2c4f50ea0e2d6b2d59b023,rmw_fastrtps_cpp,True,/home/kublab/ros2_ws/reachability_icra_confirmatory_v4/logs/run_0129_stream_143_gng_domain_69.log,
130,43,143,halton_prm,1,70,halton_prm,1,daf37611724f4c8efd69b3b470bf505cfce4732353ea985ec54fbbb01f6d412d,730e590951a205ec639ff20613ce3305e18290f0c9a599130d38ce7c86d3d424,abf60d6f21bbb0e9b77558316dfb746dacf3af37814a349c60308f7dcfd22175,800,2,0,0,0,0,798,822,17,143,digit_permuted_halton,0,0.0,800,3230,9,1357.651808,"[""joint1"",""joint2"",""joint3"",""joint4"",""joint5"",""joint6""]",1,1,1,om6dof_icra_scene_catalog_v4,ac5205e9c4fae67a9f9af3f84176d61d459eb4daae2c4f50ea0e2d6b2d59b023,rmw_fastrtps_cpp,True,/home/kublab/ros2_ws/reachability_icra_confirmatory_v4/logs/run_0130_stream_143_halton_prm_domain_70.log,
131,43,143,guarded_gng,2,71,guarded_gng,1,daf37611724f4c8efd69b3b470bf505cfce4732353ea985ec54fbbb01f6d412d,730e590951a205ec639ff20613ce3305e18290f0c9a599130d38ce7c86d3d424,abf60d6f21bbb0e9b77558316dfb746dacf3af37814a349c60308f7dcfd22175,800,2,199,199,599,599,0,4128,17,143,digit_permuted_halton,4000,0.75,800,3598,15,1570.01264,"[""joint1"",""joint2"",""joint3"",""joint4"",""joint5"",""joint6""]",1,1,1,om6dof_icra_scene_catalog_v4,ac5205e9c4fae67a9f9af3f84176d61d459eb4daae2c4f50ea0e2d6b2d59b023,rmw_fastrtps_cpp,True,/home/kublab/ros2_ws/reachability_icra_confirmatory_v4/logs/run_0131_stream_143_guarded_gng_domain_71.log,
132,44,144,guarded_gng,0,72,guarded_gng,1,daf37611724f4c8efd69b3b470bf505cfce4732353ea985ec54fbbb01f6d412d,730e590951a205ec639ff20613ce3305e18290f0c9a599130d38ce7c86d3d424,abf60d6f21bbb0e9b77558316dfb746dacf3af37814a349c60308f7dcfd22175,800,2,199,199,599,599,0,4145,17,144,digit_permuted_halton,4000,0.75,800,3592,12,1637.024672,"[""joint1"",""joint2"",""joint3"",""joint4"",""joint5"",""joint6""]",1,1,1,om6dof_icra_scene_catalog_v4,ac5205e9c4fae67a9f9af3f84176d61d459eb4daae2c4f50ea0e2d6b2d59b023,rmw_fastrtps_cpp,True,/home/kublab/ros2_ws/reachability_icra_confirmatory_v4/logs/run_0132_stream_144_guarded_gng_domain_72.log,
133,44,144,gng,1,73,gng,1,daf37611724f4c8efd69b3b470bf505cfce4732353ea985ec54fbbb01f6d412d,730e590951a205ec639ff20613ce3305e18290f0c9a599130d38ce7c86d3d424,abf60d6f21bbb0e9b77558316dfb746dacf3af37814a349c60308f7dcfd22175,800,2,798,798,0,0,0,4145,17,144,digit_permuted_halton,4000,0.0,800,4496,1,1698.47824,"[""joint1"",""joint2"",""joint3"",""joint4"",""joint5"",""joint6""]",1,1,1,om6dof_icra_scene_catalog_v4,ac5205e9c4fae67a9f9af3f84176d61d459eb4daae2c4f50ea0e2d6b2d59b023,rmw_fastrtps_cpp,True,/home/kublab/ros2_ws/reachability_icra_confirmatory_v4/logs/run_0133_stream_144_gng_domain_73.log,
134,44,144,halton_prm,2,74,halton_prm,1,daf37611724f4c8efd69b3b470bf505cfce4732353ea985ec54fbbb01f6d412d,730e590951a205ec639ff20613ce3305e18290f0c9a599130d38ce7c86d3d424,abf60d6f21bbb0e9b77558316dfb746dacf3af37814a349c60308f7dcfd22175,800,2,0,0,0,0,798,825,17,144,digit_permuted_halton,0,0.0,800,3278,8,1391.460096,"[""joint1"",""joint2"",""joint3"",""joint4"",""joint5"",""joint6""]",1,1,1,om6dof_icra_scene_catalog_v4,ac5205e9c4fae67a9f9af3f84176d61d459eb4daae2c4f50ea0e2d6b2d59b023,rmw_fastrtps_cpp,True,/home/kublab/ros2_ws/reachability_icra_confirmatory_v4/logs/run_0134_stream_144_halton_prm_domain_74.log,
135,45,145,guarded_gng,0,75,guarded_gng,1,daf37611724f4c8efd69b3b470bf505cfce4732353ea985ec54fbbb01f6d412d,730e590951a205ec639ff20613ce3305e18290f0c9a599130d38ce7c86d3d424,abf60d6f21bbb0e9b77558316dfb746dacf3af37814a349c60308f7dcfd22175,800,2,199,199,599,599,0,4138,17,145,digit_permuted_halton,4000,0.75,800,3553,6,1597.883136,"[""joint1"",""joint2"",""joint3"",""joint4"",""joint5"",""joint6""]",1,1,1,om6dof_icra_scene_catalog_v4,ac5205e9c4fae67a9f9af3f84176d61d459eb4daae2c4f50ea0e2d6b2d59b023,rmw_fastrtps_cpp,True,/home/kublab/ros2_ws/reachability_icra_confirmatory_v4/logs/run_0135_stream_145_guarded_gng_domain_75.log,
136,45,145,halton_prm,1,76,halton_prm,1,daf37611724f4c8efd69b3b470bf505cfce4732353ea985ec54fbbb01f6d412d,730e590951a205ec639ff20613ce3305e18290f0c9a599130d38ce7c86d3d424,abf60d6f21bbb0e9b77558316dfb746dacf3af37814a349c60308f7dcfd22175,800,2,0,0,0,0,798,827,17,145,digit_permuted_halton,0,0.0,800,3360,4,1517.766688,"[""joint1"",""joint2"",""joint3"",""joint4"",""joint5"",""joint6""]",1,1,1,om6dof_icra_scene_catalog_v4,ac5205e9c4fae67a9f9af3f84176d61d459eb4daae2c4f50ea0e2d6b2d59b023,rmw_fastrtps_cpp,True,/home/kublab/ros2_ws/reachability_icra_confirmatory_v4/logs/run_0136_stream_145_halton_prm_domain_76.log,
137,45,145,gng,2,77,gng,1,daf37611724f4c8efd69b3b470bf505cfce4732353ea985ec54fbbb01f6d412d,730e590951a205ec639ff20613ce3305e18290f0c9a599130d38ce7c86d3d424,abf60d6f21bbb0e9b77558316dfb746dacf3af37814a349c60308f7dcfd22175,800,2,798,798,0,0,0,4138,17,145,digit_permuted_halton,4000,0.0,800,4591,1,1726.34864,"[""joint1"",""joint2"",""joint3"",""joint4"",""joint5"",""joint6""]",1,1,1,om6dof_icra_scene_catalog_v4,ac5205e9c4fae67a9f9af3f84176d61d459eb4daae2c4f50ea0e2d6b2d59b023,rmw_fastrtps_cpp,True,/home/kublab/ros2_ws/reachability_icra_confirmatory_v4/logs/run_0137_stream_145_gng_domain_77.log,
138,46,146,halton_prm,0,78,halton_prm,1,daf37611724f4c8efd69b3b470bf505cfce4732353ea985ec54fbbb01f6d412d,730e590951a205ec639ff20613ce3305e18290f0c9a599130d38ce7c86d3d424,abf60d6f21bbb0e9b77558316dfb746dacf3af37814a349c60308f7dcfd22175,800,2,0,0,0,0,798,816,17,146,digit_permuted_halton,0,0.0,800,3166,13,1378.182496,"[""joint1"",""joint2"",""joint3"",""joint4"",""joint5"",""joint6""]",1,1,1,om6dof_icra_scene_catalog_v4,ac5205e9c4fae67a9f9af3f84176d61d459eb4daae2c4f50ea0e2d6b2d59b023,rmw_fastrtps_cpp,True,/home/kublab/ros2_ws/reachability_icra_confirmatory_v4/logs/run_0138_stream_146_halton_prm_domain_78.log,
139,46,146,gng,1,79,gng,1,daf37611724f4c8efd69b3b470bf505cfce4732353ea985ec54fbbb01f6d412d,730e590951a205ec639ff20613ce3305e18290f0c9a599130d38ce7c86d3d424,abf60d6f21bbb0e9b77558316dfb746dacf3af37814a349c60308f7dcfd22175,800,2,798,798,0,0,0,4141,17,146,digit_permuted_halton,4000,0.0,800,4462,2,1699.697312,"[""joint1"",""joint2"",""joint3"",""joint4"",""joint5"",""joint6""]",1,1,1,om6dof_icra_scene_catalog_v4,ac5205e9c4fae67a9f9af3f84176d61d459eb4daae2c4f50ea0e2d6b2d59b023,rmw_fastrtps_cpp,True,/home/kublab/ros2_ws/reachability_icra_confirmatory_v4/logs/run_0139_stream_146_gng_domain_79.log,
140,46,146,guarded_gng,2,80,guarded_gng,1,daf37611724f4c8efd69b3b470bf505cfce4732353ea985ec54fbbb01f6d412d,730e590951a205ec639ff20613ce3305e18290f0c9a599130d38ce7c86d3d424,abf60d6f21bbb0e9b77558316dfb746dacf3af37814a349c60308f7dcfd22175,800,2,199,199,599,599,0,4141,17,146,digit_permuted_halton,4000,0.75,800,3597,9,1594.67408,"[""joint1"",""joint2"",""joint3"",""joint4"",""joint5"",""joint6""]",1,1,1,om6dof_icra_scene_catalog_v4,ac5205e9c4fae67a9f9af3f84176d61d459eb4daae2c4f50ea0e2d6b2d59b023,rmw_fastrtps_cpp,True,/home/kublab/ros2_ws/reachability_icra_confirmatory_v4/logs/run_0140_stream_146_guarded_gng_domain_80.log,
141,47,147,halton_prm,0,81,halton_prm,1,daf37611724f4c8efd69b3b470bf505cfce4732353ea985ec54fbbb01f6d412d,730e590951a205ec639ff20613ce3305e18290f0c9a599130d38ce7c86d3d424,abf60d6f21bbb0e9b77558316dfb746dacf3af37814a349c60308f7dcfd22175,800,2,0,0,0,0,798,827,17,147,digit_permuted_halton,0,0.0,800,3274,15,1395.99808,"[""joint1"",""joint2"",""joint3"",""joint4"",""joint5"",""joint6""]",1,1,1,om6dof_icra_scene_catalog_v4,ac5205e9c4fae67a9f9af3f84176d61d459eb4daae2c4f50ea0e2d6b2d59b023,rmw_fastrtps_cpp,True,/home/kublab/ros2_ws/reachability_icra_confirmatory_v4/logs/run_0141_stream_147_halton_prm_domain_81.log,
142,47,147,guarded_gng,1,82,guarded_gng,1,daf37611724f4c8efd69b3b470bf505cfce4732353ea985ec54fbbb01f6d412d,730e590951a205ec639ff20613ce3305e18290f0c9a599130d38ce7c86d3d424,abf60d6f21bbb0e9b77558316dfb746dacf3af37814a349c60308f7dcfd22175,800,2,199,199,599,599,0,4141,17,147,digit_permuted_halton,4000,0.75,800,3549,14,1599.202656,"[""joint1"",""joint2"",""joint3"",""joint4"",""joint5"",""joint6""]",1,1,1,om6dof_icra_scene_catalog_v4,ac5205e9c4fae67a9f9af3f84176d61d459eb4daae2c4f50ea0e2d6b2d59b023,rmw_fastrtps_cpp,True,/home/kublab/ros2_ws/reachability_icra_confirmatory_v4/logs/run_0142_stream_147_guarded_gng_domain_82.log,
143,47,147,gng,2,83,gng,1,daf37611724f4c8efd69b3b470bf505cfce4732353ea985ec54fbbb01f6d412d,730e590951a205ec639ff20613ce3305e18290f0c9a599130d38ce7c86d3d424,abf60d6f21bbb0e9b77558316dfb746dacf3af37814a349c60308f7dcfd22175,800,2,798,798,0,0,0,4141,17,147,digit_permuted_halton,4000,0.0,800,4537,2,1709.98336,"[""joint1"",""joint2"",""joint3"",""joint4"",""joint5"",""joint6""]",1,1,1,om6dof_icra_scene_catalog_v4,ac5205e9c4fae67a9f9af3f84176d61d459eb4daae2c4f50ea0e2d6b2d59b023,rmw_fastrtps_cpp,True,/home/kublab/ros2_ws/reachability_icra_confirmatory_v4/logs/run_0143_stream_147_gng_domain_83.log,
144,48,148,gng,0,84,gng,1,daf37611724f4c8efd69b3b470bf505cfce4732353ea985ec54fbbb01f6d412d,730e590951a205ec639ff20613ce3305e18290f0c9a599130d38ce7c86d3d424,abf60d6f21bbb0e9b77558316dfb746dacf3af37814a349c60308f7dcfd22175,800,2,798,798,0,0,0,4132,17,148,digit_permuted_halton,4000,0.0,800,4453,2,1687.362688,"[""joint1"",""joint2"",""joint3"",""joint4"",""joint5"",""joint6""]",1,1,1,om6dof_icra_scene_catalog_v4,ac5205e9c4fae67a9f9af3f84176d61d459eb4daae2c4f50ea0e2d6b2d59b023,rmw_fastrtps_cpp,True,/home/kublab/ros2_ws/reachability_icra_confirmatory_v4/logs/run_0144_stream_148_gng_domain_84.log,
145,48,148,guarded_gng,1,85,guarded_gng,1,daf37611724f4c8efd69b3b470bf505cfce4732353ea985ec54fbbb01f6d412d,730e590951a205ec639ff20613ce3305e18290f0c9a599130d38ce7c86d3d424,abf60d6f21bbb0e9b77558316dfb746dacf3af37814a349c60308f7dcfd22175,800,2,199,199,599,599,0,4132,17,148,digit_permuted_halton,4000,0.75,800,3559,11,1614.004448,"[""joint1"",""joint2"",""joint3"",""joint4"",""joint5"",""joint6""]",1,1,1,om6dof_icra_scene_catalog_v4,ac5205e9c4fae67a9f9af3f84176d61d459eb4daae2c4f50ea0e2d6b2d59b023,rmw_fastrtps_cpp,True,/home/kublab/ros2_ws/reachability_icra_confirmatory_v4/logs/run_0145_stream_148_guarded_gng_domain_85.log,
146,48,148,halton_prm,2,86,halton_prm,1,daf37611724f4c8efd69b3b470bf505cfce4732353ea985ec54fbbb01f6d412d,730e590951a205ec639ff20613ce3305e18290f0c9a599130d38ce7c86d3d424,abf60d6f21bbb0e9b77558316dfb746dacf3af37814a349c60308f7dcfd22175,800,2,0,0,0,0,798,825,17,148,digit_permuted_halton,0,0.0,800,3231,13,1420.107392,"[""joint1"",""joint2"",""joint3"",""joint4"",""joint5"",""joint6""]",1,1,1,om6dof_icra_scene_catalog_v4,ac5205e9c4fae67a9f9af3f84176d61d459eb4daae2c4f50ea0e2d6b2d59b023,rmw_fastrtps_cpp,True,/home/kublab/ros2_ws/reachability_icra_confirmatory_v4/logs/run_0146_stream_148_halton_prm_domain_86.log,
147,49,149,gng,0,87,gng,1,daf37611724f4c8efd69b3b470bf505cfce4732353ea985ec54fbbb01f6d412d,730e590951a205ec639ff20613ce3305e18290f0c9a599130d38ce7c86d3d424,abf60d6f21bbb0e9b77558316dfb746dacf3af37814a349c60308f7dcfd22175,800,2,798,798,0,0,0,4123,17,149,digit_permuted_halton,4000,0.0,800,4536,2,1758.588896,"[""joint1"",""joint2"",""joint3"",""joint4"",""joint5"",""joint6""]",1,1,1,om6dof_icra_scene_catalog_v4,ac5205e9c4fae67a9f9af3f84176d61d459eb4daae2c4f50ea0e2d6b2d59b023,rmw_fastrtps_cpp,True,/home/kublab/ros2_ws/reachability_icra_confirmatory_v4/logs/run_0147_stream_149_gng_domain_87.log,
148,49,149,halton_prm,1,88,halton_prm,1,daf37611724f4c8efd69b3b470bf505cfce4732353ea985ec54fbbb01f6d412d,730e590951a205ec639ff20613ce3305e18290f0c9a599130d38ce7c86d3d424,abf60d6f21bbb0e9b77558316dfb746dacf3af37814a349c60308f7dcfd22175,800,2,0,0,0,0,798,815,17,149,digit_permuted_halton,0,0.0,800,3138,14,1418.666016,"[""joint1"",""joint2"",""joint3"",""joint4"",""joint5"",""joint6""]",1,1,1,om6dof_icra_scene_catalog_v4,ac5205e9c4fae67a9f9af3f84176d61d459eb4daae2c4f50ea0e2d6b2d59b023,rmw_fastrtps_cpp,True,/home/kublab/ros2_ws/reachability_icra_confirmatory_v4/logs/run_0148_stream_149_halton_prm_domain_88.log,
149,49,149,guarded_gng,2,89,guarded_gng,1,daf37611724f4c8efd69b3b470bf505cfce4732353ea985ec54fbbb01f6d412d,730e590951a205ec639ff20613ce3305e18290f0c9a599130d38ce7c86d3d424,abf60d6f21bbb0e9b77558316dfb746dacf3af37814a349c60308f7dcfd22175,800,2,199,199,599,599,0,4123,17,149,digit_permuted_halton,4000,0.75,800,3543,13,1587.907072,"[""joint1"",""joint2"",""joint3"",""joint4"",""joint5"",""joint6""]",1,1,1,om6dof_icra_scene_catalog_v4,ac5205e9c4fae67a9f9af3f84176d61d459eb4daae2c4f50ea0e2d6b2d59b023,rmw_fastrtps_cpp,True,/home/kublab/ros2_ws/reachability_icra_confirmatory_v4/logs/run_0149_stream_149_guarded_gng_domain_89.log,
150,50,150,guarded_gng,0,90,guarded_gng,1,daf37611724f4c8efd69b3b470bf505cfce4732353ea985ec54fbbb01f6d412d,730e590951a205ec639ff20613ce3305e18290f0c9a599130d38ce7c86d3d424,abf60d6f21bbb0e9b77558316dfb746dacf3af37814a349c60308f7dcfd22175,800,2,199,199,599,599,0,4150,17,150,digit_permuted_halton,4000,0.75,800,3579,9,1556.150304,"[""joint1"",""joint2"",""joint3"",""joint4"",""joint5"",""joint6""]",1,1,1,om6dof_icra_scene_catalog_v4,ac5205e9c4fae67a9f9af3f84176d61d459eb4daae2c4f50ea0e2d6b2d59b023,rmw_fastrtps_cpp,True,/home/kublab/ros2_ws/reachability_icra_confirmatory_v4/logs/run_0150_stream_150_guarded_gng_domain_90.log,
151,50,150,gng,1,91,gng,1,daf37611724f4c8efd69b3b470bf505cfce4732353ea985ec54fbbb01f6d412d,730e590951a205ec639ff20613ce3305e18290f0c9a599130d38ce7c86d3d424,abf60d6f21bbb0e9b77558316dfb746dacf3af37814a349c60308f7dcfd22175,800,2,798,798,0,0,0,4150,17,150,digit_permuted_halton,4000,0.0,800,4554,2,1720.02944,"[""joint1"",""joint2"",""joint3"",""joint4"",""joint5"",""joint6""]",1,1,1,om6dof_icra_scene_catalog_v4,ac5205e9c4fae67a9f9af3f84176d61d459eb4daae2c4f50ea0e2d6b2d59b023,rmw_fastrtps_cpp,True,/home/kublab/ros2_ws/reachability_icra_confirmatory_v4/logs/run_0151_stream_150_gng_domain_91.log,
152,50,150,halton_prm,2,92,halton_prm,1,daf37611724f4c8efd69b3b470bf505cfce4732353ea985ec54fbbb01f6d412d,730e590951a205ec639ff20613ce3305e18290f0c9a599130d38ce7c86d3d424,abf60d6f21bbb0e9b77558316dfb746dacf3af37814a349c60308f7dcfd22175,800,2,0,0,0,0,798,824,17,150,digit_permuted_halton,0,0.0,800,3188,17,1410.43248,"[""joint1"",""joint2"",""joint3"",""joint4"",""joint5"",""joint6""]",1,1,1,om6dof_icra_scene_catalog_v4,ac5205e9c4fae67a9f9af3f84176d61d459eb4daae2c4f50ea0e2d6b2d59b023,rmw_fastrtps_cpp,True,/home/kublab/ros2_ws/reachability_icra_confirmatory_v4/logs/run_0152_stream_150_halton_prm_domain_92.log,
153,51,151,guarded_gng,0,93,guarded_gng,1,daf37611724f4c8efd69b3b470bf505cfce4732353ea985ec54fbbb01f6d412d,730e590951a205ec639ff20613ce3305e18290f0c9a599130d38ce7c86d3d424,abf60d6f21bbb0e9b77558316dfb746dacf3af37814a349c60308f7dcfd22175,800,2,199,199,599,599,0,4131,17,151,digit_permuted_halton,4000,0.75,800,3559,14,1586.556736,"[""joint1"",""joint2"",""joint3"",""joint4"",""joint5"",""joint6""]",1,1,1,om6dof_icra_scene_catalog_v4,ac5205e9c4fae67a9f9af3f84176d61d459eb4daae2c4f50ea0e2d6b2d59b023,rmw_fastrtps_cpp,True,/home/kublab/ros2_ws/reachability_icra_confirmatory_v4/logs/run_0153_stream_151_guarded_gng_domain_93.log,
154,51,151,halton_prm,1,94,halton_prm,1,daf37611724f4c8efd69b3b470bf505cfce4732353ea985ec54fbbb01f6d412d,730e590951a205ec639ff20613ce3305e18290f0c9a599130d38ce7c86d3d424,abf60d6f21bbb0e9b77558316dfb746dacf3af37814a349c60308f7dcfd22175,800,2,0,0,0,0,798,823,17,151,digit_permuted_halton,0,0.0,800,3266,16,1410.8296,"[""joint1"",""joint2"",""joint3"",""joint4"",""joint5"",""joint6""]",1,1,1,om6dof_icra_scene_catalog_v4,ac5205e9c4fae67a9f9af3f84176d61d459eb4daae2c4f50ea0e2d6b2d59b023,rmw_fastrtps_cpp,True,/home/kublab/ros2_ws/reachability_icra_confirmatory_v4/logs/run_0154_stream_151_halton_prm_domain_94.log,
155,51,151,gng,2,95,gng,1,daf37611724f4c8efd69b3b470bf505cfce4732353ea985ec54fbbb01f6d412d,730e590951a205ec639ff20613ce3305e18290f0c9a599130d38ce7c86d3d424,abf60d6f21bbb0e9b77558316dfb746dacf3af37814a349c60308f7dcfd22175,800,2,798,798,0,0,0,4131,17,151,digit_permuted_halton,4000,0.0,800,4501,1,1685.4696,"[""joint1"",""joint2"",""joint3"",""joint4"",""joint5"",""joint6""]",1,1,1,om6dof_icra_scene_catalog_v4,ac5205e9c4fae67a9f9af3f84176d61d459eb4daae2c4f50ea0e2d6b2d59b023,rmw_fastrtps_cpp,True,/home/kublab/ros2_ws/reachability_icra_confirmatory_v4/logs/run_0155_stream_151_gng_domain_95.log,
156,52,152,halton_prm,0,96,halton_prm,1,daf37611724f4c8efd69b3b470bf505cfce4732353ea985ec54fbbb01f6d412d,730e590951a205ec639ff20613ce3305e18290f0c9a599130d38ce7c86d3d424,abf60d6f21bbb0e9b77558316dfb746dacf3af37814a349c60308f7dcfd22175,800,2,0,0,0,0,798,824,17,152,digit_permuted_halton,0,0.0,800,3292,14,1426.16288,"[""joint1"",""joint2"",""joint3"",""joint4"",""joint5"",""joint6""]",1,1,1,om6dof_icra_scene_catalog_v4,ac5205e9c4fae67a9f9af3f84176d61d459eb4daae2c4f50ea0e2d6b2d59b023,rmw_fastrtps_cpp,True,/home/kublab/ros2_ws/reachability_icra_confirmatory_v4/logs/run_0156_stream_152_halton_prm_domain_96.log,
157,52,152,gng,1,97,gng,1,daf37611724f4c8efd69b3b470bf505cfce4732353ea985ec54fbbb01f6d412d,730e590951a205ec639ff20613ce3305e18290f0c9a599130d38ce7c86d3d424,abf60d6f21bbb0e9b77558316dfb746dacf3af37814a349c60308f7dcfd22175,800,2,798,798,0,0,0,4144,17,152,digit_permuted_halton,4000,0.0,800,4540,1,1721.34816,"[""joint1"",""joint2"",""joint3"",""joint4"",""joint5"",""joint6""]",1,1,1,om6dof_icra_scene_catalog_v4,ac5205e9c4fae67a9f9af3f84176d61d459eb4daae2c4f50ea0e2d6b2d59b023,rmw_fastrtps_cpp,True,/home/kublab/ros2_ws/reachability_icra_confirmatory_v4/logs/run_0157_stream_152_gng_domain_97.log,
158,52,152,guarded_gng,2,98,guarded_gng,1,daf37611724f4c8efd69b3b470bf505cfce4732353ea985ec54fbbb01f6d412d,730e590951a205ec639ff20613ce3305e18290f0c9a599130d38ce7c86d3d424,abf60d6f21bbb0e9b77558316dfb746dacf3af37814a349c60308f7dcfd22175,800,2,199,199,599,599,0,4144,17,152,digit_permuted_halton,4000,0.75,800,3595,12,1597.11552,"[""joint1"",""joint2"",""joint3"",""joint4"",""joint5"",""joint6""]",1,1,1,om6dof_icra_scene_catalog_v4,ac5205e9c4fae67a9f9af3f84176d61d459eb4daae2c4f50ea0e2d6b2d59b023,rmw_fastrtps_cpp,True,/home/kublab/ros2_ws/reachability_icra_confirmatory_v4/logs/run_0158_stream_152_guarded_gng_domain_98.log,
159,53,153,halton_prm,0,99,halton_prm,1,daf37611724f4c8efd69b3b470bf505cfce4732353ea985ec54fbbb01f6d412d,730e590951a205ec639ff20613ce3305e18290f0c9a599130d38ce7c86d3d424,abf60d6f21bbb0e9b77558316dfb746dacf3af37814a349c60308f7dcfd22175,800,2,0,0,0,0,798,823,17,153,digit_permuted_halton,0,0.0,800,3265,9,1413.884544,"[""joint1"",""joint2"",""joint3"",""joint4"",""joint5"",""joint6""]",1,1,1,om6dof_icra_scene_catalog_v4,ac5205e9c4fae67a9f9af3f84176d61d459eb4daae2c4f50ea0e2d6b2d59b023,rmw_fastrtps_cpp,True,/home/kublab/ros2_ws/reachability_icra_confirmatory_v4/logs/run_0159_stream_153_halton_prm_domain_99.log,
160,53,153,guarded_gng,1,20,guarded_gng,1,daf37611724f4c8efd69b3b470bf505cfce4732353ea985ec54fbbb01f6d412d,730e590951a205ec639ff20613ce3305e18290f0c9a599130d38ce7c86d3d424,abf60d6f21bbb0e9b77558316dfb746dacf3af37814a349c60308f7dcfd22175,800,2,199,199,599,599,0,4142,17,153,digit_permuted_halton,4000,0.75,800,3490,10,1564.36016,"[""joint1"",""joint2"",""joint3"",""joint4"",""joint5"",""joint6""]",1,1,1,om6dof_icra_scene_catalog_v4,ac5205e9c4fae67a9f9af3f84176d61d459eb4daae2c4f50ea0e2d6b2d59b023,rmw_fastrtps_cpp,True,/home/kublab/ros2_ws/reachability_icra_confirmatory_v4/logs/run_0160_stream_153_guarded_gng_domain_20.log,
161,53,153,gng,2,21,gng,1,daf37611724f4c8efd69b3b470bf505cfce4732353ea985ec54fbbb01f6d412d,730e590951a205ec639ff20613ce3305e18290f0c9a599130d38ce7c86d3d424,abf60d6f21bbb0e9b77558316dfb746dacf3af37814a349c60308f7dcfd22175,800,2,798,798,0,0,0,4142,17,153,digit_permuted_halton,4000,0.0,800,4555,1,1751.91632,"[""joint1"",""joint2"",""joint3"",""joint4"",""joint5"",""joint6""]",1,1,1,om6dof_icra_scene_catalog_v4,ac5205e9c4fae67a9f9af3f84176d61d459eb4daae2c4f50ea0e2d6b2d59b023,rmw_fastrtps_cpp,True,/home/kublab/ros2_ws/reachability_icra_confirmatory_v4/logs/run_0161_stream_153_gng_domain_21.log,
162,54,154,gng,0,22,gng,1,daf37611724f4c8efd69b3b470bf505cfce4732353ea985ec54fbbb01f6d412d,730e590951a205ec639ff20613ce3305e18290f0c9a599130d38ce7c86d3d424,abf60d6f21bbb0e9b77558316dfb746dacf3af37814a349c60308f7dcfd22175,800,2,798,798,0,0,0,4137,17,154,digit_permuted_halton,4000,0.0,800,4569,1,1716.004,"[""joint1"",""joint2"",""joint3"",""joint4"",""joint5"",""joint6""]",1,1,1,om6dof_icra_scene_catalog_v4,ac5205e9c4fae67a9f9af3f84176d61d459eb4daae2c4f50ea0e2d6b2d59b023,rmw_fastrtps_cpp,True,/home/kublab/ros2_ws/reachability_icra_confirmatory_v4/logs/run_0162_stream_154_gng_domain_22.log,
163,54,154,guarded_gng,1,23,guarded_gng,1,daf37611724f4c8efd69b3b470bf505cfce4732353ea985ec54fbbb01f6d412d,730e590951a205ec639ff20613ce3305e18290f0c9a599130d38ce7c86d3d424,abf60d6f21bbb0e9b77558316dfb746dacf3af37814a349c60308f7dcfd22175,800,2,199,199,599,599,0,4137,17,154,digit_permuted_halton,4000,0.75,800,3559,10,1597.61248,"[""joint1"",""joint2"",""joint3"",""joint4"",""joint5"",""joint6""]",1,1,1,om6dof_icra_scene_catalog_v4,ac5205e9c4fae67a9f9af3f84176d61d459eb4daae2c4f50ea0e2d6b2d59b023,rmw_fastrtps_cpp,True,/home/kublab/ros2_ws/reachability_icra_confirmatory_v4/logs/run_0163_stream_154_guarded_gng_domain_23.log,
164,54,154,halton_prm,2,24,halton_prm,1,daf37611724f4c8efd69b3b470bf505cfce4732353ea985ec54fbbb01f6d412d,730e590951a205ec639ff20613ce3305e18290f0c9a599130d38ce7c86d3d424,abf60d6f21bbb0e9b77558316dfb746dacf3af37814a349c60308f7dcfd22175,800,2,0,0,0,0,798,823,17,154,digit_permuted_halton,0,0.0,800,3242,7,1390.154048,"[""joint1"",""joint2"",""joint3"",""joint4"",""joint5"",""joint6""]",1,1,1,om6dof_icra_scene_catalog_v4,ac5205e9c4fae67a9f9af3f84176d61d459eb4daae2c4f50ea0e2d6b2d59b023,rmw_fastrtps_cpp,True,/home/kublab/ros2_ws/reachability_icra_confirmatory_v4/logs/run_0164_stream_154_halton_prm_domain_24.log,
165,55,155,gng,0,25,gng,1,daf37611724f4c8efd69b3b470bf505cfce4732353ea985ec54fbbb01f6d412d,730e590951a205ec639ff20613ce3305e18290f0c9a599130d38ce7c86d3d424,abf60d6f21bbb0e9b77558316dfb746dacf3af37814a349c60308f7dcfd22175,800,2,798,798,0,0,0,4150,17,155,digit_permuted_halton,4000,0.0,800,4557,2,1707.630048,"[""joint1"",""joint2"",""joint3"",""joint4"",""joint5"",""joint6""]",1,1,1,om6dof_icra_scene_catalog_v4,ac5205e9c4fae67a9f9af3f84176d61d459eb4daae2c4f50ea0e2d6b2d59b023,rmw_fastrtps_cpp,True,/home/kublab/ros2_ws/reachability_icra_confirmatory_v4/logs/run_0165_stream_155_gng_domain_25.log,
166,55,155,halton_prm,1,26,halton_prm,1,daf37611724f4c8efd69b3b470bf505cfce4732353ea985ec54fbbb01f6d412d,730e590951a205ec639ff20613ce3305e18290f0c9a599130d38ce7c86d3d424,abf60d6f21bbb0e9b77558316dfb746dacf3af37814a349c60308f7dcfd22175,800,2,0,0,0,0,798,824,17,155,digit_permuted_halton,0,0.0,800,3171,16,1357.759424,"[""joint1"",""joint2"",""joint3"",""joint4"",""joint5"",""joint6""]",1,1,1,om6dof_icra_scene_catalog_v4,ac5205e9c4fae67a9f9af3f84176d61d459eb4daae2c4f50ea0e2d6b2d59b023,rmw_fastrtps_cpp,True,/home/kublab/ros2_ws/reachability_icra_confirmatory_v4/logs/run_0166_stream_155_halton_prm_domain_26.log,
167,55,155,guarded_gng,2,27,guarded_gng,1,daf37611724f4c8efd69b3b470bf505cfce4732353ea985ec54fbbb01f6d412d,730e590951a205ec639ff20613ce3305e18290f0c9a599130d38ce7c86d3d424,abf60d6f21bbb0e9b77558316dfb746dacf3af37814a349c60308f7dcfd22175,800,2,199,199,599,599,0,4150,17,155,digit_permuted_halton,4000,0.75,800,3563,10,1584.911872,"[""joint1"",""joint2"",""joint3"",""joint4"",""joint5"",""joint6""]",1,1,1,om6dof_icra_scene_catalog_v4,ac5205e9c4fae67a9f9af3f84176d61d459eb4daae2c4f50ea0e2d6b2d59b023,rmw_fastrtps_cpp,True,/home/kublab/ros2_ws/reachability_icra_confirmatory_v4/logs/run_0167_stream_155_guarded_gng_domain_27.log,
168,56,156,guarded_gng,0,28,guarded_gng,1,daf37611724f4c8efd69b3b470bf505cfce4732353ea985ec54fbbb01f6d412d,730e590951a205ec639ff20613ce3305e18290f0c9a599130d38ce7c86d3d424,abf60d6f21bbb0e9b77558316dfb746dacf3af37814a349c60308f7dcfd22175,800,2,199,199,599,599,0,4140,17,156,digit_permuted_halton,4000,0.75,800,3474,17,1564.386048,"[""joint1"",""joint2"",""joint3"",""joint4"",""joint5"",""joint6""]",1,1,1,om6dof_icra_scene_catalog_v4,ac5205e9c4fae67a9f9af3f84176d61d459eb4daae2c4f50ea0e2d6b2d59b023,rmw_fastrtps_cpp,True,/home/kublab/ros2_ws/reachability_icra_confirmatory_v4/logs/run_0168_stream_156_guarded_gng_domain_28.log,
169,56,156,gng,1,29,gng,1,daf37611724f4c8efd69b3b470bf505cfce4732353ea985ec54fbbb01f6d412d,730e590951a205ec639ff20613ce3305e18290f0c9a599130d38ce7c86d3d424,abf60d6f21bbb0e9b77558316dfb746dacf3af37814a349c60308f7dcfd22175,800,2,798,798,0,0,0,4140,17,156,digit_permuted_halton,4000,0.0,800,4533,3,1727.505024,"[""joint1"",""joint2"",""joint3"",""joint4"",""joint5"",""joint6""]",1,1,1,om6dof_icra_scene_catalog_v4,ac5205e9c4fae67a9f9af3f84176d61d459eb4daae2c4f50ea0e2d6b2d59b023,rmw_fastrtps_cpp,True,/home/kublab/ros2_ws/reachability_icra_confirmatory_v4/logs/run_0169_stream_156_gng_domain_29.log,
170,56,156,halton_prm,2,30,halton_prm,1,daf37611724f4c8efd69b3b470bf505cfce4732353ea985ec54fbbb01f6d412d,730e590951a205ec639ff20613ce3305e18290f0c9a599130d38ce7c86d3d424,abf60d6f21bbb0e9b77558316dfb746dacf3af37814a349c60308f7dcfd22175,800,2,0,0,0,0,798,827,17,156,digit_permuted_halton,0,0.0,800,3269,8,1405.49584,"[""joint1"",""joint2"",""joint3"",""joint4"",""joint5"",""joint6""]",1,1,1,om6dof_icra_scene_catalog_v4,ac5205e9c4fae67a9f9af3f84176d61d459eb4daae2c4f50ea0e2d6b2d59b023,rmw_fastrtps_cpp,True,/home/kublab/ros2_ws/reachability_icra_confirmatory_v4/logs/run_0170_stream_156_halton_prm_domain_30.log,
171,57,157,guarded_gng,0,31,guarded_gng,1,daf37611724f4c8efd69b3b470bf505cfce4732353ea985ec54fbbb01f6d412d,730e590951a205ec639ff20613ce3305e18290f0c9a599130d38ce7c86d3d424,abf60d6f21bbb0e9b77558316dfb746dacf3af37814a349c60308f7dcfd22175,800,2,199,199,599,599,0,4148,17,157,digit_permuted_halton,4000,0.75,800,3602,12,1617.879456,"[""joint1"",""joint2"",""joint3"",""joint4"",""joint5"",""joint6""]",1,1,1,om6dof_icra_scene_catalog_v4,ac5205e9c4fae67a9f9af3f84176d61d459eb4daae2c4f50ea0e2d6b2d59b023,rmw_fastrtps_cpp,True,/home/kublab/ros2_ws/reachability_icra_confirmatory_v4/logs/run_0171_stream_157_guarded_gng_domain_31.log,
172,57,157,halton_prm,1,32,halton_prm,1,daf37611724f4c8efd69b3b470bf505cfce4732353ea985ec54fbbb01f6d412d,730e590951a205ec639ff20613ce3305e18290f0c9a599130d38ce7c86d3d424,abf60d6f21bbb0e9b77558316dfb746dacf3af37814a349c60308f7dcfd22175,800,2,0,0,0,0,798,826,17,157,digit_permuted_halton,0,0.0,800,3279,7,1430.77936,"[""joint1"",""joint2"",""joint3"",""joint4"",""joint5"",""joint6""]",1,1,1,om6dof_icra_scene_catalog_v4,ac5205e9c4fae67a9f9af3f84176d61d459eb4daae2c4f50ea0e2d6b2d59b023,rmw_fastrtps_cpp,True,/home/kublab/ros2_ws/reachability_icra_confirmatory_v4/logs/run_0172_stream_157_halton_prm_domain_32.log,
173,57,157,gng,2,33,gng,1,daf37611724f4c8efd69b3b470bf505cfce4732353ea985ec54fbbb01f6d412d,730e590951a205ec639ff20613ce3305e18290f0c9a599130d38ce7c86d3d424,abf60d6f21bbb0e9b77558316dfb746dacf3af37814a349c60308f7dcfd22175,800,2,798,798,0,0,0,4148,17,157,digit_permuted_halton,4000,0.0,800,4520,2,1704.73088,"[""joint1"",""joint2"",""joint3"",""joint4"",""joint5"",""joint6""]",1,1,1,om6dof_icra_scene_catalog_v4,ac5205e9c4fae67a9f9af3f84176d61d459eb4daae2c4f50ea0e2d6b2d59b023,rmw_fastrtps_cpp,True,/home/kublab/ros2_ws/reachability_icra_confirmatory_v4/logs/run_0173_stream_157_gng_domain_33.log,
174,58,158,halton_prm,0,34,halton_prm,1,daf37611724f4c8efd69b3b470bf505cfce4732353ea985ec54fbbb01f6d412d,730e590951a205ec639ff20613ce3305e18290f0c9a599130d38ce7c86d3d424,abf60d6f21bbb0e9b77558316dfb746dacf3af37814a349c60308f7dcfd22175,800,2,0,0,0,0,798,826,17,158,digit_permuted_halton,0,0.0,800,3263,12,1399.877952,"[""joint1"",""joint2"",""joint3"",""joint4"",""joint5"",""joint6""]",1,1,1,om6dof_icra_scene_catalog_v4,ac5205e9c4fae67a9f9af3f84176d61d459eb4daae2c4f50ea0e2d6b2d59b023,rmw_fastrtps_cpp,True,/home/kublab/ros2_ws/reachability_icra_confirmatory_v4/logs/run_0174_stream_158_halton_prm_domain_34.log,
175,58,158,gng,1,35,gng,1,daf37611724f4c8efd69b3b470bf505cfce4732353ea985ec54fbbb01f6d412d,730e590951a205ec639ff20613ce3305e18290f0c9a599130d38ce7c86d3d424,abf60d6f21bbb0e9b77558316dfb746dacf3af37814a349c60308f7dcfd22175,800,2,798,798,0,0,0,4145,17,158,digit_permuted_halton,4000,0.0,800,4546,2,1736.621152,"[""joint1"",""joint2"",""joint3"",""joint4"",""joint5"",""joint6""]",1,1,1,om6dof_icra_scene_catalog_v4,ac5205e9c4fae67a9f9af3f84176d61d459eb4daae2c4f50ea0e2d6b2d59b023,rmw_fastrtps_cpp,True,/home/kublab/ros2_ws/reachability_icra_confirmatory_v4/logs/run_0175_stream_158_gng_domain_35.log,
176,58,158,guarded_gng,2,36,guarded_gng,1,daf37611724f4c8efd69b3b470bf505cfce4732353ea985ec54fbbb01f6d412d,730e590951a205ec639ff20613ce3305e18290f0c9a599130d38ce7c86d3d424,abf60d6f21bbb0e9b77558316dfb746dacf3af37814a349c60308f7dcfd22175,800,2,199,199,599,599,0,4145,17,158,digit_permuted_halton,4000,0.75,800,3678,10,1650.269312,"[""joint1"",""joint2"",""joint3"",""joint4"",""joint5"",""joint6""]",1,1,1,om6dof_icra_scene_catalog_v4,ac5205e9c4fae67a9f9af3f84176d61d459eb4daae2c4f50ea0e2d6b2d59b023,rmw_fastrtps_cpp,True,/home/kublab/ros2_ws/reachability_icra_confirmatory_v4/logs/run_0176_stream_158_guarded_gng_domain_36.log,
177,59,159,halton_prm,0,37,halton_prm,1,daf37611724f4c8efd69b3b470bf505cfce4732353ea985ec54fbbb01f6d412d,730e590951a205ec639ff20613ce3305e18290f0c9a599130d38ce7c86d3d424,abf60d6f21bbb0e9b77558316dfb746dacf3af37814a349c60308f7dcfd22175,800,2,0,0,0,0,798,828,17,159,digit_permuted_halton,0,0.0,800,3248,10,1379.643584,"[""joint1"",""joint2"",""joint3"",""joint4"",""joint5"",""joint6""]",1,1,1,om6dof_icra_scene_catalog_v4,ac5205e9c4fae67a9f9af3f84176d61d459eb4daae2c4f50ea0e2d6b2d59b023,rmw_fastrtps_cpp,True,/home/kublab/ros2_ws/reachability_icra_confirmatory_v4/logs/run_0177_stream_159_halton_prm_domain_37.log,
178,59,159,guarded_gng,1,38,guarded_gng,1,daf37611724f4c8efd69b3b470bf505cfce4732353ea985ec54fbbb01f6d412d,730e590951a205ec639ff20613ce3305e18290f0c9a599130d38ce7c86d3d424,abf60d6f21bbb0e9b77558316dfb746dacf3af37814a349c60308f7dcfd22175,800,2,199,199,599,599,0,4149,17,159,digit_permuted_halton,4000,0.75,800,3617,14,1554.184288,"[""joint1"",""joint2"",""joint3"",""joint4"",""joint5"",""joint6""]",1,1,1,om6dof_icra_scene_catalog_v4,ac5205e9c4fae67a9f9af3f84176d61d459eb4daae2c4f50ea0e2d6b2d59b023,rmw_fastrtps_cpp,True,/home/kublab/ros2_ws/reachability_icra_confirmatory_v4/logs/run_0178_stream_159_guarded_gng_domain_38.log,
179,59,159,gng,2,39,gng,1,daf37611724f4c8efd69b3b470bf505cfce4732353ea985ec54fbbb01f6d412d,730e590951a205ec639ff20613ce3305e18290f0c9a599130d38ce7c86d3d424,abf60d6f21bbb0e9b77558316dfb746dacf3af37814a349c60308f7dcfd22175,800,2,798,798,0,0,0,4149,17,159,digit_permuted_halton,4000,0.0,800,4514,2,1701.62704,"[""joint1"",""joint2"",""joint3"",""joint4"",""joint5"",""joint6""]",1,1,1,om6dof_icra_scene_catalog_v4,ac5205e9c4fae67a9f9af3f84176d61d459eb4daae2c4f50ea0e2d6b2d59b023,rmw_fastrtps_cpp,True,/home/kublab/ros2_ws/reachability_icra_confirmatory_v4/logs/run_0179_stream_159_gng_domain_39.log,
