run_index,stream_ordinal,roadmap_stream_id,method,method_order_position,ros_domain_id,graph_revision,scene_id,catalog_index,scene_order_position,phase,obstacle_kind,stratum,query_id,start_joint_positions,target_position,target_source_joint_positions,requested_target_environment_node_id,requested_target_position,selected_target_environment_node_id,valid,exact_valid,reason,timeout,infrastructure_error,blocked_nodes,blocked_edges,planning_time_ms,publish_to_plan_ms,exact_checks,exact_replans,exact_time_ms,start_node_id,goal_node_id,target_distance,graph_cost,start_connection_cost,total_joint_path_cost,path_nodes,path_ids,preview_start_joints
0,0,9000,gng,0,20,1,scene_000,0,0,clear,none,"{""difficulty"":""low"",""obstacle_kind"":""point""}",1,"[1.7752548523920488,1.6044041162471503,1.0279372763339176,-0.3227321209990244,0.35716105300378564,-0.15639639286260154]","[0.03565730003435841,0.13433292501929256,0.39428728874260277]","[2.327447000153411,0.4751231722522191,0.047371602575595695,-2.214765529834385,1.0009625543894802,-1.1074636880422513]",1000000,"[0.03565730003435841,0.13433292501929256,0.39428728874260277]",1000000,True,True,path_ready_exact_validated_preview_only,False,,0,0,5.656448,8.455072002107045,168,0,3.8238719999999993,458,98,0.03331134834557508,9.7632469240619,0.890806711283678,10.654053635345578,7,"[458,270,761,387,475,48,98]","[1.7752548523920488,1.6044041162471503,1.0279372763339176,-0.3227321209990244,0.35716105300378564,-0.15639639286260154]"
0,0,9000,gng,0,20,1,scene_000,0,0,dynamic,point,"{""difficulty"":""low"",""obstacle_kind"":""point""}",2,"[1.7752548523920488,1.6044041162471503,1.0279372763339176,-0.3227321209990244,0.35716105300378564,-0.15639639286260154]","[0.03565730003435841,0.13433292501929256,0.39428728874260277]","[2.327447000153411,0.4751231722522191,0.047371602575595695,-2.214765529834385,1.0009625543894802,-1.1074636880422513]",1000000,"[0.03565730003435841,0.13433292501929256,0.39428728874260277]",1000000,True,True,path_ready_exact_validated_preview_only,False,,14,178,9.645664,12.112768003134988,178,0,3.922559999999999,458,98,0.03331134834557508,10.360759233650363,0.890806711283678,11.251565944934041,7,"[458,544,736,387,475,48,98]","[1.7752548523920488,1.6044041162471503,1.0279372763339176,-0.3227321209990244,0.35716105300378564,-0.15639639286260154]"
0,0,9000,gng,0,20,1,scene_001,1,1,clear,none,"{""difficulty"":""low"",""obstacle_kind"":""segment""}",3,"[1.7752548523920488,1.6044041162471503,1.0279372763339176,-0.3227321209990244,0.35716105300378564,-0.15639639286260154]","[0.03565730003435841,0.13433292501929256,0.39428728874260277]","[2.327447000153411,0.4751231722522191,0.047371602575595695,-2.214765529834385,1.0009625543894802,-1.1074636880422513]",1000010,"[0.03565730003435841,0.13433292501929256,0.39428728874260277]",1000010,True,True,path_ready_exact_validated_preview_only,False,,0,0,6.372672,8.343967998371227,168,0,4.563135999999999,458,98,0.03331134834557508,9.7632469240619,0.890806711283678,10.654053635345578,7,"[458,270,761,387,475,48,98]","[1.7752548523920488,1.6044041162471503,1.0279372763339176,-0.3227321209990244,0.35716105300378564,-0.15639639286260154]"
0,0,9000,gng,0,20,1,scene_001,1,1,dynamic,segment,"{""difficulty"":""low"",""obstacle_kind"":""segment""}",4,"[1.7752548523920488,1.6044041162471503,1.0279372763339176,-0.3227321209990244,0.35716105300378564,-0.15639639286260154]","[0.03565730003435841,0.13433292501929256,0.39428728874260277]","[2.327447000153411,0.4751231722522191,0.047371602575595695,-2.214765529834385,1.0009625543894802,-1.1074636880422513]",1000010,"[0.03565730003435841,0.13433292501929256,0.39428728874260277]",1000010,True,True,path_ready_exact_validated_preview_only,False,,26,273,27.312448,30.31196800293401,184,0,6.122848000000002,458,98,0.03331134834557508,10.850356549528835,0.890806711283678,11.741163260812513,7,"[458,519,56,387,475,48,98]","[1.7752548523920488,1.6044041162471503,1.0279372763339176,-0.3227321209990244,0.35716105300378564,-0.15639639286260154]"
0,0,9000,gng,0,20,1,scene_002,2,2,clear,none,"{""difficulty"":""medium"",""obstacle_kind"":""point""}",5,"[1.0075096843396212,-0.41001328024971984,-0.04579821135638351,-1.365396529458779,-1.618045939770905,0.7289194655407472]","[0.03264309242939785,-0.3532775500232304,-0.07352878623958653]","[1.575649157855965,-1.7801594446100768,-0.1066332636582279,0.39050643819192565,-0.31099375994305833,-0.11930073153858922]",1000020,"[0.03264309242939785,-0.3532775500232304,-0.07352878623958653]",4294967295,False,False,target_outside_reachability_intersection,False,,0,0,2.120256,4.178751998551888,21,0,0.588544,241,4294967295,-1.0,-1.0,1.266098369971268,-1.0,0,[],"[1.0075096843396212,-0.41001328024971984,-0.04579821135638351,-1.365396529458779,-1.618045939770905,0.7289194655407472]"
0,0,9000,gng,0,20,1,scene_002,2,2,dynamic,point,"{""difficulty"":""medium"",""obstacle_kind"":""point""}",6,"[1.0075096843396212,-0.41001328024971984,-0.04579821135638351,-1.365396529458779,-1.618045939770905,0.7289194655407472]","[0.03264309242939785,-0.3532775500232304,-0.07352878623958653]","[1.575649157855965,-1.7801594446100768,-0.1066332636582279,0.39050643819192565,-0.31099375994305833,-0.11930073153858922]",1000020,"[0.03264309242939785,-0.3532775500232304,-0.07352878623958653]",4294967295,False,False,target_outside_reachability_intersection,False,,8,116,5.195264,7.159103999583749,21,0,0.546816,241,4294967295,-1.0,-1.0,1.266098369971268,-1.0,0,[],"[1.0075096843396212,-0.41001328024971984,-0.04579821135638351,-1.365396529458779,-1.618045939770905,0.7289194655407472]"
0,0,9000,gng,0,20,1,scene_003,3,3,clear,none,"{""difficulty"":""medium"",""obstacle_kind"":""segment""}",7,"[1.0075096843396212,-0.41001328024971984,-0.04579821135638351,-1.365396529458779,-1.618045939770905,0.7289194655407472]","[0.03264309242939785,-0.3532775500232304,-0.07352878623958653]","[1.575649157855965,-1.7801594446100768,-0.1066332636582279,0.39050643819192565,-0.31099375994305833,-0.11930073153858922]",1000030,"[0.03264309242939785,-0.3532775500232304,-0.07352878623958653]",4294967295,False,False,target_outside_reachability_intersection,False,,0,0,2.302208,4.308127998228883,21,0,0.5814400000000001,241,4294967295,-1.0,-1.0,1.266098369971268,-1.0,0,[],"[1.0075096843396212,-0.41001328024971984,-0.04579821135638351,-1.365396529458779,-1.618045939770905,0.7289194655407472]"
0,0,9000,gng,0,20,1,scene_003,3,3,dynamic,segment,"{""difficulty"":""medium"",""obstacle_kind"":""segment""}",8,"[1.0075096843396212,-0.41001328024971984,-0.04579821135638351,-1.365396529458779,-1.618045939770905,0.7289194655407472]","[0.03264309242939785,-0.3532775500232304,-0.07352878623958653]","[1.575649157855965,-1.7801594446100768,-0.1066332636582279,0.39050643819192565,-0.31099375994305833,-0.11930073153858922]",1000030,"[0.03264309242939785,-0.3532775500232304,-0.07352878623958653]",4294967295,False,False,target_outside_reachability_intersection,False,,22,223,16.152224,18.198272002337035,21,0,0.576128,241,4294967295,-1.0,-1.0,1.266098369971268,-1.0,0,[],"[1.0075096843396212,-0.41001328024971984,-0.04579821135638351,-1.365396529458779,-1.618045939770905,0.7289194655407472]"
0,0,9000,gng,0,20,1,scene_004,4,4,clear,none,"{""difficulty"":""high"",""obstacle_kind"":""point""}",9,"[-2.1230190502539448,-1.4147414260453588,0.26437216882660053,1.2194913724220147,1.672180996987046,1.5886364397727109]","[-0.04611698697205266,-0.024969701214781266,0.2218060128781193]","[-0.8077631532677074,1.4835615271554126,-1.4581959606298902,0.3785138032566211,-1.4084514626399218,0.613324509477494]",1000040,"[-0.04611698697205266,-0.024969701214781266,0.2218060128781193]",4294967295,False,False,target_outside_reachability_intersection,False,,0,0,1.599168,4.277759999240516,15,0,0.34815999999999997,795,4294967295,-1.0,-1.0,1.219059641420996,-1.0,0,[],"[-2.1230190502539448,-1.4147414260453588,0.26437216882660053,1.2194913724220147,1.672180996987046,1.5886364397727109]"
0,0,9000,gng,0,20,1,scene_004,4,4,dynamic,point,"{""difficulty"":""high"",""obstacle_kind"":""point""}",10,"[-2.1230190502539448,-1.4147414260453588,0.26437216882660053,1.2194913724220147,1.672180996987046,1.5886364397727109]","[-0.04611698697205266,-0.024969701214781266,0.2218060128781193]","[-0.8077631532677074,1.4835615271554126,-1.4581959606298902,0.3785138032566211,-1.4084514626399218,0.613324509477494]",1000040,"[-0.04611698697205266,-0.024969701214781266,0.2218060128781193]",4294967295,False,False,target_outside_reachability_intersection,False,,8,154,5.240992,7.312159999855794,15,0,0.35884799999999994,795,4294967295,-1.0,-1.0,1.219059641420996,-1.0,0,[],"[-2.1230190502539448,-1.4147414260453588,0.26437216882660053,1.2194913724220147,1.672180996987046,1.5886364397727109]"
0,0,9000,gng,0,20,1,scene_005,5,5,clear,none,"{""difficulty"":""high"",""obstacle_kind"":""segment""}",11,"[-2.1230190502539448,-1.4147414260453588,0.26437216882660053,1.2194913724220147,1.672180996987046,1.5886364397727109]","[-0.04611698697205266,-0.024969701214781266,0.2218060128781193]","[-0.8077631532677074,1.4835615271554126,-1.4581959606298902,0.3785138032566211,-1.4084514626399218,0.613324509477494]",1000050,"[-0.04611698697205266,-0.024969701214781266,0.2218060128781193]",4294967295,False,False,target_outside_reachability_intersection,False,,0,0,1.764,3.470463998382911,15,0,0.398752,795,4294967295,-1.0,-1.0,1.219059641420996,-1.0,0,[],"[-2.1230190502539448,-1.4147414260453588,0.26437216882660053,1.2194913724220147,1.672180996987046,1.5886364397727109]"
0,0,9000,gng,0,20,1,scene_005,5,5,dynamic,segment,"{""difficulty"":""high"",""obstacle_kind"":""segment""}",12,"[-2.1230190502539448,-1.4147414260453588,0.26437216882660053,1.2194913724220147,1.672180996987046,1.5886364397727109]","[-0.04611698697205266,-0.024969701214781266,0.2218060128781193]","[-0.8077631532677074,1.4835615271554126,-1.4581959606298902,0.3785138032566211,-1.4084514626399218,0.613324509477494]",1000050,"[-0.04611698697205266,-0.024969701214781266,0.2218060128781193]",4294967295,False,False,target_outside_reachability_intersection,False,,19,317,17.078176,18.975103997945553,15,0,0.36288,795,4294967295,-1.0,-1.0,1.219059641420996,-1.0,0,[],"[-2.1230190502539448,-1.4147414260453588,0.26437216882660053,1.2194913724220147,1.672180996987046,1.5886364397727109]"
1,0,9000,guarded_gng,1,21,1,scene_000,0,0,clear,none,"{""difficulty"":""low"",""obstacle_kind"":""point""}",13,"[1.7752548523920488,1.6044041162471503,1.0279372763339176,-0.3227321209990244,0.35716105300378564,-0.15639639286260154]","[0.03565730003435841,0.13433292501929256,0.39428728874260277]","[2.327447000153411,0.4751231722522191,0.047371602575595695,-2.214765529834385,1.0009625543894802,-1.1074636880422513]",1000000,"[0.03565730003435841,0.13433292501929256,0.39428728874260277]",1000000,True,True,path_ready_exact_validated_preview_only,False,,0,0,6.246112,8.898272000806173,259,0,5.1689919999999985,329,98,0.03175269256578662,15.671398309814261,1.249916841368456,16.921315151182718,9,"[329,529,82,540,237,22,243,419,98]","[1.7752548523920488,1.6044041162471503,1.0279372763339176,-0.3227321209990244,0.35716105300378564,-0.15639639286260154]"
1,0,9000,guarded_gng,1,21,1,scene_000,0,0,dynamic,point,"{""difficulty"":""low"",""obstacle_kind"":""point""}",14,"[1.7752548523920488,1.6044041162471503,1.0279372763339176,-0.3227321209990244,0.35716105300378564,-0.15639639286260154]","[0.03565730003435841,0.13433292501929256,0.39428728874260277]","[2.327447000153411,0.4751231722522191,0.047371602575595695,-2.214765529834385,1.0009625543894802,-1.1074636880422513]",1000000,"[0.03565730003435841,0.13433292501929256,0.39428728874260277]",1000000,True,True,path_ready_exact_validated_preview_only,False,,8,51,7.939264,10.867775999940932,259,0,5.195936000000001,329,98,0.03175269256578662,15.671398309814261,1.249916841368456,16.921315151182718,9,"[329,529,82,540,237,22,243,419,98]","[1.7752548523920488,1.6044041162471503,1.0279372763339176,-0.3227321209990244,0.35716105300378564,-0.15639639286260154]"
1,0,9000,guarded_gng,1,21,1,scene_001,1,1,clear,none,"{""difficulty"":""low"",""obstacle_kind"":""segment""}",15,"[1.7752548523920488,1.6044041162471503,1.0279372763339176,-0.3227321209990244,0.35716105300378564,-0.15639639286260154]","[0.03565730003435841,0.13433292501929256,0.39428728874260277]","[2.327447000153411,0.4751231722522191,0.047371602575595695,-2.214765529834385,1.0009625543894802,-1.1074636880422513]",1000010,"[0.03565730003435841,0.13433292501929256,0.39428728874260277]",1000010,True,True,path_ready_exact_validated_preview_only,False,,0,0,6.210624,13.238303999969503,259,0,5.136255999999999,329,98,0.03175269256578662,15.671398309814261,1.249916841368456,16.921315151182718,9,"[329,529,82,540,237,22,243,419,98]","[1.7752548523920488,1.6044041162471503,1.0279372763339176,-0.3227321209990244,0.35716105300378564,-0.15639639286260154]"
1,0,9000,guarded_gng,1,21,1,scene_001,1,1,dynamic,segment,"{""difficulty"":""low"",""obstacle_kind"":""segment""}",16,"[1.7752548523920488,1.6044041162471503,1.0279372763339176,-0.3227321209990244,0.35716105300378564,-0.15639639286260154]","[0.03565730003435841,0.13433292501929256,0.39428728874260277]","[2.327447000153411,0.4751231722522191,0.047371602575595695,-2.214765529834385,1.0009625543894802,-1.1074636880422513]",1000010,"[0.03565730003435841,0.13433292501929256,0.39428728874260277]",1000010,True,True,path_ready_exact_validated_preview_only,False,,13,79,16.113248,22.562527999980375,259,0,5.293184000000001,329,98,0.03175269256578662,15.671398309814261,1.249916841368456,16.921315151182718,9,"[329,529,82,540,237,22,243,419,98]","[1.7752548523920488,1.6044041162471503,1.0279372763339176,-0.3227321209990244,0.35716105300378564,-0.15639639286260154]"
1,0,9000,guarded_gng,1,21,1,scene_002,2,2,clear,none,"{""difficulty"":""medium"",""obstacle_kind"":""point""}",17,"[1.0075096843396212,-0.41001328024971984,-0.04579821135638351,-1.365396529458779,-1.618045939770905,0.7289194655407472]","[0.03264309242939785,-0.3532775500232304,-0.07352878623958653]","[1.575649157855965,-1.7801594446100768,-0.1066332636582279,0.39050643819192565,-0.31099375994305833,-0.11930073153858922]",1000020,"[0.03264309242939785,-0.3532775500232304,-0.07352878623958653]",4294967295,False,False,target_outside_reachability_intersection,False,,0,0,1.873888,4.438336000021081,21,0,0.4924799999999999,252,4294967295,-1.0,-1.0,1.443869329410178,-1.0,0,[],"[1.0075096843396212,-0.41001328024971984,-0.04579821135638351,-1.365396529458779,-1.618045939770905,0.7289194655407472]"
1,0,9000,guarded_gng,1,21,1,scene_002,2,2,dynamic,point,"{""difficulty"":""medium"",""obstacle_kind"":""point""}",18,"[1.0075096843396212,-0.41001328024971984,-0.04579821135638351,-1.365396529458779,-1.618045939770905,0.7289194655407472]","[0.03264309242939785,-0.3532775500232304,-0.07352878623958653]","[1.575649157855965,-1.7801594446100768,-0.1066332636582279,0.39050643819192565,-0.31099375994305833,-0.11930073153858922]",1000020,"[0.03264309242939785,-0.3532775500232304,-0.07352878623958653]",4294967295,False,False,target_outside_reachability_intersection,False,,9,93,3.672576,6.489600000350038,21,0,0.44777599999999995,252,4294967295,-1.0,-1.0,1.443869329410178,-1.0,0,[],"[1.0075096843396212,-0.41001328024971984,-0.04579821135638351,-1.365396529458779,-1.618045939770905,0.7289194655407472]"
1,0,9000,guarded_gng,1,21,1,scene_003,3,3,clear,none,"{""difficulty"":""medium"",""obstacle_kind"":""segment""}",19,"[1.0075096843396212,-0.41001328024971984,-0.04579821135638351,-1.365396529458779,-1.618045939770905,0.7289194655407472]","[0.03264309242939785,-0.3532775500232304,-0.07352878623958653]","[1.575649157855965,-1.7801594446100768,-0.1066332636582279,0.39050643819192565,-0.31099375994305833,-0.11930073153858922]",1000030,"[0.03264309242939785,-0.3532775500232304,-0.07352878623958653]",4294967295,False,False,target_outside_reachability_intersection,False,,0,0,1.862176,3.8557440020667855,21,0,0.7224639999999999,252,4294967295,-1.0,-1.0,1.443869329410178,-1.0,0,[],"[1.0075096843396212,-0.41001328024971984,-0.04579821135638351,-1.365396529458779,-1.618045939770905,0.7289194655407472]"
1,0,9000,guarded_gng,1,21,1,scene_003,3,3,dynamic,segment,"{""difficulty"":""medium"",""obstacle_kind"":""segment""}",20,"[1.0075096843396212,-0.41001328024971984,-0.04579821135638351,-1.365396529458779,-1.618045939770905,0.7289194655407472]","[0.03264309242939785,-0.3532775500232304,-0.07352878623958653]","[1.575649157855965,-1.7801594446100768,-0.1066332636582279,0.39050643819192565,-0.31099375994305833,-0.11930073153858922]",1000030,"[0.03264309242939785,-0.3532775500232304,-0.07352878623958653]",4294967295,False,False,target_outside_reachability_intersection,False,,23,174,10.189984,12.870048001786927,21,0,0.442528,252,4294967295,-1.0,-1.0,1.443869329410178,-1.0,0,[],"[1.0075096843396212,-0.41001328024971984,-0.04579821135638351,-1.365396529458779,-1.618045939770905,0.7289194655407472]"
1,0,9000,guarded_gng,1,21,1,scene_004,4,4,clear,none,"{""difficulty"":""high"",""obstacle_kind"":""point""}",21,"[-2.1230190502539448,-1.4147414260453588,0.26437216882660053,1.2194913724220147,1.672180996987046,1.5886364397727109]","[-0.04611698697205266,-0.024969701214781266,0.2218060128781193]","[-0.8077631532677074,1.4835615271554126,-1.4581959606298902,0.3785138032566211,-1.4084514626399218,0.613324509477494]",1000040,"[-0.04611698697205266,-0.024969701214781266,0.2218060128781193]",4294967295,False,False,target_outside_reachability_intersection,False,,0,0,1.49232,3.204127999197226,17,0,0.38799999999999996,366,4294967295,-1.0,-1.0,1.2309501972910455,-1.0,0,[],"[-2.1230190502539448,-1.4147414260453588,0.26437216882660053,1.2194913724220147,1.672180996987046,1.5886364397727109]"
1,0,9000,guarded_gng,1,21,1,scene_004,4,4,dynamic,point,"{""difficulty"":""high"",""obstacle_kind"":""point""}",22,"[-2.1230190502539448,-1.4147414260453588,0.26437216882660053,1.2194913724220147,1.672180996987046,1.5886364397727109]","[-0.04611698697205266,-0.024969701214781266,0.2218060128781193]","[-0.8077631532677074,1.4835615271554126,-1.4581959606298902,0.3785138032566211,-1.4084514626399218,0.613324509477494]",1000040,"[-0.04611698697205266,-0.024969701214781266,0.2218060128781193]",4294967295,False,False,target_outside_reachability_intersection,False,,10,222,5.390688,7.354559998930199,17,0,0.38931199999999994,366,4294967295,-1.0,-1.0,1.2309501972910455,-1.0,0,[],"[-2.1230190502539448,-1.4147414260453588,0.26437216882660053,1.2194913724220147,1.672180996987046,1.5886364397727109]"
1,0,9000,guarded_gng,1,21,1,scene_005,5,5,clear,none,"{""difficulty"":""high"",""obstacle_kind"":""segment""}",23,"[-2.1230190502539448,-1.4147414260453588,0.26437216882660053,1.2194913724220147,1.672180996987046,1.5886364397727109]","[-0.04611698697205266,-0.024969701214781266,0.2218060128781193]","[-0.8077631532677074,1.4835615271554126,-1.4581959606298902,0.3785138032566211,-1.4084514626399218,0.613324509477494]",1000050,"[-0.04611698697205266,-0.024969701214781266,0.2218060128781193]",4294967295,False,False,target_outside_reachability_intersection,False,,0,0,1.6072,3.833568000118248,17,0,0.39043200000000006,366,4294967295,-1.0,-1.0,1.2309501972910455,-1.0,0,[],"[-2.1230190502539448,-1.4147414260453588,0.26437216882660053,1.2194913724220147,1.672180996987046,1.5886364397727109]"
1,0,9000,guarded_gng,1,21,1,scene_005,5,5,dynamic,segment,"{""difficulty"":""high"",""obstacle_kind"":""segment""}",24,"[-2.1230190502539448,-1.4147414260453588,0.26437216882660053,1.2194913724220147,1.672180996987046,1.5886364397727109]","[-0.04611698697205266,-0.024969701214781266,0.2218060128781193]","[-0.8077631532677074,1.4835615271554126,-1.4581959606298902,0.3785138032566211,-1.4084514626399218,0.613324509477494]",1000050,"[-0.04611698697205266,-0.024969701214781266,0.2218060128781193]",4294967295,False,False,target_outside_reachability_intersection,False,,24,426,16.567872,18.784384003083687,17,0,0.478784,366,4294967295,-1.0,-1.0,1.2309501972910455,-1.0,0,[],"[-2.1230190502539448,-1.4147414260453588,0.26437216882660053,1.2194913724220147,1.672180996987046,1.5886364397727109]"
2,0,9000,halton_prm,2,22,1,scene_000,0,0,clear,none,"{""difficulty"":""low"",""obstacle_kind"":""point""}",25,"[1.7752548523920488,1.6044041162471503,1.0279372763339176,-0.3227321209990244,0.35716105300378564,-0.15639639286260154]","[0.03565730003435841,0.13433292501929256,0.39428728874260277]","[2.327447000153411,0.4751231722522191,0.047371602575595695,-2.214765529834385,1.0009625543894802,-1.1074636880422513]",1000000,"[0.03565730003435841,0.13433292501929256,0.39428728874260277]",1000000,True,True,path_ready_exact_validated_preview_only,False,,0,0,6.094304,9.02118399972096,217,0,4.8441600000000005,583,197,0.02081279292806727,13.546433514389754,1.6200292751826604,15.166462789572414,7,"[583,686,438,88,297,68,197]","[1.7752548523920488,1.6044041162471503,1.0279372763339176,-0.3227321209990244,0.35716105300378564,-0.15639639286260154]"
2,0,9000,halton_prm,2,22,1,scene_000,0,0,dynamic,point,"{""difficulty"":""low"",""obstacle_kind"":""point""}",26,"[1.7752548523920488,1.6044041162471503,1.0279372763339176,-0.3227321209990244,0.35716105300378564,-0.15639639286260154]","[0.03565730003435841,0.13433292501929256,0.39428728874260277]","[2.327447000153411,0.4751231722522191,0.047371602575595695,-2.214765529834385,1.0009625543894802,-1.1074636880422513]",1000000,"[0.03565730003435841,0.13433292501929256,0.39428728874260277]",1000000,True,True,path_ready_exact_validated_preview_only,False,,7,54,9.558944,12.479839999286924,315,0,7.282336000000003,287,197,0.02081279292806727,18.485688203373343,1.9058801116198651,20.391568314993208,10,"[287,692,370,741,57,566,561,70,68,197]","[1.7752548523920488,1.6044041162471503,1.0279372763339176,-0.3227321209990244,0.35716105300378564,-0.15639639286260154]"
2,0,9000,halton_prm,2,22,1,scene_001,1,1,clear,none,"{""difficulty"":""low"",""obstacle_kind"":""segment""}",27,"[1.7752548523920488,1.6044041162471503,1.0279372763339176,-0.3227321209990244,0.35716105300378564,-0.15639639286260154]","[0.03565730003435841,0.13433292501929256,0.39428728874260277]","[2.327447000153411,0.4751231722522191,0.047371602575595695,-2.214765529834385,1.0009625543894802,-1.1074636880422513]",1000010,"[0.03565730003435841,0.13433292501929256,0.39428728874260277]",1000010,True,True,path_ready_exact_validated_preview_only,False,,0,0,6.292736,8.829856000375003,217,0,5.044480000000003,583,197,0.02081279292806727,13.546433514389754,1.6200292751826604,15.166462789572414,7,"[583,686,438,88,297,68,197]","[1.7752548523920488,1.6044041162471503,1.0279372763339176,-0.3227321209990244,0.35716105300378564,-0.15639639286260154]"
2,0,9000,halton_prm,2,22,1,scene_001,1,1,dynamic,segment,"{""difficulty"":""low"",""obstacle_kind"":""segment""}",28,"[1.7752548523920488,1.6044041162471503,1.0279372763339176,-0.3227321209990244,0.35716105300378564,-0.15639639286260154]","[0.03565730003435841,0.13433292501929256,0.39428728874260277]","[2.327447000153411,0.4751231722522191,0.047371602575595695,-2.214765529834385,1.0009625543894802,-1.1074636880422513]",1000010,"[0.03565730003435841,0.13433292501929256,0.39428728874260277]",1000010,True,True,path_ready_exact_validated_preview_only,False,,10,72,19.304416,22.216127999854507,315,0,8.573887999999998,287,197,0.02081279292806727,18.485688203373343,1.9058801116198651,20.391568314993208,10,"[287,692,370,741,57,566,561,70,68,197]","[1.7752548523920488,1.6044041162471503,1.0279372763339176,-0.3227321209990244,0.35716105300378564,-0.15639639286260154]"
2,0,9000,halton_prm,2,22,1,scene_002,2,2,clear,none,"{""difficulty"":""medium"",""obstacle_kind"":""point""}",29,"[1.0075096843396212,-0.41001328024971984,-0.04579821135638351,-1.365396529458779,-1.618045939770905,0.7289194655407472]","[0.03264309242939785,-0.3532775500232304,-0.07352878623958653]","[1.575649157855965,-1.7801594446100768,-0.1066332636582279,0.39050643819192565,-0.31099375994305833,-0.11930073153858922]",1000020,"[0.03264309242939785,-0.3532775500232304,-0.07352878623958653]",1000020,True,True,path_ready_exact_validated_preview_only,False,,0,0,11.205536,13.586656001280062,342,0,9.768799999999997,188,104,0.0198114253666088,23.38246632521846,1.0035240602803233,24.385990385498783,10,"[188,756,677,83,108,424,430,652,759,104]","[1.0075096843396212,-0.41001328024971984,-0.04579821135638351,-1.365396529458779,-1.618045939770905,0.7289194655407472]"
2,0,9000,halton_prm,2,22,1,scene_002,2,2,dynamic,point,"{""difficulty"":""medium"",""obstacle_kind"":""point""}",30,"[1.0075096843396212,-0.41001328024971984,-0.04579821135638351,-1.365396529458779,-1.618045939770905,0.7289194655407472]","[0.03264309242939785,-0.3532775500232304,-0.07352878623958653]","[1.575649157855965,-1.7801594446100768,-0.1066332636582279,0.39050643819192565,-0.31099375994305833,-0.11930073153858922]",1000020,"[0.03264309242939785,-0.3532775500232304,-0.07352878623958653]",1000020,True,True,path_ready_exact_validated_preview_only,False,,3,14,12.590464,15.236127997923177,342,0,9.707776000000006,188,104,0.0198114253666088,23.38246632521846,1.0035240602803233,24.385990385498783,10,"[188,756,677,83,108,424,430,652,759,104]","[1.0075096843396212,-0.41001328024971984,-0.04579821135638351,-1.365396529458779,-1.618045939770905,0.7289194655407472]"
2,0,9000,halton_prm,2,22,1,scene_003,3,3,clear,none,"{""difficulty"":""medium"",""obstacle_kind"":""segment""}",31,"[1.0075096843396212,-0.41001328024971984,-0.04579821135638351,-1.365396529458779,-1.618045939770905,0.7289194655407472]","[0.03264309242939785,-0.3532775500232304,-0.07352878623958653]","[1.575649157855965,-1.7801594446100768,-0.1066332636582279,0.39050643819192565,-0.31099375994305833,-0.11930073153858922]",1000030,"[0.03264309242939785,-0.3532775500232304,-0.07352878623958653]",1000030,True,True,path_ready_exact_validated_preview_only,False,,0,0,11.203552,14.836607999313856,342,0,9.866912000000013,188,104,0.0198114253666088,23.38246632521846,1.0035240602803233,24.385990385498783,10,"[188,756,677,83,108,424,430,652,759,104]","[1.0075096843396212,-0.41001328024971984,-0.04579821135638351,-1.365396529458779,-1.618045939770905,0.7289194655407472]"
2,0,9000,halton_prm,2,22,1,scene_003,3,3,dynamic,segment,"{""difficulty"":""medium"",""obstacle_kind"":""segment""}",32,"[1.0075096843396212,-0.41001328024971984,-0.04579821135638351,-1.365396529458779,-1.618045939770905,0.7289194655407472]","[0.03264309242939785,-0.3532775500232304,-0.07352878623958653]","[1.575649157855965,-1.7801594446100768,-0.1066332636582279,0.39050643819192565,-0.31099375994305833,-0.11930073153858922]",1000030,"[0.03264309242939785,-0.3532775500232304,-0.07352878623958653]",1000030,True,True,path_ready_exact_validated_preview_only,False,,6,38,21.173984,23.865440001827665,371,0,11.322975999999999,188,104,0.0198114253666088,24.577866523184763,1.0035240602803233,25.581390583465087,12,"[188,756,677,83,108,424,173,747,272,65,613,104]","[1.0075096843396212,-0.41001328024971984,-0.04579821135638351,-1.365396529458779,-1.618045939770905,0.7289194655407472]"
2,0,9000,halton_prm,2,22,1,scene_004,4,4,clear,none,"{""difficulty"":""high"",""obstacle_kind"":""point""}",33,"[-2.1230190502539448,-1.4147414260453588,0.26437216882660053,1.2194913724220147,1.672180996987046,1.5886364397727109]","[-0.04611698697205266,-0.024969701214781266,0.2218060128781193]","[-0.8077631532677074,1.4835615271554126,-1.4581959606298902,0.3785138032566211,-1.4084514626399218,0.613324509477494]",1000040,"[-0.04611698697205266,-0.024969701214781266,0.2218060128781193]",1000040,True,True,path_ready_exact_validated_preview_only,False,,0,0,4.978208,7.187936000264017,193,0,3.9090880000000006,123,141,0.006568620953335119,11.310953315557054,0.9180717789476689,12.229025094504722,6,"[123,1,83,489,201,141]","[-2.1230190502539448,-1.4147414260453588,0.26437216882660053,1.2194913724220147,1.672180996987046,1.5886364397727109]"
2,0,9000,halton_prm,2,22,1,scene_004,4,4,dynamic,point,"{""difficulty"":""high"",""obstacle_kind"":""point""}",34,"[-2.1230190502539448,-1.4147414260453588,0.26437216882660053,1.2194913724220147,1.672180996987046,1.5886364397727109]","[-0.04611698697205266,-0.024969701214781266,0.2218060128781193]","[-0.8077631532677074,1.4835615271554126,-1.4581959606298902,0.3785138032566211,-1.4084514626399218,0.613324509477494]",1000040,"[-0.04611698697205266,-0.024969701214781266,0.2218060128781193]",1000040,True,True,path_ready_exact_validated_preview_only,False,,11,256,9.710816,11.927520001336234,193,0,4.083167999999998,123,141,0.006568620953335119,11.310953315557054,0.9180717789476689,12.229025094504722,6,"[123,1,83,489,201,141]","[-2.1230190502539448,-1.4147414260453588,0.26437216882660053,1.2194913724220147,1.672180996987046,1.5886364397727109]"
2,0,9000,halton_prm,2,22,1,scene_005,5,5,clear,none,"{""difficulty"":""high"",""obstacle_kind"":""segment""}",35,"[-2.1230190502539448,-1.4147414260453588,0.26437216882660053,1.2194913724220147,1.672180996987046,1.5886364397727109]","[-0.04611698697205266,-0.024969701214781266,0.2218060128781193]","[-0.8077631532677074,1.4835615271554126,-1.4581959606298902,0.3785138032566211,-1.4084514626399218,0.613324509477494]",1000050,"[-0.04611698697205266,-0.024969701214781266,0.2218060128781193]",1000050,True,True,path_ready_exact_validated_preview_only,False,,0,0,5.090432,7.322879999264842,193,0,4.046911999999997,123,141,0.006568620953335119,11.310953315557054,0.9180717789476689,12.229025094504722,6,"[123,1,83,489,201,141]","[-2.1230190502539448,-1.4147414260453588,0.26437216882660053,1.2194913724220147,1.672180996987046,1.5886364397727109]"
2,0,9000,halton_prm,2,22,1,scene_005,5,5,dynamic,segment,"{""difficulty"":""high"",""obstacle_kind"":""segment""}",36,"[-2.1230190502539448,-1.4147414260453588,0.26437216882660053,1.2194913724220147,1.672180996987046,1.5886364397727109]","[-0.04611698697205266,-0.024969701214781266,0.2218060128781193]","[-0.8077631532677074,1.4835615271554126,-1.4581959606298902,0.3785138032566211,-1.4084514626399218,0.613324509477494]",1000050,"[-0.04611698697205266,-0.024969701214781266,0.2218060128781193]",1000050,True,True,path_ready_exact_validated_preview_only,False,,31,490,18.279584,20.824832001380855,193,0,4.072383999999999,123,141,0.006568620953335119,11.310953315557054,0.9180717789476689,12.229025094504722,6,"[123,1,83,489,201,141]","[-2.1230190502539448,-1.4147414260453588,0.26437216882660053,1.2194913724220147,1.672180996987046,1.5886364397727109]"
3,1,9001,gng,0,23,1,scene_001,1,0,clear,none,"{""difficulty"":""low"",""obstacle_kind"":""segment""}",39,"[1.7752548523920488,1.6044041162471503,1.0279372763339176,-0.3227321209990244,0.35716105300378564,-0.15639639286260154]","[0.03565730003435841,0.13433292501929256,0.39428728874260277]","[2.327447000153411,0.4751231722522191,0.047371602575595695,-2.214765529834385,1.0009625543894802,-1.1074636880422513]",1000010,"[0.03565730003435841,0.13433292501929256,0.39428728874260277]",1000010,True,True,path_ready_exact_validated_preview_only,False,,0,0,3.855424,6.3365120004164055,130,0,2.5484800000000005,349,446,0.02297983470631543,7.2026779136597545,1.4465621216829185,8.649240035342673,6,"[349,749,88,424,494,446]","[1.7752548523920488,1.6044041162471503,1.0279372763339176,-0.3227321209990244,0.35716105300378564,-0.15639639286260154]"
3,1,9001,gng,0,23,1,scene_001,1,0,dynamic,segment,"{""difficulty"":""low"",""obstacle_kind"":""segment""}",40,"[1.7752548523920488,1.6044041162471503,1.0279372763339176,-0.3227321209990244,0.35716105300378564,-0.15639639286260154]","[0.03565730003435841,0.13433292501929256,0.39428728874260277]","[2.327447000153411,0.4751231722522191,0.047371602575595695,-2.214765529834385,1.0009625543894802,-1.1074636880422513]",1000010,"[0.03565730003435841,0.13433292501929256,0.39428728874260277]",1000010,True,True,path_ready_exact_validated_preview_only,False,,20,240,21.808064,23.980480000318494,187,0,4.545663999999999,329,446,0.02297983470631543,8.101617237967481,1.6251836393670602,9.726800877334542,7,"[329,291,726,741,334,323,446]","[1.7752548523920488,1.6044041162471503,1.0279372763339176,-0.3227321209990244,0.35716105300378564,-0.15639639286260154]"
3,1,9001,gng,0,23,1,scene_002,2,1,clear,none,"{""difficulty"":""medium"",""obstacle_kind"":""point""}",41,"[1.0075096843396212,-0.41001328024971984,-0.04579821135638351,-1.365396529458779,-1.618045939770905,0.7289194655407472]","[0.03264309242939785,-0.3532775500232304,-0.07352878623958653]","[1.575649157855965,-1.7801594446100768,-0.1066332636582279,0.39050643819192565,-0.31099375994305833,-0.11930073153858922]",1000020,"[0.03264309242939785,-0.3532775500232304,-0.07352878623958653]",4294967295,False,False,target_outside_reachability_intersection,False,,0,0,2.443104,4.783455999131547,16,0,0.386976,233,4294967295,-1.0,-1.0,1.1551225507875467,-1.0,0,[],"[1.0075096843396212,-0.41001328024971984,-0.04579821135638351,-1.365396529458779,-1.618045939770905,0.7289194655407472]"
3,1,9001,gng,0,23,1,scene_002,2,1,dynamic,point,"{""difficulty"":""medium"",""obstacle_kind"":""point""}",42,"[1.0075096843396212,-0.41001328024971984,-0.04579821135638351,-1.365396529458779,-1.618045939770905,0.7289194655407472]","[0.03264309242939785,-0.3532775500232304,-0.07352878623958653]","[1.575649157855965,-1.7801594446100768,-0.1066332636582279,0.39050643819192565,-0.31099375994305833,-0.11930073153858922]",1000020,"[0.03264309242939785,-0.3532775500232304,-0.07352878623958653]",4294967295,False,False,target_outside_reachability_intersection,False,,7,95,7.528928,9.309823999501532,16,0,0.437824,233,4294967295,-1.0,-1.0,1.1551225507875467,-1.0,0,[],"[1.0075096843396212,-0.41001328024971984,-0.04579821135638351,-1.365396529458779,-1.618045939770905,0.7289194655407472]"
3,1,9001,gng,0,23,1,scene_003,3,2,clear,none,"{""difficulty"":""medium"",""obstacle_kind"":""segment""}",43,"[1.0075096843396212,-0.41001328024971984,-0.04579821135638351,-1.365396529458779,-1.618045939770905,0.7289194655407472]","[0.03264309242939785,-0.3532775500232304,-0.07352878623958653]","[1.575649157855965,-1.7801594446100768,-0.1066332636582279,0.39050643819192565,-0.31099375994305833,-0.11930073153858922]",1000030,"[0.03264309242939785,-0.3532775500232304,-0.07352878623958653]",4294967295,False,False,target_outside_reachability_intersection,False,,0,0,1.579232,3.2491839992871974,16,0,0.36316799999999994,233,4294967295,-1.0,-1.0,1.1551225507875467,-1.0,0,[],"[1.0075096843396212,-0.41001328024971984,-0.04579821135638351,-1.365396529458779,-1.618045939770905,0.7289194655407472]"
3,1,9001,gng,0,23,1,scene_003,3,2,dynamic,segment,"{""difficulty"":""medium"",""obstacle_kind"":""segment""}",44,"[1.0075096843396212,-0.41001328024971984,-0.04579821135638351,-1.365396529458779,-1.618045939770905,0.7289194655407472]","[0.03264309242939785,-0.3532775500232304,-0.07352878623958653]","[1.575649157855965,-1.7801594446100768,-0.1066332636582279,0.39050643819192565,-0.31099375994305833,-0.11930073153858922]",1000030,"[0.03264309242939785,-0.3532775500232304,-0.07352878623958653]",4294967295,False,False,target_outside_reachability_intersection,False,,24,229,16.54912,19.068128000071738,16,0,0.36982399999999993,233,4294967295,-1.0,-1.0,1.1551225507875467,-1.0,0,[],"[1.0075096843396212,-0.41001328024971984,-0.04579821135638351,-1.365396529458779,-1.618045939770905,0.7289194655407472]"
3,1,9001,gng,0,23,1,scene_004,4,3,clear,none,"{""difficulty"":""high"",""obstacle_kind"":""point""}",45,"[-2.1230190502539448,-1.4147414260453588,0.26437216882660053,1.2194913724220147,1.672180996987046,1.5886364397727109]","[-0.04611698697205266,-0.024969701214781266,0.2218060128781193]","[-0.8077631532677074,1.4835615271554126,-1.4581959606298902,0.3785138032566211,-1.4084514626399218,0.613324509477494]",1000040,"[-0.04611698697205266,-0.024969701214781266,0.2218060128781193]",4294967295,False,False,target_outside_reachability_intersection,False,,0,0,1.603232,3.1469440000364557,16,0,0.393632,47,4294967295,-1.0,-1.0,0.9062599666565657,-1.0,0,[],"[-2.1230190502539448,-1.4147414260453588,0.26437216882660053,1.2194913724220147,1.672180996987046,1.5886364397727109]"
3,1,9001,gng,0,23,1,scene_004,4,3,dynamic,point,"{""difficulty"":""high"",""obstacle_kind"":""point""}",46,"[-2.1230190502539448,-1.4147414260453588,0.26437216882660053,1.2194913724220147,1.672180996987046,1.5886364397727109]","[-0.04611698697205266,-0.024969701214781266,0.2218060128781193]","[-0.8077631532677074,1.4835615271554126,-1.4581959606298902,0.3785138032566211,-1.4084514626399218,0.613324509477494]",1000040,"[-0.04611698697205266,-0.024969701214781266,0.2218060128781193]",4294967295,False,False,target_outside_reachability_intersection,False,,12,183,5.6248,7.682272000238299,16,0,0.39536,47,4294967295,-1.0,-1.0,0.9062599666565657,-1.0,0,[],"[-2.1230190502539448,-1.4147414260453588,0.26437216882660053,1.2194913724220147,1.672180996987046,1.5886364397727109]"
3,1,9001,gng,0,23,1,scene_005,5,4,clear,none,"{""difficulty"":""high"",""obstacle_kind"":""segment""}",47,"[-2.1230190502539448,-1.4147414260453588,0.26437216882660053,1.2194913724220147,1.672180996987046,1.5886364397727109]","[-0.04611698697205266,-0.024969701214781266,0.2218060128781193]","[-0.8077631532677074,1.4835615271554126,-1.4581959606298902,0.3785138032566211,-1.4084514626399218,0.613324509477494]",1000050,"[-0.04611698697205266,-0.024969701214781266,0.2218060128781193]",4294967295,False,False,target_outside_reachability_intersection,False,,0,0,1.730496,3.962112001318019,16,0,0.360064,47,4294967295,-1.0,-1.0,0.9062599666565657,-1.0,0,[],"[-2.1230190502539448,-1.4147414260453588,0.26437216882660053,1.2194913724220147,1.672180996987046,1.5886364397727109]"
3,1,9001,gng,0,23,1,scene_005,5,4,dynamic,segment,"{""difficulty"":""high"",""obstacle_kind"":""segment""}",48,"[-2.1230190502539448,-1.4147414260453588,0.26437216882660053,1.2194913724220147,1.672180996987046,1.5886364397727109]","[-0.04611698697205266,-0.024969701214781266,0.2218060128781193]","[-0.8077631532677074,1.4835615271554126,-1.4581959606298902,0.3785138032566211,-1.4084514626399218,0.613324509477494]",1000050,"[-0.04611698697205266,-0.024969701214781266,0.2218060128781193]",4294967295,False,False,target_outside_reachability_intersection,False,,27,351,17.422432,19.716319999133702,16,0,0.37257599999999996,47,4294967295,-1.0,-1.0,0.9062599666565657,-1.0,0,[],"[-2.1230190502539448,-1.4147414260453588,0.26437216882660053,1.2194913724220147,1.672180996987046,1.5886364397727109]"
3,1,9001,gng,0,23,1,scene_000,0,5,clear,none,"{""difficulty"":""low"",""obstacle_kind"":""point""}",37,"[1.7752548523920488,1.6044041162471503,1.0279372763339176,-0.3227321209990244,0.35716105300378564,-0.15639639286260154]","[0.03565730003435841,0.13433292501929256,0.39428728874260277]","[2.327447000153411,0.4751231722522191,0.047371602575595695,-2.214765529834385,1.0009625543894802,-1.1074636880422513]",1000000,"[0.03565730003435841,0.13433292501929256,0.39428728874260277]",1000000,True,True,path_ready_exact_validated_preview_only,False,,0,0,4.028256,7.560575999377761,130,0,2.6043839999999987,349,446,0.02297983470631543,7.2026779136597545,1.4465621216829185,8.649240035342673,6,"[349,749,88,424,494,446]","[1.7752548523920488,1.6044041162471503,1.0279372763339176,-0.3227321209990244,0.35716105300378564,-0.15639639286260154]"
3,1,9001,gng,0,23,1,scene_000,0,5,dynamic,point,"{""difficulty"":""low"",""obstacle_kind"":""point""}",38,"[1.7752548523920488,1.6044041162471503,1.0279372763339176,-0.3227321209990244,0.35716105300378564,-0.15639639286260154]","[0.03565730003435841,0.13433292501929256,0.39428728874260277]","[2.327447000153411,0.4751231722522191,0.047371602575595695,-2.214765529834385,1.0009625543894802,-1.1074636880422513]",1000000,"[0.03565730003435841,0.13433292501929256,0.39428728874260277]",1000000,True,True,path_ready_exact_validated_preview_only,False,,8,134,7.87248,12.680928000918357,130,0,2.736223999999999,349,446,0.02297983470631543,7.2026779136597545,1.4465621216829185,8.649240035342673,6,"[349,749,88,424,494,446]","[1.7752548523920488,1.6044041162471503,1.0279372763339176,-0.3227321209990244,0.35716105300378564,-0.15639639286260154]"
4,1,9001,halton_prm,1,24,1,scene_001,1,0,clear,none,"{""difficulty"":""low"",""obstacle_kind"":""segment""}",63,"[1.7752548523920488,1.6044041162471503,1.0279372763339176,-0.3227321209990244,0.35716105300378564,-0.15639639286260154]","[0.03565730003435841,0.13433292501929256,0.39428728874260277]","[2.327447000153411,0.4751231722522191,0.047371602575595695,-2.214765529834385,1.0009625543894802,-1.1074636880422513]",1000010,"[0.03565730003435841,0.13433292501929256,0.39428728874260277]",1000010,True,True,path_ready_exact_validated_preview_only,False,,0,0,6.364384,8.699424000951694,266,0,5.341791999999998,695,644,0.02236857907199557,15.287286147447807,1.1836094072440952,16.470895554691904,8,"[695,42,462,583,94,66,205,644]","[1.7752548523920488,1.6044041162471503,1.0279372763339176,-0.3227321209990244,0.35716105300378564,-0.15639639286260154]"
4,1,9001,halton_prm,1,24,1,scene_001,1,0,dynamic,segment,"{""difficulty"":""low"",""obstacle_kind"":""segment""}",64,"[1.7752548523920488,1.6044041162471503,1.0279372763339176,-0.3227321209990244,0.35716105300378564,-0.15639639286260154]","[0.03565730003435841,0.13433292501929256,0.39428728874260277]","[2.327447000153411,0.4751231722522191,0.047371602575595695,-2.214765529834385,1.0009625543894802,-1.1074636880422513]",1000010,"[0.03565730003435841,0.13433292501929256,0.39428728874260277]",1000010,True,True,path_ready_exact_validated_preview_only,False,,15,74,15.515552,17.64352000100189,266,0,5.847968000000004,695,644,0.02236857907199557,15.287286147447807,1.1836094072440952,16.470895554691904,8,"[695,42,462,583,94,66,205,644]","[1.7752548523920488,1.6044041162471503,1.0279372763339176,-0.3227321209990244,0.35716105300378564,-0.15639639286260154]"
4,1,9001,halton_prm,1,24,1,scene_002,2,1,clear,none,"{""difficulty"":""medium"",""obstacle_kind"":""point""}",65,"[1.0075096843396212,-0.41001328024971984,-0.04579821135638351,-1.365396529458779,-1.618045939770905,0.7289194655407472]","[0.03264309242939785,-0.3532775500232304,-0.07352878623958653]","[1.575649157855965,-1.7801594446100768,-0.1066332636582279,0.39050643819192565,-0.31099375994305833,-0.11930073153858922]",1000020,"[0.03264309242939785,-0.3532775500232304,-0.07352878623958653]",4294967295,False,False,target_outside_reachability_intersection,False,,0,0,1.438112,2.523200000723591,21,0,0.43823999999999996,317,4294967295,-1.0,-1.0,1.6031855223319105,-1.0,0,[],"[1.0075096843396212,-0.41001328024971984,-0.04579821135638351,-1.365396529458779,-1.618045939770905,0.7289194655407472]"
4,1,9001,halton_prm,1,24,1,scene_002,2,1,dynamic,point,"{""difficulty"":""medium"",""obstacle_kind"":""point""}",66,"[1.0075096843396212,-0.41001328024971984,-0.04579821135638351,-1.365396529458779,-1.618045939770905,0.7289194655407472]","[0.03264309242939785,-0.3532775500232304,-0.07352878623958653]","[1.575649157855965,-1.7801594446100768,-0.1066332636582279,0.39050643819192565,-0.31099375994305833,-0.11930073153858922]",1000020,"[0.03264309242939785,-0.3532775500232304,-0.07352878623958653]",4294967295,False,False,target_outside_reachability_intersection,False,,2,23,3.107776,4.0629440009070095,21,0,0.548544,317,4294967295,-1.0,-1.0,1.6031855223319105,-1.0,0,[],"[1.0075096843396212,-0.41001328024971984,-0.04579821135638351,-1.365396529458779,-1.618045939770905,0.7289194655407472]"
4,1,9001,halton_prm,1,24,1,scene_003,3,2,clear,none,"{""difficulty"":""medium"",""obstacle_kind"":""segment""}",67,"[1.0075096843396212,-0.41001328024971984,-0.04579821135638351,-1.365396529458779,-1.618045939770905,0.7289194655407472]","[0.03264309242939785,-0.3532775500232304,-0.07352878623958653]","[1.575649157855965,-1.7801594446100768,-0.1066332636582279,0.39050643819192565,-0.31099375994305833,-0.11930073153858922]",1000030,"[0.03264309242939785,-0.3532775500232304,-0.07352878623958653]",4294967295,False,False,target_outside_reachability_intersection,False,,0,0,1.398496,2.312608001375338,21,0,0.45654400000000006,317,4294967295,-1.0,-1.0,1.6031855223319105,-1.0,0,[],"[1.0075096843396212,-0.41001328024971984,-0.04579821135638351,-1.365396529458779,-1.618045939770905,0.7289194655407472]"
4,1,9001,halton_prm,1,24,1,scene_003,3,2,dynamic,segment,"{""difficulty"":""medium"",""obstacle_kind"":""segment""}",68,"[1.0075096843396212,-0.41001328024971984,-0.04579821135638351,-1.365396529458779,-1.618045939770905,0.7289194655407472]","[0.03264309242939785,-0.3532775500232304,-0.07352878623958653]","[1.575649157855965,-1.7801594446100768,-0.1066332636582279,0.39050643819192565,-0.31099375994305833,-0.11930073153858922]",1000030,"[0.03264309242939785,-0.3532775500232304,-0.07352878623958653]",4294967295,False,False,target_outside_reachability_intersection,False,,11,67,7.807264,8.942527998442529,21,0,0.46908800000000006,317,4294967295,-1.0,-1.0,1.6031855223319105,-1.0,0,[],"[1.0075096843396212,-0.41001328024971984,-0.04579821135638351,-1.365396529458779,-1.618045939770905,0.7289194655407472]"
4,1,9001,halton_prm,1,24,1,scene_004,4,3,clear,none,"{""difficulty"":""high"",""obstacle_kind"":""point""}",69,"[-2.1230190502539448,-1.4147414260453588,0.26437216882660053,1.2194913724220147,1.672180996987046,1.5886364397727109]","[-0.04611698697205266,-0.024969701214781266,0.2218060128781193]","[-0.8077631532677074,1.4835615271554126,-1.4581959606298902,0.3785138032566211,-1.4084514626399218,0.613324509477494]",1000040,"[-0.04611698697205266,-0.024969701214781266,0.2218060128781193]",1000040,True,True,path_ready_exact_validated_preview_only,False,,0,0,6.733344,8.391840001422679,254,0,5.739648,788,613,0.0467001287987769,14.198422446323463,0.9247950606699827,15.123217506993445,8,"[788,92,167,205,557,419,512,613]","[-2.1230190502539448,-1.4147414260453588,0.26437216882660053,1.2194913724220147,1.672180996987046,1.5886364397727109]"
4,1,9001,halton_prm,1,24,1,scene_004,4,3,dynamic,point,"{""difficulty"":""high"",""obstacle_kind"":""point""}",70,"[-2.1230190502539448,-1.4147414260453588,0.26437216882660053,1.2194913724220147,1.672180996987046,1.5886364397727109]","[-0.04611698697205266,-0.024969701214781266,0.2218060128781193]","[-0.8077631532677074,1.4835615271554126,-1.4581959606298902,0.3785138032566211,-1.4084514626399218,0.613324509477494]",1000040,"[-0.04611698697205266,-0.024969701214781266,0.2218060128781193]",1000040,True,True,path_ready_exact_validated_preview_only,False,,12,256,11.014112,12.786463998054387,271,0,6.230560000000004,788,613,0.0467001287987769,15.169974269195649,0.9247950606699827,16.09476932986563,8,"[788,92,167,205,696,419,512,613]","[-2.1230190502539448,-1.4147414260453588,0.26437216882660053,1.2194913724220147,1.672180996987046,1.5886364397727109]"
4,1,9001,halton_prm,1,24,1,scene_005,5,4,clear,none,"{""difficulty"":""high"",""obstacle_kind"":""segment""}",71,"[-2.1230190502539448,-1.4147414260453588,0.26437216882660053,1.2194913724220147,1.672180996987046,1.5886364397727109]","[-0.04611698697205266,-0.024969701214781266,0.2218060128781193]","[-0.8077631532677074,1.4835615271554126,-1.4581959606298902,0.3785138032566211,-1.4084514626399218,0.613324509477494]",1000050,"[-0.04611698697205266,-0.024969701214781266,0.2218060128781193]",1000050,True,True,path_ready_exact_validated_preview_only,False,,0,0,6.385952,7.979168000019854,254,0,5.446015999999998,788,613,0.0467001287987769,14.198422446323463,0.9247950606699827,15.123217506993445,8,"[788,92,167,205,557,419,512,613]","[-2.1230190502539448,-1.4147414260453588,0.26437216882660053,1.2194913724220147,1.672180996987046,1.5886364397727109]"
4,1,9001,halton_prm,1,24,1,scene_005,5,4,dynamic,segment,"{""difficulty"":""high"",""obstacle_kind"":""segment""}",72,"[-2.1230190502539448,-1.4147414260453588,0.26437216882660053,1.2194913724220147,1.672180996987046,1.5886364397727109]","[-0.04611698697205266,-0.024969701214781266,0.2218060128781193]","[-0.8077631532677074,1.4835615271554126,-1.4581959606298902,0.3785138032566211,-1.4084514626399218,0.613324509477494]",1000050,"[-0.04611698697205266,-0.024969701214781266,0.2218060128781193]",1000050,True,True,path_ready_exact_validated_preview_only,False,,33,512,20.546688,22.36121600071783,271,0,6.290687999999999,788,613,0.0467001287987769,15.169974269195649,0.9247950606699827,16.09476932986563,8,"[788,92,167,205,696,419,512,613]","[-2.1230190502539448,-1.4147414260453588,0.26437216882660053,1.2194913724220147,1.672180996987046,1.5886364397727109]"
4,1,9001,halton_prm,1,24,1,scene_000,0,5,clear,none,"{""difficulty"":""low"",""obstacle_kind"":""point""}",61,"[1.7752548523920488,1.6044041162471503,1.0279372763339176,-0.3227321209990244,0.35716105300378564,-0.15639639286260154]","[0.03565730003435841,0.13433292501929256,0.39428728874260277]","[2.327447000153411,0.4751231722522191,0.047371602575595695,-2.214765529834385,1.0009625543894802,-1.1074636880422513]",1000000,"[0.03565730003435841,0.13433292501929256,0.39428728874260277]",1000000,True,True,path_ready_exact_validated_preview_only,False,,0,0,6.210944,7.8557120032201055,266,0,5.343583999999993,695,644,0.02236857907199557,15.287286147447807,1.1836094072440952,16.470895554691904,8,"[695,42,462,583,94,66,205,644]","[1.7752548523920488,1.6044041162471503,1.0279372763339176,-0.3227321209990244,0.35716105300378564,-0.15639639286260154]"
4,1,9001,halton_prm,1,24,1,scene_000,0,5,dynamic,point,"{""difficulty"":""low"",""obstacle_kind"":""point""}",62,"[1.7752548523920488,1.6044041162471503,1.0279372763339176,-0.3227321209990244,0.35716105300378564,-0.15639639286260154]","[0.03565730003435841,0.13433292501929256,0.39428728874260277]","[2.327447000153411,0.4751231722522191,0.047371602575595695,-2.214765529834385,1.0009625543894802,-1.1074636880422513]",1000000,"[0.03565730003435841,0.13433292501929256,0.39428728874260277]",1000000,True,True,path_ready_exact_validated_preview_only,False,,11,57,7.847456,9.479423999437131,266,0,5.4239999999999995,695,644,0.02236857907199557,15.287286147447807,1.1836094072440952,16.470895554691904,8,"[695,42,462,583,94,66,205,644]","[1.7752548523920488,1.6044041162471503,1.0279372763339176,-0.3227321209990244,0.35716105300378564,-0.15639639286260154]"
5,1,9001,guarded_gng,2,25,1,scene_001,1,0,clear,none,"{""difficulty"":""low"",""obstacle_kind"":""segment""}",51,"[1.7752548523920488,1.6044041162471503,1.0279372763339176,-0.3227321209990244,0.35716105300378564,-0.15639639286260154]","[0.03565730003435841,0.13433292501929256,0.39428728874260277]","[2.327447000153411,0.4751231722522191,0.047371602575595695,-2.214765529834385,1.0009625543894802,-1.1074636880422513]",1000010,"[0.03565730003435841,0.13433292501929256,0.39428728874260277]",1000010,True,True,path_ready_exact_validated_preview_only,False,,0,0,6.261856,9.273663999920245,239,0,5.027615999999999,587,461,0.01215627852105178,12.605922091106727,1.4729524416165536,14.078874532723281,7,"[587,27,157,408,341,662,461]","[1.7752548523920488,1.6044041162471503,1.0279372763339176,-0.3227321209990244,0.35716105300378564,-0.15639639286260154]"
5,1,9001,guarded_gng,2,25,1,scene_001,1,0,dynamic,segment,"{""difficulty"":""low"",""obstacle_kind"":""segment""}",52,"[1.7752548523920488,1.6044041162471503,1.0279372763339176,-0.3227321209990244,0.35716105300378564,-0.15639639286260154]","[0.03565730003435841,0.13433292501929256,0.39428728874260277]","[2.327447000153411,0.4751231722522191,0.047371602575595695,-2.214765529834385,1.0009625543894802,-1.1074636880422513]",1000010,"[0.03565730003435841,0.13433292501929256,0.39428728874260277]",1000010,True,True,path_ready_exact_validated_preview_only,False,,17,126,15.603168,19.229055997129763,239,0,5.209599999999999,587,461,0.01215627852105178,12.605922091106727,1.4729524416165536,14.078874532723281,7,"[587,27,157,408,341,662,461]","[1.7752548523920488,1.6044041162471503,1.0279372763339176,-0.3227321209990244,0.35716105300378564,-0.15639639286260154]"
5,1,9001,guarded_gng,2,25,1,scene_002,2,1,clear,none,"{""difficulty"":""medium"",""obstacle_kind"":""point""}",53,"[1.0075096843396212,-0.41001328024971984,-0.04579821135638351,-1.365396529458779,-1.618045939770905,0.7289194655407472]","[0.03264309242939785,-0.3532775500232304,-0.07352878623958653]","[1.575649157855965,-1.7801594446100768,-0.1066332636582279,0.39050643819192565,-0.31099375994305833,-0.11930073153858922]",1000020,"[0.03264309242939785,-0.3532775500232304,-0.07352878623958653]",1000020,True,True,path_ready_exact_validated_preview_only,False,,0,0,10.681728,14.287775997217977,444,0,9.345856000000001,148,664,0.047445670438748686,24.702833131258338,1.4586504750920377,26.161483606350377,11,"[148,276,96,245,138,295,654,103,500,21,664]","[1.0075096843396212,-0.41001328024971984,-0.04579821135638351,-1.365396529458779,-1.618045939770905,0.7289194655407472]"
5,1,9001,guarded_gng,2,25,1,scene_002,2,1,dynamic,point,"{""difficulty"":""medium"",""obstacle_kind"":""point""}",54,"[1.0075096843396212,-0.41001328024971984,-0.04579821135638351,-1.365396529458779,-1.618045939770905,0.7289194655407472]","[0.03264309242939785,-0.3532775500232304,-0.07352878623958653]","[1.575649157855965,-1.7801594446100768,-0.1066332636582279,0.39050643819192565,-0.31099375994305833,-0.11930073153858922]",1000020,"[0.03264309242939785,-0.3532775500232304,-0.07352878623958653]",1000020,True,True,path_ready_exact_validated_preview_only,False,,6,51,12.919648,16.421439999248832,450,0,10.090336000000006,148,664,0.047445670438748686,25.2241353969433,1.4586504750920377,26.68278587203534,12,"[148,276,96,245,138,295,654,690,103,500,21,664]","[1.0075096843396212,-0.41001328024971984,-0.04579821135638351,-1.365396529458779,-1.618045939770905,0.7289194655407472]"
5,1,9001,guarded_gng,2,25,1,scene_003,3,2,clear,none,"{""difficulty"":""medium"",""obstacle_kind"":""segment""}",55,"[1.0075096843396212,-0.41001328024971984,-0.04579821135638351,-1.365396529458779,-1.618045939770905,0.7289194655407472]","[0.03264309242939785,-0.3532775500232304,-0.07352878623958653]","[1.575649157855965,-1.7801594446100768,-0.1066332636582279,0.39050643819192565,-0.31099375994305833,-0.11930073153858922]",1000030,"[0.03264309242939785,-0.3532775500232304,-0.07352878623958653]",1000030,True,True,path_ready_exact_validated_preview_only,False,,0,0,10.88224,14.290848001110135,444,0,9.475007999999999,148,664,0.047445670438748686,24.702833131258338,1.4586504750920377,26.161483606350377,11,"[148,276,96,245,138,295,654,103,500,21,664]","[1.0075096843396212,-0.41001328024971984,-0.04579821135638351,-1.365396529458779,-1.618045939770905,0.7289194655407472]"
5,1,9001,guarded_gng,2,25,1,scene_003,3,2,dynamic,segment,"{""difficulty"":""medium"",""obstacle_kind"":""segment""}",56,"[1.0075096843396212,-0.41001328024971984,-0.04579821135638351,-1.365396529458779,-1.618045939770905,0.7289194655407472]","[0.03264309242939785,-0.3532775500232304,-0.07352878623958653]","[1.575649157855965,-1.7801594446100768,-0.1066332636582279,0.39050643819192565,-0.31099375994305833,-0.11930073153858922]",1000030,"[0.03264309242939785,-0.3532775500232304,-0.07352878623958653]",1000030,True,True,path_ready_exact_validated_preview_only,False,,16,91,18.8008,22.068959999160143,437,0,9.87129600000001,148,664,0.047445670438748686,26.302827506586397,1.4586504750920377,27.761477981678436,13,"[148,134,38,668,347,339,703,251,535,486,500,21,664]","[1.0075096843396212,-0.41001328024971984,-0.04579821135638351,-1.365396529458779,-1.618045939770905,0.7289194655407472]"
5,1,9001,guarded_gng,2,25,1,scene_004,4,3,clear,none,"{""difficulty"":""high"",""obstacle_kind"":""point""}",57,"[-2.1230190502539448,-1.4147414260453588,0.26437216882660053,1.2194913724220147,1.672180996987046,1.5886364397727109]","[-0.04611698697205266,-0.024969701214781266,0.2218060128781193]","[-0.8077631532677074,1.4835615271554126,-1.4581959606298902,0.3785138032566211,-1.4084514626399218,0.613324509477494]",1000040,"[-0.04611698697205266,-0.024969701214781266,0.2218060128781193]",1000040,True,True,path_ready_exact_validated_preview_only,False,,0,0,5.852608,9.696768000139855,184,0,3.9813119999999977,187,571,0.046357905331603534,10.348740358487207,1.0686215885497663,11.417361947036973,6,"[187,65,57,349,379,571]","[-2.1230190502539448,-1.4147414260453588,0.26437216882660053,1.2194913724220147,1.672180996987046,1.5886364397727109]"
5,1,9001,guarded_gng,2,25,1,scene_004,4,3,dynamic,point,"{""difficulty"":""high"",""obstacle_kind"":""point""}",58,"[-2.1230190502539448,-1.4147414260453588,0.26437216882660053,1.2194913724220147,1.672180996987046,1.5886364397727109]","[-0.04611698697205266,-0.024969701214781266,0.2218060128781193]","[-0.8077631532677074,1.4835615271554126,-1.4581959606298902,0.3785138032566211,-1.4084514626399218,0.613324509477494]",1000040,"[-0.04611698697205266,-0.024969701214781266,0.2218060128781193]",1000040,True,True,path_ready_exact_validated_preview_only,False,,16,272,10.988416,14.046944001165684,184,0,4.450816,187,571,0.046357905331603534,10.348740358487207,1.0686215885497663,11.417361947036973,6,"[187,65,57,349,379,571]","[-2.1230190502539448,-1.4147414260453588,0.26437216882660053,1.2194913724220147,1.672180996987046,1.5886364397727109]"
5,1,9001,guarded_gng,2,25,1,scene_005,5,4,clear,none,"{""difficulty"":""high"",""obstacle_kind"":""segment""}",59,"[-2.1230190502539448,-1.4147414260453588,0.26437216882660053,1.2194913724220147,1.672180996987046,1.5886364397727109]","[-0.04611698697205266,-0.024969701214781266,0.2218060128781193]","[-0.8077631532677074,1.4835615271554126,-1.4581959606298902,0.3785138032566211,-1.4084514626399218,0.613324509477494]",1000050,"[-0.04611698697205266,-0.024969701214781266,0.2218060128781193]",1000050,True,True,path_ready_exact_validated_preview_only,False,,0,0,4.848288,6.558592001965735,184,0,3.8600959999999995,187,571,0.046357905331603534,10.348740358487207,1.0686215885497663,11.417361947036973,6,"[187,65,57,349,379,571]","[-2.1230190502539448,-1.4147414260453588,0.26437216882660053,1.2194913724220147,1.672180996987046,1.5886364397727109]"
5,1,9001,guarded_gng,2,25,1,scene_005,5,4,dynamic,segment,"{""difficulty"":""high"",""obstacle_kind"":""segment""}",60,"[-2.1230190502539448,-1.4147414260453588,0.26437216882660053,1.2194913724220147,1.672180996987046,1.5886364397727109]","[-0.04611698697205266,-0.024969701214781266,0.2218060128781193]","[-0.8077631532677074,1.4835615271554126,-1.4581959606298902,0.3785138032566211,-1.4084514626399218,0.613324509477494]",1000050,"[-0.04611698697205266,-0.024969701214781266,0.2218060128781193]",1000050,True,True,path_ready_exact_validated_preview_only,False,,29,518,22.348,24.19081599873607,184,0,3.983135999999999,187,571,0.046357905331603534,10.348740358487207,1.0686215885497663,11.417361947036973,6,"[187,65,57,349,379,571]","[-2.1230190502539448,-1.4147414260453588,0.26437216882660053,1.2194913724220147,1.672180996987046,1.5886364397727109]"
5,1,9001,guarded_gng,2,25,1,scene_000,0,5,clear,none,"{""difficulty"":""low"",""obstacle_kind"":""point""}",49,"[1.7752548523920488,1.6044041162471503,1.0279372763339176,-0.3227321209990244,0.35716105300378564,-0.15639639286260154]","[0.03565730003435841,0.13433292501929256,0.39428728874260277]","[2.327447000153411,0.4751231722522191,0.047371602575595695,-2.214765529834385,1.0009625543894802,-1.1074636880422513]",1000000,"[0.03565730003435841,0.13433292501929256,0.39428728874260277]",1000000,True,True,path_ready_exact_validated_preview_only,False,,0,0,5.872864,7.7869759988971055,239,0,4.890144,587,461,0.01215627852105178,12.605922091106727,1.4729524416165536,14.078874532723281,7,"[587,27,157,408,341,662,461]","[1.7752548523920488,1.6044041162471503,1.0279372763339176,-0.3227321209990244,0.35716105300378564,-0.15639639286260154]"
5,1,9001,guarded_gng,2,25,1,scene_000,0,5,dynamic,point,"{""difficulty"":""low"",""obstacle_kind"":""point""}",50,"[1.7752548523920488,1.6044041162471503,1.0279372763339176,-0.3227321209990244,0.35716105300378564,-0.15639639286260154]","[0.03565730003435841,0.13433292501929256,0.39428728874260277]","[2.327447000153411,0.4751231722522191,0.047371602575595695,-2.214765529834385,1.0009625543894802,-1.1074636880422513]",1000000,"[0.03565730003435841,0.13433292501929256,0.39428728874260277]",1000000,True,True,path_ready_exact_validated_preview_only,False,,12,103,7.41888,8.99369599937927,239,0,5.0087680000000026,587,461,0.01215627852105178,12.605922091106727,1.4729524416165536,14.078874532723281,7,"[587,27,157,408,341,662,461]","[1.7752548523920488,1.6044041162471503,1.0279372763339176,-0.3227321209990244,0.35716105300378564,-0.15639639286260154]"
6,2,9002,guarded_gng,0,26,1,scene_002,2,0,clear,none,"{""difficulty"":""medium"",""obstacle_kind"":""point""}",89,"[1.0075096843396212,-0.41001328024971984,-0.04579821135638351,-1.365396529458779,-1.618045939770905,0.7289194655407472]","[0.03264309242939785,-0.3532775500232304,-0.07352878623958653]","[1.575649157855965,-1.7801594446100768,-0.1066332636582279,0.39050643819192565,-0.31099375994305833,-0.11930073153858922]",1000020,"[0.03264309242939785,-0.3532775500232304,-0.07352878623958653]",1000020,True,True,path_ready_exact_validated_preview_only,False,,0,0,6.083744,9.832480001932709,193,0,4.8763840000000025,463,233,0.03456728420980887,11.292005504781361,1.059943199070787,12.351948703852148,6,"[463,307,83,766,32,233]","[1.0075096843396212,-0.41001328024971984,-0.04579821135638351,-1.365396529458779,-1.618045939770905,0.7289194655407472]"
6,2,9002,guarded_gng,0,26,1,scene_002,2,0,dynamic,point,"{""difficulty"":""medium"",""obstacle_kind"":""point""}",90,"[1.0075096843396212,-0.41001328024971984,-0.04579821135638351,-1.365396529458779,-1.618045939770905,0.7289194655407472]","[0.03264309242939785,-0.3532775500232304,-0.07352878623958653]","[1.575649157855965,-1.7801594446100768,-0.1066332636582279,0.39050643819192565,-0.31099375994305833,-0.11930073153858922]",1000020,"[0.03264309242939785,-0.3532775500232304,-0.07352878623958653]",1000020,True,True,path_ready_exact_validated_preview_only,False,,7,62,7.48112,10.58569599990733,193,0,4.931328000000002,463,233,0.03456728420980887,11.292005504781361,1.059943199070787,12.351948703852148,6,"[463,307,83,766,32,233]","[1.0075096843396212,-0.41001328024971984,-0.04579821135638351,-1.365396529458779,-1.618045939770905,0.7289194655407472]"
6,2,9002,guarded_gng,0,26,1,scene_003,3,1,clear,none,"{""difficulty"":""medium"",""obstacle_kind"":""segment""}",91,"[1.0075096843396212,-0.41001328024971984,-0.04579821135638351,-1.365396529458779,-1.618045939770905,0.7289194655407472]","[0.03264309242939785,-0.3532775500232304,-0.07352878623958653]","[1.575649157855965,-1.7801594446100768,-0.1066332636582279,0.39050643819192565,-0.31099375994305833,-0.11930073153858922]",1000030,"[0.03264309242939785,-0.3532775500232304,-0.07352878623958653]",1000030,True,True,path_ready_exact_validated_preview_only,False,,0,0,6.887712,9.427968001546105,193,0,5.579423999999995,463,233,0.03456728420980887,11.292005504781361,1.059943199070787,12.351948703852148,6,"[463,307,83,766,32,233]","[1.0075096843396212,-0.41001328024971984,-0.04579821135638351,-1.365396529458779,-1.618045939770905,0.7289194655407472]"
6,2,9002,guarded_gng,0,26,1,scene_003,3,1,dynamic,segment,"{""difficulty"":""medium"",""obstacle_kind"":""segment""}",92,"[1.0075096843396212,-0.41001328024971984,-0.04579821135638351,-1.365396529458779,-1.618045939770905,0.7289194655407472]","[0.03264309242939785,-0.3532775500232304,-0.07352878623958653]","[1.575649157855965,-1.7801594446100768,-0.1066332636582279,0.39050643819192565,-0.31099375994305833,-0.11930073153858922]",1000030,"[0.03264309242939785,-0.3532775500232304,-0.07352878623958653]",1000030,True,True,path_ready_exact_validated_preview_only,False,,15,131,16.97744,19.56924800106208,202,0,6.004127999999998,463,233,0.03456728420980887,11.505541279656962,1.059943199070787,12.565484478727749,6,"[463,307,83,766,447,233]","[1.0075096843396212,-0.41001328024971984,-0.04579821135638351,-1.365396529458779,-1.618045939770905,0.7289194655407472]"
6,2,9002,guarded_gng,0,26,1,scene_004,4,2,clear,none,"{""difficulty"":""high"",""obstacle_kind"":""point""}",93,"[-2.1230190502539448,-1.4147414260453588,0.26437216882660053,1.2194913724220147,1.672180996987046,1.5886364397727109]","[-0.04611698697205266,-0.024969701214781266,0.2218060128781193]","[-0.8077631532677074,1.4835615271554126,-1.4581959606298902,0.3785138032566211,-1.4084514626399218,0.613324509477494]",1000040,"[-0.04611698697205266,-0.024969701214781266,0.2218060128781193]",4294967295,False,False,target_outside_reachability_intersection,False,,0,0,2.266432,4.521247999946354,18,0,0.8915199999999999,642,4294967295,-1.0,-1.0,1.3147686397356089,-1.0,0,[],"[-2.1230190502539448,-1.4147414260453588,0.26437216882660053,1.2194913724220147,1.672180996987046,1.5886364397727109]"
6,2,9002,guarded_gng,0,26,1,scene_004,4,2,dynamic,point,"{""difficulty"":""high"",""obstacle_kind"":""point""}",94,"[-2.1230190502539448,-1.4147414260453588,0.26437216882660053,1.2194913724220147,1.672180996987046,1.5886364397727109]","[-0.04611698697205266,-0.024969701214781266,0.2218060128781193]","[-0.8077631532677074,1.4835615271554126,-1.4581959606298902,0.3785138032566211,-1.4084514626399218,0.613324509477494]",1000040,"[-0.04611698697205266,-0.024969701214781266,0.2218060128781193]",4294967295,False,False,target_outside_reachability_intersection,False,,13,263,7.708,9.660896001150832,18,0,0.9548160000000001,642,4294967295,-1.0,-1.0,1.3147686397356089,-1.0,0,[],"[-2.1230190502539448,-1.4147414260453588,0.26437216882660053,1.2194913724220147,1.672180996987046,1.5886364397727109]"
6,2,9002,guarded_gng,0,26,1,scene_005,5,3,clear,none,"{""difficulty"":""high"",""obstacle_kind"":""segment""}",95,"[-2.1230190502539448,-1.4147414260453588,0.26437216882660053,1.2194913724220147,1.672180996987046,1.5886364397727109]","[-0.04611698697205266,-0.024969701214781266,0.2218060128781193]","[-0.8077631532677074,1.4835615271554126,-1.4581959606298902,0.3785138032566211,-1.4084514626399218,0.613324509477494]",1000050,"[-0.04611698697205266,-0.024969701214781266,0.2218060128781193]",4294967295,False,False,target_outside_reachability_intersection,False,,0,0,2.213088,4.455999998754123,18,0,0.8901760000000001,642,4294967295,-1.0,-1.0,1.3147686397356089,-1.0,0,[],"[-2.1230190502539448,-1.4147414260453588,0.26437216882660053,1.2194913724220147,1.672180996987046,1.5886364397727109]"
6,2,9002,guarded_gng,0,26,1,scene_005,5,3,dynamic,segment,"{""difficulty"":""high"",""obstacle_kind"":""segment""}",96,"[-2.1230190502539448,-1.4147414260453588,0.26437216882660053,1.2194913724220147,1.672180996987046,1.5886364397727109]","[-0.04611698697205266,-0.024969701214781266,0.2218060128781193]","[-0.8077631532677074,1.4835615271554126,-1.4581959606298902,0.3785138032566211,-1.4084514626399218,0.613324509477494]",1000050,"[-0.04611698697205266,-0.024969701214781266,0.2218060128781193]",4294967295,False,False,target_outside_reachability_intersection,False,,31,522,18.654048,20.661247999669285,18,0,0.8979839999999999,642,4294967295,-1.0,-1.0,1.3147686397356089,-1.0,0,[],"[-2.1230190502539448,-1.4147414260453588,0.26437216882660053,1.2194913724220147,1.672180996987046,1.5886364397727109]"
6,2,9002,guarded_gng,0,26,1,scene_000,0,4,clear,none,"{""difficulty"":""low"",""obstacle_kind"":""point""}",85,"[1.7752548523920488,1.6044041162471503,1.0279372763339176,-0.3227321209990244,0.35716105300378564,-0.15639639286260154]","[0.03565730003435841,0.13433292501929256,0.39428728874260277]","[2.327447000153411,0.4751231722522191,0.047371602575595695,-2.214765529834385,1.0009625543894802,-1.1074636880422513]",1000000,"[0.03565730003435841,0.13433292501929256,0.39428728874260277]",1000000,True,True,path_ready_exact_validated_preview_only,False,,0,0,10.198432,13.400896001257934,267,0,9.152384000000001,321,157,0.0069701945780107485,16.599826353355333,1.1461163088589823,17.745942662214315,9,"[321,328,310,576,465,1,500,762,157]","[1.7752548523920488,1.6044041162471503,1.0279372763339176,-0.3227321209990244,0.35716105300378564,-0.15639639286260154]"
6,2,9002,guarded_gng,0,26,1,scene_000,0,4,dynamic,point,"{""difficulty"":""low"",""obstacle_kind"":""point""}",86,"[1.7752548523920488,1.6044041162471503,1.0279372763339176,-0.3227321209990244,0.35716105300378564,-0.15639639286260154]","[0.03565730003435841,0.13433292501929256,0.39428728874260277]","[2.327447000153411,0.4751231722522191,0.047371602575595695,-2.214765529834385,1.0009625543894802,-1.1074636880422513]",1000000,"[0.03565730003435841,0.13433292501929256,0.39428728874260277]",1000000,True,True,path_ready_exact_validated_preview_only,False,,4,35,12.054368,15.28115200198954,267,0,9.21286400000001,321,157,0.0069701945780107485,16.599826353355333,1.1461163088589823,17.745942662214315,9,"[321,328,310,576,465,1,500,762,157]","[1.7752548523920488,1.6044041162471503,1.0279372763339176,-0.3227321209990244,0.35716105300378564,-0.15639639286260154]"
6,2,9002,guarded_gng,0,26,1,scene_001,1,5,clear,none,"{""difficulty"":""low"",""obstacle_kind"":""segment""}",87,"[1.7752548523920488,1.6044041162471503,1.0279372763339176,-0.3227321209990244,0.35716105300378564,-0.15639639286260154]","[0.03565730003435841,0.13433292501929256,0.39428728874260277]","[2.327447000153411,0.4751231722522191,0.047371602575595695,-2.214765529834385,1.0009625543894802,-1.1074636880422513]",1000010,"[0.03565730003435841,0.13433292501929256,0.39428728874260277]",1000010,True,True,path_ready_exact_validated_preview_only,False,,0,0,10.455104,12.925536000693683,267,0,9.413344,321,157,0.0069701945780107485,16.599826353355333,1.1461163088589823,17.745942662214315,9,"[321,328,310,576,465,1,500,762,157]","[1.7752548523920488,1.6044041162471503,1.0279372763339176,-0.3227321209990244,0.35716105300378564,-0.15639639286260154]"
6,2,9002,guarded_gng,0,26,1,scene_001,1,5,dynamic,segment,"{""difficulty"":""low"",""obstacle_kind"":""segment""}",88,"[1.7752548523920488,1.6044041162471503,1.0279372763339176,-0.3227321209990244,0.35716105300378564,-0.15639639286260154]","[0.03565730003435841,0.13433292501929256,0.39428728874260277]","[2.327447000153411,0.4751231722522191,0.047371602575595695,-2.214765529834385,1.0009625543894802,-1.1074636880422513]",1000010,"[0.03565730003435841,0.13433292501929256,0.39428728874260277]",1000010,True,True,path_ready_exact_validated_preview_only,False,,12,67,18.792,21.277920001011807,267,0,9.183200000000001,321,157,0.0069701945780107485,16.599826353355333,1.1461163088589823,17.745942662214315,9,"[321,328,310,576,465,1,500,762,157]","[1.7752548523920488,1.6044041162471503,1.0279372763339176,-0.3227321209990244,0.35716105300378564,-0.15639639286260154]"
7,2,9002,gng,1,27,1,scene_002,2,0,clear,none,"{""difficulty"":""medium"",""obstacle_kind"":""point""}",77,"[1.0075096843396212,-0.41001328024971984,-0.04579821135638351,-1.365396529458779,-1.618045939770905,0.7289194655407472]","[0.03264309242939785,-0.3532775500232304,-0.07352878623958653]","[1.575649157855965,-1.7801594446100768,-0.1066332636582279,0.39050643819192565,-0.31099375994305833,-0.11930073153858922]",1000020,"[0.03264309242939785,-0.3532775500232304,-0.07352878623958653]",1000020,True,True,path_ready_exact_validated_preview_only,False,,0,0,5.753312,8.888479998859111,218,0,4.383520000000002,162,473,0.048225021528393947,13.185367098494991,1.199679470453771,14.385046568948763,9,"[162,224,424,584,736,422,673,87,473]","[1.0075096843396212,-0.41001328024971984,-0.04579821135638351,-1.365396529458779,-1.618045939770905,0.7289194655407472]"
7,2,9002,gng,1,27,1,scene_002,2,0,dynamic,point,"{""difficulty"":""medium"",""obstacle_kind"":""point""}",78,"[1.0075096843396212,-0.41001328024971984,-0.04579821135638351,-1.365396529458779,-1.618045939770905,0.7289194655407472]","[0.03264309242939785,-0.3532775500232304,-0.07352878623958653]","[1.575649157855965,-1.7801594446100768,-0.1066332636582279,0.39050643819192565,-0.31099375994305833,-0.11930073153858922]",1000020,"[0.03264309242939785,-0.3532775500232304,-0.07352878623958653]",1000020,True,True,path_ready_exact_validated_preview_only,False,,10,153,8.226496,10.975871999107767,211,0,4.4479039999999985,162,473,0.048225021528393947,13.543890571818647,1.199679470453771,14.743570042272419,9,"[162,594,513,368,66,457,495,220,473]","[1.0075096843396212,-0.41001328024971984,-0.04579821135638351,-1.365396529458779,-1.618045939770905,0.7289194655407472]"
7,2,9002,gng,1,27,1,scene_003,3,1,clear,none,"{""difficulty"":""medium"",""obstacle_kind"":""segment""}",79,"[1.0075096843396212,-0.41001328024971984,-0.04579821135638351,-1.365396529458779,-1.618045939770905,0.7289194655407472]","[0.03264309242939785,-0.3532775500232304,-0.07352878623958653]","[1.575649157855965,-1.7801594446100768,-0.1066332636582279,0.39050643819192565,-0.31099375994305833,-0.11930073153858922]",1000030,"[0.03264309242939785,-0.3532775500232304,-0.07352878623958653]",1000030,True,True,path_ready_exact_validated_preview_only,False,,0,0,5.855936,8.78067200028454,218,0,4.597951999999998,162,473,0.048225021528393947,13.185367098494991,1.199679470453771,14.385046568948763,9,"[162,224,424,584,736,422,673,87,473]","[1.0075096843396212,-0.41001328024971984,-0.04579821135638351,-1.365396529458779,-1.618045939770905,0.7289194655407472]"
7,2,9002,gng,1,27,1,scene_003,3,1,dynamic,segment,"{""difficulty"":""medium"",""obstacle_kind"":""segment""}",80,"[1.0075096843396212,-0.41001328024971984,-0.04579821135638351,-1.365396529458779,-1.618045939770905,0.7289194655407472]","[0.03264309242939785,-0.3532775500232304,-0.07352878623958653]","[1.575649157855965,-1.7801594446100768,-0.1066332636582279,0.39050643819192565,-0.31099375994305833,-0.11930073153858922]",1000030,"[0.03264309242939785,-0.3532775500232304,-0.07352878623958653]",1000030,True,True,path_ready_exact_validated_preview_only,False,,26,279,17.533056,20.409503998962464,211,0,4.2572160000000006,162,473,0.048225021528393947,13.543890571818647,1.199679470453771,14.743570042272419,9,"[162,594,513,368,66,457,495,220,473]","[1.0075096843396212,-0.41001328024971984,-0.04579821135638351,-1.365396529458779,-1.618045939770905,0.7289194655407472]"
7,2,9002,gng,1,27,1,scene_004,4,2,clear,none,"{""difficulty"":""high"",""obstacle_kind"":""point""}",81,"[-2.1230190502539448,-1.4147414260453588,0.26437216882660053,1.2194913724220147,1.672180996987046,1.5886364397727109]","[-0.04611698697205266,-0.024969701214781266,0.2218060128781193]","[-0.8077631532677074,1.4835615271554126,-1.4581959606298902,0.3785138032566211,-1.4084514626399218,0.613324509477494]",1000040,"[-0.04611698697205266,-0.024969701214781266,0.2218060128781193]",4294967295,False,False,target_outside_reachability_intersection,False,,0,0,2.147552,4.2641920008463785,29,0,0.6552960000000002,796,4294967295,-1.0,-1.0,2.0833100651541865,-1.0,0,[],"[-2.1230190502539448,-1.4147414260453588,0.26437216882660053,1.2194913724220147,1.672180996987046,1.5886364397727109]"
7,2,9002,gng,1,27,1,scene_004,4,2,dynamic,point,"{""difficulty"":""high"",""obstacle_kind"":""point""}",82,"[-2.1230190502539448,-1.4147414260453588,0.26437216882660053,1.2194913724220147,1.672180996987046,1.5886364397727109]","[-0.04611698697205266,-0.024969701214781266,0.2218060128781193]","[-0.8077631532677074,1.4835615271554126,-1.4581959606298902,0.3785138032566211,-1.4084514626399218,0.613324509477494]",1000040,"[-0.04611698697205266,-0.024969701214781266,0.2218060128781193]",4294967295,False,False,target_outside_reachability_intersection,False,,13,240,6.153856,8.066143996984465,29,0,1.056832,796,4294967295,-1.0,-1.0,2.0833100651541865,-1.0,0,[],"[-2.1230190502539448,-1.4147414260453588,0.26437216882660053,1.2194913724220147,1.672180996987046,1.5886364397727109]"
7,2,9002,gng,1,27,1,scene_005,5,3,clear,none,"{""difficulty"":""high"",""obstacle_kind"":""segment""}",83,"[-2.1230190502539448,-1.4147414260453588,0.26437216882660053,1.2194913724220147,1.672180996987046,1.5886364397727109]","[-0.04611698697205266,-0.024969701214781266,0.2218060128781193]","[-0.8077631532677074,1.4835615271554126,-1.4581959606298902,0.3785138032566211,-1.4084514626399218,0.613324509477494]",1000050,"[-0.04611698697205266,-0.024969701214781266,0.2218060128781193]",4294967295,False,False,target_outside_reachability_intersection,False,,0,0,2.147328,4.113759998290334,29,0,0.6872319999999998,796,4294967295,-1.0,-1.0,2.0833100651541865,-1.0,0,[],"[-2.1230190502539448,-1.4147414260453588,0.26437216882660053,1.2194913724220147,1.672180996987046,1.5886364397727109]"
7,2,9002,gng,1,27,1,scene_005,5,3,dynamic,segment,"{""difficulty"":""high"",""obstacle_kind"":""segment""}",84,"[-2.1230190502539448,-1.4147414260453588,0.26437216882660053,1.2194913724220147,1.672180996987046,1.5886364397727109]","[-0.04611698697205266,-0.024969701214781266,0.2218060128781193]","[-0.8077631532677074,1.4835615271554126,-1.4581959606298902,0.3785138032566211,-1.4084514626399218,0.613324509477494]",1000050,"[-0.04611698697205266,-0.024969701214781266,0.2218060128781193]",4294967295,False,False,target_outside_reachability_intersection,False,,24,365,16.692256,18.691104000026826,29,0,0.673088,796,4294967295,-1.0,-1.0,2.0833100651541865,-1.0,0,[],"[-2.1230190502539448,-1.4147414260453588,0.26437216882660053,1.2194913724220147,1.672180996987046,1.5886364397727109]"
7,2,9002,gng,1,27,1,scene_000,0,4,clear,none,"{""difficulty"":""low"",""obstacle_kind"":""point""}",73,"[1.7752548523920488,1.6044041162471503,1.0279372763339176,-0.3227321209990244,0.35716105300378564,-0.15639639286260154]","[0.03565730003435841,0.13433292501929256,0.39428728874260277]","[2.327447000153411,0.4751231722522191,0.047371602575595695,-2.214765529834385,1.0009625543894802,-1.1074636880422513]",1000000,"[0.03565730003435841,0.13433292501929256,0.39428728874260277]",1000000,True,True,path_ready_exact_validated_preview_only,False,,0,0,5.19072,7.548991998191923,179,0,3.839904,264,675,0.015782125403753823,9.126657024262116,1.2870226350143936,10.413679659276509,8,"[264,99,476,488,442,227,657,675]","[1.7752548523920488,1.6044041162471503,1.0279372763339176,-0.3227321209990244,0.35716105300378564,-0.15639639286260154]"
7,2,9002,gng,1,27,1,scene_000,0,4,dynamic,point,"{""difficulty"":""low"",""obstacle_kind"":""point""}",74,"[1.7752548523920488,1.6044041162471503,1.0279372763339176,-0.3227321209990244,0.35716105300378564,-0.15639639286260154]","[0.03565730003435841,0.13433292501929256,0.39428728874260277]","[2.327447000153411,0.4751231722522191,0.047371602575595695,-2.214765529834385,1.0009625543894802,-1.1074636880422513]",1000000,"[0.03565730003435841,0.13433292501929256,0.39428728874260277]",1000000,True,True,path_ready_exact_validated_preview_only,False,,17,206,10.342976,13.190687997848727,211,0,4.973504,264,675,0.015782125403753823,11.512899556299896,1.2870226350143936,12.79992219131429,8,"[264,99,731,464,442,227,657,675]","[1.7752548523920488,1.6044041162471503,1.0279372763339176,-0.3227321209990244,0.35716105300378564,-0.15639639286260154]"
7,2,9002,gng,1,27,1,scene_001,1,5,clear,none,"{""difficulty"":""low"",""obstacle_kind"":""segment""}",75,"[1.7752548523920488,1.6044041162471503,1.0279372763339176,-0.3227321209990244,0.35716105300378564,-0.15639639286260154]","[0.03565730003435841,0.13433292501929256,0.39428728874260277]","[2.327447000153411,0.4751231722522191,0.047371602575595695,-2.214765529834385,1.0009625543894802,-1.1074636880422513]",1000010,"[0.03565730003435841,0.13433292501929256,0.39428728874260277]",1000010,True,True,path_ready_exact_validated_preview_only,False,,0,0,5.343168,8.684000000357628,179,0,3.7707199999999994,264,675,0.015782125403753823,9.126657024262116,1.2870226350143936,10.413679659276509,8,"[264,99,476,488,442,227,657,675]","[1.7752548523920488,1.6044041162471503,1.0279372763339176,-0.3227321209990244,0.35716105300378564,-0.15639639286260154]"
7,2,9002,gng,1,27,1,scene_001,1,5,dynamic,segment,"{""difficulty"":""low"",""obstacle_kind"":""segment""}",76,"[1.7752548523920488,1.6044041162471503,1.0279372763339176,-0.3227321209990244,0.35716105300378564,-0.15639639286260154]","[0.03565730003435841,0.13433292501929256,0.39428728874260277]","[2.327447000153411,0.4751231722522191,0.047371602575595695,-2.214765529834385,1.0009625543894802,-1.1074636880422513]",1000010,"[0.03565730003435841,0.13433292501929256,0.39428728874260277]",1000010,True,True,path_ready_exact_validated_preview_only,False,,29,284,23.086144,26.01439999853028,211,0,5.280224000000001,264,675,0.015782125403753823,11.512899556299896,1.2870226350143936,12.79992219131429,8,"[264,99,731,464,442,227,657,675]","[1.7752548523920488,1.6044041162471503,1.0279372763339176,-0.3227321209990244,0.35716105300378564,-0.15639639286260154]"
8,2,9002,halton_prm,2,28,1,scene_002,2,0,clear,none,"{""difficulty"":""medium"",""obstacle_kind"":""point""}",101,"[1.0075096843396212,-0.41001328024971984,-0.04579821135638351,-1.365396529458779,-1.618045939770905,0.7289194655407472]","[0.03264309242939785,-0.3532775500232304,-0.07352878623958653]","[1.575649157855965,-1.7801594446100768,-0.1066332636582279,0.39050643819192565,-0.31099375994305833,-0.11930073153858922]",1000020,"[0.03264309242939785,-0.3532775500232304,-0.07352878623958653]",1000020,True,True,path_ready_exact_validated_preview_only,False,,0,0,6.852896,9.945728001184762,265,0,5.377984000000003,693,219,0.03456728420980887,16.50939405206695,1.02075261225487,17.53014666432182,9,"[693,351,630,281,537,197,252,566,219]","[1.0075096843396212,-0.41001328024971984,-0.04579821135638351,-1.365396529458779,-1.618045939770905,0.7289194655407472]"
8,2,9002,halton_prm,2,28,1,scene_002,2,0,dynamic,point,"{""difficulty"":""medium"",""obstacle_kind"":""point""}",102,"[1.0075096843396212,-0.41001328024971984,-0.04579821135638351,-1.365396529458779,-1.618045939770905,0.7289194655407472]","[0.03264309242939785,-0.3532775500232304,-0.07352878623958653]","[1.575649157855965,-1.7801594446100768,-0.1066332636582279,0.39050643819192565,-0.31099375994305833,-0.11930073153858922]",1000020,"[0.03264309242939785,-0.3532775500232304,-0.07352878623958653]",1000020,True,True,path_ready_exact_validated_preview_only,False,,6,39,6.892032,9.798752002097899,265,0,5.138528,693,219,0.03456728420980887,16.50939405206695,1.02075261225487,17.53014666432182,9,"[693,351,630,281,537,197,252,566,219]","[1.0075096843396212,-0.41001328024971984,-0.04579821135638351,-1.365396529458779,-1.618045939770905,0.7289194655407472]"
8,2,9002,halton_prm,2,28,1,scene_003,3,1,clear,none,"{""difficulty"":""medium"",""obstacle_kind"":""segment""}",103,"[1.0075096843396212,-0.41001328024971984,-0.04579821135638351,-1.365396529458779,-1.618045939770905,0.7289194655407472]","[0.03264309242939785,-0.3532775500232304,-0.07352878623958653]","[1.575649157855965,-1.7801594446100768,-0.1066332636582279,0.39050643819192565,-0.31099375994305833,-0.11930073153858922]",1000030,"[0.03264309242939785,-0.3532775500232304,-0.07352878623958653]",1000030,True,True,path_ready_exact_validated_preview_only,False,,0,0,7.228512,9.478623996983515,265,0,5.715904000000001,693,219,0.03456728420980887,16.50939405206695,1.02075261225487,17.53014666432182,9,"[693,351,630,281,537,197,252,566,219]","[1.0075096843396212,-0.41001328024971984,-0.04579821135638351,-1.365396529458779,-1.618045939770905,0.7289194655407472]"
8,2,9002,halton_prm,2,28,1,scene_003,3,1,dynamic,segment,"{""difficulty"":""medium"",""obstacle_kind"":""segment""}",104,"[1.0075096843396212,-0.41001328024971984,-0.04579821135638351,-1.365396529458779,-1.618045939770905,0.7289194655407472]","[0.03264309242939785,-0.3532775500232304,-0.07352878623958653]","[1.575649157855965,-1.7801594446100768,-0.1066332636582279,0.39050643819192565,-0.31099375994305833,-0.11930073153858922]",1000030,"[0.03264309242939785,-0.3532775500232304,-0.07352878623958653]",1000030,True,True,path_ready_exact_validated_preview_only,False,,11,63,12.37568,15.455935998033965,265,0,5.789855999999998,693,219,0.03456728420980887,16.50939405206695,1.02075261225487,17.53014666432182,9,"[693,351,630,281,537,197,252,566,219]","[1.0075096843396212,-0.41001328024971984,-0.04579821135638351,-1.365396529458779,-1.618045939770905,0.7289194655407472]"
8,2,9002,halton_prm,2,28,1,scene_004,4,2,clear,none,"{""difficulty"":""high"",""obstacle_kind"":""point""}",105,"[-2.1230190502539448,-1.4147414260453588,0.26437216882660053,1.2194913724220147,1.672180996987046,1.5886364397727109]","[-0.04611698697205266,-0.024969701214781266,0.2218060128781193]","[-0.8077631532677074,1.4835615271554126,-1.4581959606298902,0.3785138032566211,-1.4084514626399218,0.613324509477494]",1000040,"[-0.04611698697205266,-0.024969701214781266,0.2218060128781193]",1000040,True,True,path_ready_exact_validated_preview_only,False,,0,0,6.153664,8.704960000613937,176,0,4.744160000000001,467,785,0.03693690501510261,10.439867147253635,1.1589867588390361,11.598853906092671,6,"[467,206,109,399,116,785]","[-2.1230190502539448,-1.4147414260453588,0.26437216882660053,1.2194913724220147,1.672180996987046,1.5886364397727109]"
8,2,9002,halton_prm,2,28,1,scene_004,4,2,dynamic,point,"{""difficulty"":""high"",""obstacle_kind"":""point""}",106,"[-2.1230190502539448,-1.4147414260453588,0.26437216882660053,1.2194913724220147,1.672180996987046,1.5886364397727109]","[-0.04611698697205266,-0.024969701214781266,0.2218060128781193]","[-0.8077631532677074,1.4835615271554126,-1.4581959606298902,0.3785138032566211,-1.4084514626399218,0.613324509477494]",1000040,"[-0.04611698697205266,-0.024969701214781266,0.2218060128781193]",1000040,True,True,path_ready_exact_validated_preview_only,False,,9,235,12.044992,14.504768001643242,176,0,5.294623999999996,467,785,0.03693690501510261,10.439867147253635,1.1589867588390361,11.598853906092671,6,"[467,206,109,399,116,785]","[-2.1230190502539448,-1.4147414260453588,0.26437216882660053,1.2194913724220147,1.672180996987046,1.5886364397727109]"
8,2,9002,halton_prm,2,28,1,scene_005,5,3,clear,none,"{""difficulty"":""high"",""obstacle_kind"":""segment""}",107,"[-2.1230190502539448,-1.4147414260453588,0.26437216882660053,1.2194913724220147,1.672180996987046,1.5886364397727109]","[-0.04611698697205266,-0.024969701214781266,0.2218060128781193]","[-0.8077631532677074,1.4835615271554126,-1.4581959606298902,0.3785138032566211,-1.4084514626399218,0.613324509477494]",1000050,"[-0.04611698697205266,-0.024969701214781266,0.2218060128781193]",1000050,True,True,path_ready_exact_validated_preview_only,False,,0,0,6.383296,8.898719999706373,176,0,5.023840000000001,467,785,0.03693690501510261,10.439867147253635,1.1589867588390361,11.598853906092671,6,"[467,206,109,399,116,785]","[-2.1230190502539448,-1.4147414260453588,0.26437216882660053,1.2194913724220147,1.672180996987046,1.5886364397727109]"
8,2,9002,halton_prm,2,28,1,scene_005,5,3,dynamic,segment,"{""difficulty"":""high"",""obstacle_kind"":""segment""}",108,"[-2.1230190502539448,-1.4147414260453588,0.26437216882660053,1.2194913724220147,1.672180996987046,1.5886364397727109]","[-0.04611698697205266,-0.024969701214781266,0.2218060128781193]","[-0.8077631532677074,1.4835615271554126,-1.4581959606298902,0.3785138032566211,-1.4084514626399218,0.613324509477494]",1000050,"[-0.04611698697205266,-0.024969701214781266,0.2218060128781193]",1000050,True,True,path_ready_exact_validated_preview_only,False,,31,495,22.033664,24.906335998821305,185,0,5.4362879999999985,467,785,0.03693690501510261,10.504475915377142,1.1589867588390361,11.663462674216179,5,"[467,41,121,47,785]","[-2.1230190502539448,-1.4147414260453588,0.26437216882660053,1.2194913724220147,1.672180996987046,1.5886364397727109]"
8,2,9002,halton_prm,2,28,1,scene_000,0,4,clear,none,"{""difficulty"":""low"",""obstacle_kind"":""point""}",97,"[1.7752548523920488,1.6044041162471503,1.0279372763339176,-0.3227321209990244,0.35716105300378564,-0.15639639286260154]","[0.03565730003435841,0.13433292501929256,0.39428728874260277]","[2.327447000153411,0.4751231722522191,0.047371602575595695,-2.214765529834385,1.0009625543894802,-1.1074636880422513]",1000000,"[0.03565730003435841,0.13433292501929256,0.39428728874260277]",1000000,True,True,path_ready_exact_validated_preview_only,False,,0,0,7.856352,10.9811840011389,265,0,6.620927999999994,42,567,0.03470100706210916,15.010410556725649,1.3815873525141107,16.39199790923976,7,"[42,130,582,554,90,642,567]","[1.7752548523920488,1.6044041162471503,1.0279372763339176,-0.3227321209990244,0.35716105300378564,-0.15639639286260154]"
8,2,9002,halton_prm,2,28,1,scene_000,0,4,dynamic,point,"{""difficulty"":""low"",""obstacle_kind"":""point""}",98,"[1.7752548523920488,1.6044041162471503,1.0279372763339176,-0.3227321209990244,0.35716105300378564,-0.15639639286260154]","[0.03565730003435841,0.13433292501929256,0.39428728874260277]","[2.327447000153411,0.4751231722522191,0.047371602575595695,-2.214765529834385,1.0009625543894802,-1.1074636880422513]",1000000,"[0.03565730003435841,0.13433292501929256,0.39428728874260277]",1000000,True,True,path_ready_exact_validated_preview_only,False,,8,40,8.969728,12.393056000291836,265,0,6.684384000000002,42,567,0.03470100706210916,15.010410556725649,1.3815873525141107,16.39199790923976,7,"[42,130,582,554,90,642,567]","[1.7752548523920488,1.6044041162471503,1.0279372763339176,-0.3227321209990244,0.35716105300378564,-0.15639639286260154]"
8,2,9002,halton_prm,2,28,1,scene_001,1,5,clear,none,"{""difficulty"":""low"",""obstacle_kind"":""segment""}",99,"[1.7752548523920488,1.6044041162471503,1.0279372763339176,-0.3227321209990244,0.35716105300378564,-0.15639639286260154]","[0.03565730003435841,0.13433292501929256,0.39428728874260277]","[2.327447000153411,0.4751231722522191,0.047371602575595695,-2.214765529834385,1.0009625543894802,-1.1074636880422513]",1000010,"[0.03565730003435841,0.13433292501929256,0.39428728874260277]",1000010,True,True,path_ready_exact_validated_preview_only,False,,0,0,7.899424,11.05068800097797,265,0,6.737087999999995,42,567,0.03470100706210916,15.010410556725649,1.3815873525141107,16.39199790923976,7,"[42,130,582,554,90,642,567]","[1.7752548523920488,1.6044041162471503,1.0279372763339176,-0.3227321209990244,0.35716105300378564,-0.15639639286260154]"
8,2,9002,halton_prm,2,28,1,scene_001,1,5,dynamic,segment,"{""difficulty"":""low"",""obstacle_kind"":""segment""}",100,"[1.7752548523920488,1.6044041162471503,1.0279372763339176,-0.3227321209990244,0.35716105300378564,-0.15639639286260154]","[0.03565730003435841,0.13433292501929256,0.39428728874260277]","[2.327447000153411,0.4751231722522191,0.047371602575595695,-2.214765529834385,1.0009625543894802,-1.1074636880422513]",1000010,"[0.03565730003435841,0.13433292501929256,0.39428728874260277]",1000010,True,True,path_ready_exact_validated_preview_only,False,,11,56,15.63776,19.357279998075683,265,0,6.637407999999998,42,567,0.03470100706210916,15.010410556725649,1.3815873525141107,16.39199790923976,7,"[42,130,582,554,90,642,567]","[1.7752548523920488,1.6044041162471503,1.0279372763339176,-0.3227321209990244,0.35716105300378564,-0.15639639286260154]"
9,3,9003,guarded_gng,0,29,1,scene_003,3,0,clear,none,"{""difficulty"":""medium"",""obstacle_kind"":""segment""}",127,"[1.0075096843396212,-0.41001328024971984,-0.04579821135638351,-1.365396529458779,-1.618045939770905,0.7289194655407472]","[0.03264309242939785,-0.3532775500232304,-0.07352878623958653]","[1.575649157855965,-1.7801594446100768,-0.1066332636582279,0.39050643819192565,-0.31099375994305833,-0.11930073153858922]",1000030,"[0.03264309242939785,-0.3532775500232304,-0.07352878623958653]",4294967295,False,False,target_outside_reachability_intersection,False,,0,0,1.351104,2.943743998912396,10,0,0.29952000000000006,400,4294967295,-1.0,-1.0,0.5690071204536054,-1.0,0,[],"[1.0075096843396212,-0.41001328024971984,-0.04579821135638351,-1.365396529458779,-1.618045939770905,0.7289194655407472]"
9,3,9003,guarded_gng,0,29,1,scene_003,3,0,dynamic,segment,"{""difficulty"":""medium"",""obstacle_kind"":""segment""}",128,"[1.0075096843396212,-0.41001328024971984,-0.04579821135638351,-1.365396529458779,-1.618045939770905,0.7289194655407472]","[0.03264309242939785,-0.3532775500232304,-0.07352878623958653]","[1.575649157855965,-1.7801594446100768,-0.1066332636582279,0.39050643819192565,-0.31099375994305833,-0.11930073153858922]",1000030,"[0.03264309242939785,-0.3532775500232304,-0.07352878623958653]",4294967295,False,False,target_outside_reachability_intersection,False,,11,71,10.273664,12.048863998643355,10,0,0.29369599999999996,400,4294967295,-1.0,-1.0,0.5690071204536054,-1.0,0,[],"[1.0075096843396212,-0.41001328024971984,-0.04579821135638351,-1.365396529458779,-1.618045939770905,0.7289194655407472]"
9,3,9003,guarded_gng,0,29,1,scene_004,4,1,clear,none,"{""difficulty"":""high"",""obstacle_kind"":""point""}",129,"[-2.1230190502539448,-1.4147414260453588,0.26437216882660053,1.2194913724220147,1.672180996987046,1.5886364397727109]","[-0.04611698697205266,-0.024969701214781266,0.2218060128781193]","[-0.8077631532677074,1.4835615271554126,-1.4581959606298902,0.3785138032566211,-1.4084514626399218,0.613324509477494]",1000040,"[-0.04611698697205266,-0.024969701214781266,0.2218060128781193]",1000040,True,True,path_ready_exact_validated_preview_only,False,,0,0,5.763072,7.7227200017659925,175,0,4.511903999999999,711,303,0.013627288677685095,11.211208585952363,1.1060682994536875,12.31727688540605,5,"[711,65,28,327,303]","[-2.1230190502539448,-1.4147414260453588,0.26437216882660053,1.2194913724220147,1.672180996987046,1.5886364397727109]"
9,3,9003,guarded_gng,0,29,1,scene_004,4,1,dynamic,point,"{""difficulty"":""high"",""obstacle_kind"":""point""}",130,"[-2.1230190502539448,-1.4147414260453588,0.26437216882660053,1.2194913724220147,1.672180996987046,1.5886364397727109]","[-0.04611698697205266,-0.024969701214781266,0.2218060128781193]","[-0.8077631532677074,1.4835615271554126,-1.4581959606298902,0.3785138032566211,-1.4084514626399218,0.613324509477494]",1000040,"[-0.04611698697205266,-0.024969701214781266,0.2218060128781193]",1000040,True,True,path_ready_exact_validated_preview_only,False,,15,266,9.104,11.223296001844574,175,0,4.455648,711,303,0.013627288677685095,11.211208585952363,1.1060682994536875,12.31727688540605,5,"[711,65,28,327,303]","[-2.1230190502539448,-1.4147414260453588,0.26437216882660053,1.2194913724220147,1.672180996987046,1.5886364397727109]"
9,3,9003,guarded_gng,0,29,1,scene_005,5,2,clear,none,"{""difficulty"":""high"",""obstacle_kind"":""segment""}",131,"[-2.1230190502539448,-1.4147414260453588,0.26437216882660053,1.2194913724220147,1.672180996987046,1.5886364397727109]","[-0.04611698697205266,-0.024969701214781266,0.2218060128781193]","[-0.8077631532677074,1.4835615271554126,-1.4581959606298902,0.3785138032566211,-1.4084514626399218,0.613324509477494]",1000050,"[-0.04611698697205266,-0.024969701214781266,0.2218060128781193]",1000050,True,True,path_ready_exact_validated_preview_only,False,,0,0,5.919744,7.637696002348093,175,0,4.814944000000001,711,303,0.013627288677685095,11.211208585952363,1.1060682994536875,12.31727688540605,5,"[711,65,28,327,303]","[-2.1230190502539448,-1.4147414260453588,0.26437216882660053,1.2194913724220147,1.672180996987046,1.5886364397727109]"
9,3,9003,guarded_gng,0,29,1,scene_005,5,2,dynamic,segment,"{""difficulty"":""high"",""obstacle_kind"":""segment""}",132,"[-2.1230190502539448,-1.4147414260453588,0.26437216882660053,1.2194913724220147,1.672180996987046,1.5886364397727109]","[-0.04611698697205266,-0.024969701214781266,0.2218060128781193]","[-0.8077631532677074,1.4835615271554126,-1.4581959606298902,0.3785138032566211,-1.4084514626399218,0.613324509477494]",1000050,"[-0.04611698697205266,-0.024969701214781266,0.2218060128781193]",1000050,True,True,path_ready_exact_validated_preview_only,False,,33,461,21.03808,24.112959999911254,189,0,4.96272,711,303,0.013627288677685095,12.211658011912752,1.1060682994536875,13.317726311366439,6,"[711,178,65,28,327,303]","[-2.1230190502539448,-1.4147414260453588,0.26437216882660053,1.2194913724220147,1.672180996987046,1.5886364397727109]"
9,3,9003,guarded_gng,0,29,1,scene_000,0,3,clear,none,"{""difficulty"":""low"",""obstacle_kind"":""point""}",121,"[1.7752548523920488,1.6044041162471503,1.0279372763339176,-0.3227321209990244,0.35716105300378564,-0.15639639286260154]","[0.03565730003435841,0.13433292501929256,0.39428728874260277]","[2.327447000153411,0.4751231722522191,0.047371602575595695,-2.214765529834385,1.0009625543894802,-1.1074636880422513]",1000000,"[0.03565730003435841,0.13433292501929256,0.39428728874260277]",1000000,True,True,path_ready_exact_validated_preview_only,False,,0,0,8.546272,11.528639999596635,279,0,7.487743999999996,670,76,0.020609514918997218,15.846284007993296,0.8504442674149819,16.696728275408276,9,"[670,309,342,285,576,173,50,142,76]","[1.7752548523920488,1.6044041162471503,1.0279372763339176,-0.3227321209990244,0.35716105300378564,-0.15639639286260154]"
9,3,9003,guarded_gng,0,29,1,scene_000,0,3,dynamic,point,"{""difficulty"":""low"",""obstacle_kind"":""point""}",122,"[1.7752548523920488,1.6044041162471503,1.0279372763339176,-0.3227321209990244,0.35716105300378564,-0.15639639286260154]","[0.03565730003435841,0.13433292501929256,0.39428728874260277]","[2.327447000153411,0.4751231722522191,0.047371602575595695,-2.214765529834385,1.0009625543894802,-1.1074636880422513]",1000000,"[0.03565730003435841,0.13433292501929256,0.39428728874260277]",1000000,True,True,path_ready_exact_validated_preview_only,False,,6,53,10.507744,13.103295998007525,279,0,7.4285440000000005,670,76,0.020609514918997218,15.846284007993296,0.8504442674149819,16.696728275408276,9,"[670,309,342,285,576,173,50,142,76]","[1.7752548523920488,1.6044041162471503,1.0279372763339176,-0.3227321209990244,0.35716105300378564,-0.15639639286260154]"
9,3,9003,guarded_gng,0,29,1,scene_001,1,4,clear,none,"{""difficulty"":""low"",""obstacle_kind"":""segment""}",123,"[1.7752548523920488,1.6044041162471503,1.0279372763339176,-0.3227321209990244,0.35716105300378564,-0.15639639286260154]","[0.03565730003435841,0.13433292501929256,0.39428728874260277]","[2.327447000153411,0.4751231722522191,0.047371602575595695,-2.214765529834385,1.0009625543894802,-1.1074636880422513]",1000010,"[0.03565730003435841,0.13433292501929256,0.39428728874260277]",1000010,True,True,path_ready_exact_validated_preview_only,False,,0,0,8.236256,10.597024000162492,279,0,7.207328000000002,670,76,0.020609514918997218,15.846284007993296,0.8504442674149819,16.696728275408276,9,"[670,309,342,285,576,173,50,142,76]","[1.7752548523920488,1.6044041162471503,1.0279372763339176,-0.3227321209990244,0.35716105300378564,-0.15639639286260154]"
9,3,9003,guarded_gng,0,29,1,scene_001,1,4,dynamic,segment,"{""difficulty"":""low"",""obstacle_kind"":""segment""}",124,"[1.7752548523920488,1.6044041162471503,1.0279372763339176,-0.3227321209990244,0.35716105300378564,-0.15639639286260154]","[0.03565730003435841,0.13433292501929256,0.39428728874260277]","[2.327447000153411,0.4751231722522191,0.047371602575595695,-2.214765529834385,1.0009625543894802,-1.1074636880422513]",1000010,"[0.03565730003435841,0.13433292501929256,0.39428728874260277]",1000010,True,True,path_ready_exact_validated_preview_only,False,,15,90,19.282784,21.65056000012555,279,0,7.255487999999995,670,76,0.020609514918997218,15.846284007993296,0.8504442674149819,16.696728275408276,9,"[670,309,342,285,576,173,50,142,76]","[1.7752548523920488,1.6044041162471503,1.0279372763339176,-0.3227321209990244,0.35716105300378564,-0.15639639286260154]"
9,3,9003,guarded_gng,0,29,1,scene_002,2,5,clear,none,"{""difficulty"":""medium"",""obstacle_kind"":""point""}",125,"[1.0075096843396212,-0.41001328024971984,-0.04579821135638351,-1.365396529458779,-1.618045939770905,0.7289194655407472]","[0.03264309242939785,-0.3532775500232304,-0.07352878623958653]","[1.575649157855965,-1.7801594446100768,-0.1066332636582279,0.39050643819192565,-0.31099375994305833,-0.11930073153858922]",1000020,"[0.03264309242939785,-0.3532775500232304,-0.07352878623958653]",4294967295,False,False,target_outside_reachability_intersection,False,,0,0,1.291232,2.572127999883378,10,0,0.30044800000000005,400,4294967295,-1.0,-1.0,0.5690071204536054,-1.0,0,[],"[1.0075096843396212,-0.41001328024971984,-0.04579821135638351,-1.365396529458779,-1.618045939770905,0.7289194655407472]"
9,3,9003,guarded_gng,0,29,1,scene_002,2,5,dynamic,point,"{""difficulty"":""medium"",""obstacle_kind"":""point""}",126,"[1.0075096843396212,-0.41001328024971984,-0.04579821135638351,-1.365396529458779,-1.618045939770905,0.7289194655407472]","[0.03264309242939785,-0.3532775500232304,-0.07352878623958653]","[1.575649157855965,-1.7801594446100768,-0.1066332636582279,0.39050643819192565,-0.31099375994305833,-0.11930073153858922]",1000020,"[0.03264309242939785,-0.3532775500232304,-0.07352878623958653]",4294967295,False,False,target_outside_reachability_intersection,False,,5,30,2.654208,3.8194560002011713,10,0,0.32156799999999996,400,4294967295,-1.0,-1.0,0.5690071204536054,-1.0,0,[],"[1.0075096843396212,-0.41001328024971984,-0.04579821135638351,-1.365396529458779,-1.618045939770905,0.7289194655407472]"
10,3,9003,halton_prm,1,30,1,scene_003,3,0,clear,none,"{""difficulty"":""medium"",""obstacle_kind"":""segment""}",139,"[1.0075096843396212,-0.41001328024971984,-0.04579821135638351,-1.365396529458779,-1.618045939770905,0.7289194655407472]","[0.03264309242939785,-0.3532775500232304,-0.07352878623958653]","[1.575649157855965,-1.7801594446100768,-0.1066332636582279,0.39050643819192565,-0.31099375994305833,-0.11930073153858922]",1000030,"[0.03264309242939785,-0.3532775500232304,-0.07352878623958653]",4294967295,False,False,target_outside_reachability_intersection,False,,0,0,1.91136,3.672319999168394,35,0,0.7207359999999999,262,4294967295,-1.0,-1.0,1.9945357324715232,-1.0,0,[],"[1.0075096843396212,-0.41001328024971984,-0.04579821135638351,-1.365396529458779,-1.618045939770905,0.7289194655407472]"
10,3,9003,halton_prm,1,30,1,scene_003,3,0,dynamic,segment,"{""difficulty"":""medium"",""obstacle_kind"":""segment""}",140,"[1.0075096843396212,-0.41001328024971984,-0.04579821135638351,-1.365396529458779,-1.618045939770905,0.7289194655407472]","[0.03264309242939785,-0.3532775500232304,-0.07352878623958653]","[1.575649157855965,-1.7801594446100768,-0.1066332636582279,0.39050643819192565,-0.31099375994305833,-0.11930073153858922]",1000030,"[0.03264309242939785,-0.3532775500232304,-0.07352878623958653]",4294967295,False,False,target_outside_reachability_intersection,False,,10,59,9.37968,11.77990400174167,35,0,0.7664320000000002,262,4294967295,-1.0,-1.0,1.9945357324715232,-1.0,0,[],"[1.0075096843396212,-0.41001328024971984,-0.04579821135638351,-1.365396529458779,-1.618045939770905,0.7289194655407472]"
10,3,9003,halton_prm,1,30,1,scene_004,4,1,clear,none,"{""difficulty"":""high"",""obstacle_kind"":""point""}",141,"[-2.1230190502539448,-1.4147414260453588,0.26437216882660053,1.2194913724220147,1.672180996987046,1.5886364397727109]","[-0.04611698697205266,-0.024969701214781266,0.2218060128781193]","[-0.8077631532677074,1.4835615271554126,-1.4581959606298902,0.3785138032566211,-1.4084514626399218,0.613324509477494]",1000040,"[-0.04611698697205266,-0.024969701214781266,0.2218060128781193]",1000040,True,True,path_ready_exact_validated_preview_only,False,,0,0,5.618848,8.84560000122292,202,0,4.456864000000002,577,686,0.013627288677685112,13.055985837169851,1.2642746770130042,14.320260514182856,7,"[577,487,1,311,745,339,686]","[-2.1230190502539448,-1.4147414260453588,0.26437216882660053,1.2194913724220147,1.672180996987046,1.5886364397727109]"
10,3,9003,halton_prm,1,30,1,scene_004,4,1,dynamic,point,"{""difficulty"":""high"",""obstacle_kind"":""point""}",142,"[-2.1230190502539448,-1.4147414260453588,0.26437216882660053,1.2194913724220147,1.672180996987046,1.5886364397727109]","[-0.04611698697205266,-0.024969701214781266,0.2218060128781193]","[-0.8077631532677074,1.4835615271554126,-1.4581959606298902,0.3785138032566211,-1.4084514626399218,0.613324509477494]",1000040,"[-0.04611698697205266,-0.024969701214781266,0.2218060128781193]",1000040,True,True,path_ready_exact_validated_preview_only,False,,11,235,9.550304,12.894976000097813,202,0,4.425247999999999,577,686,0.013627288677685112,13.055985837169851,1.2642746770130042,14.320260514182856,7,"[577,487,1,311,745,339,686]","[-2.1230190502539448,-1.4147414260453588,0.26437216882660053,1.2194913724220147,1.672180996987046,1.5886364397727109]"
10,3,9003,halton_prm,1,30,1,scene_005,5,2,clear,none,"{""difficulty"":""high"",""obstacle_kind"":""segment""}",143,"[-2.1230190502539448,-1.4147414260453588,0.26437216882660053,1.2194913724220147,1.672180996987046,1.5886364397727109]","[-0.04611698697205266,-0.024969701214781266,0.2218060128781193]","[-0.8077631532677074,1.4835615271554126,-1.4581959606298902,0.3785138032566211,-1.4084514626399218,0.613324509477494]",1000050,"[-0.04611698697205266,-0.024969701214781266,0.2218060128781193]",1000050,True,True,path_ready_exact_validated_preview_only,False,,0,0,6.081952,10.027391999756219,202,0,4.909120000000001,577,686,0.013627288677685112,13.055985837169851,1.2642746770130042,14.320260514182856,7,"[577,487,1,311,745,339,686]","[-2.1230190502539448,-1.4147414260453588,0.26437216882660053,1.2194913724220147,1.672180996987046,1.5886364397727109]"
10,3,9003,halton_prm,1,30,1,scene_005,5,2,dynamic,segment,"{""difficulty"":""high"",""obstacle_kind"":""segment""}",144,"[-2.1230190502539448,-1.4147414260453588,0.26437216882660053,1.2194913724220147,1.672180996987046,1.5886364397727109]","[-0.04611698697205266,-0.024969701214781266,0.2218060128781193]","[-0.8077631532677074,1.4835615271554126,-1.4581959606298902,0.3785138032566211,-1.4084514626399218,0.613324509477494]",1000050,"[-0.04611698697205266,-0.024969701214781266,0.2218060128781193]",1000050,True,True,path_ready_exact_validated_preview_only,False,,29,464,20.692128,24.330751999514177,236,0,5.568192,577,686,0.013627288677685112,14.039500572943096,1.2642746770130042,15.3037752499561,7,"[577,482,531,257,644,339,686]","[-2.1230190502539448,-1.4147414260453588,0.26437216882660053,1.2194913724220147,1.672180996987046,1.5886364397727109]"
10,3,9003,halton_prm,1,30,1,scene_000,0,3,clear,none,"{""difficulty"":""low"",""obstacle_kind"":""point""}",133,"[1.7752548523920488,1.6044041162471503,1.0279372763339176,-0.3227321209990244,0.35716105300378564,-0.15639639286260154]","[0.03565730003435841,0.13433292501929256,0.39428728874260277]","[2.327447000153411,0.4751231722522191,0.047371602575595695,-2.214765529834385,1.0009625543894802,-1.1074636880422513]",1000000,"[0.03565730003435841,0.13433292501929256,0.39428728874260277]",1000000,True,True,path_ready_exact_validated_preview_only,False,,0,0,6.368544,9.552319999784231,225,0,5.306496000000005,61,658,0.03643809830711204,13.765136745131036,1.21986592472695,14.985002669857986,9,"[61,349,622,774,245,799,295,600,658]","[1.7752548523920488,1.6044041162471503,1.0279372763339176,-0.3227321209990244,0.35716105300378564,-0.15639639286260154]"
10,3,9003,halton_prm,1,30,1,scene_000,0,3,dynamic,point,"{""difficulty"":""low"",""obstacle_kind"":""point""}",134,"[1.7752548523920488,1.6044041162471503,1.0279372763339176,-0.3227321209990244,0.35716105300378564,-0.15639639286260154]","[0.03565730003435841,0.13433292501929256,0.39428728874260277]","[2.327447000153411,0.4751231722522191,0.047371602575595695,-2.214765529834385,1.0009625543894802,-1.1074636880422513]",1000000,"[0.03565730003435841,0.13433292501929256,0.39428728874260277]",1000000,True,True,path_ready_exact_validated_preview_only,False,,5,40,7.632448,10.147167999093654,225,0,5.19488,61,658,0.03643809830711204,13.765136745131036,1.21986592472695,14.985002669857986,9,"[61,349,622,774,245,799,295,600,658]","[1.7752548523920488,1.6044041162471503,1.0279372763339176,-0.3227321209990244,0.35716105300378564,-0.15639639286260154]"
10,3,9003,halton_prm,1,30,1,scene_001,1,4,clear,none,"{""difficulty"":""low"",""obstacle_kind"":""segment""}",135,"[1.7752548523920488,1.6044041162471503,1.0279372763339176,-0.3227321209990244,0.35716105300378564,-0.15639639286260154]","[0.03565730003435841,0.13433292501929256,0.39428728874260277]","[2.327447000153411,0.4751231722522191,0.047371602575595695,-2.214765529834385,1.0009625543894802,-1.1074636880422513]",1000010,"[0.03565730003435841,0.13433292501929256,0.39428728874260277]",1000010,True,True,path_ready_exact_validated_preview_only,False,,0,0,5.970944,8.696064000105252,225,0,5.028416,61,658,0.03643809830711204,13.765136745131036,1.21986592472695,14.985002669857986,9,"[61,349,622,774,245,799,295,600,658]","[1.7752548523920488,1.6044041162471503,1.0279372763339176,-0.3227321209990244,0.35716105300378564,-0.15639639286260154]"
10,3,9003,halton_prm,1,30,1,scene_001,1,4,dynamic,segment,"{""difficulty"":""low"",""obstacle_kind"":""segment""}",136,"[1.7752548523920488,1.6044041162471503,1.0279372763339176,-0.3227321209990244,0.35716105300378564,-0.15639639286260154]","[0.03565730003435841,0.13433292501929256,0.39428728874260277]","[2.327447000153411,0.4751231722522191,0.047371602575595695,-2.214765529834385,1.0009625543894802,-1.1074636880422513]",1000010,"[0.03565730003435841,0.13433292501929256,0.39428728874260277]",1000010,True,True,path_ready_exact_validated_preview_only,False,,9,58,13.447008,16.001695999875665,225,0,5.020672000000006,61,658,0.03643809830711204,13.765136745131036,1.21986592472695,14.985002669857986,9,"[61,349,622,774,245,799,295,600,658]","[1.7752548523920488,1.6044041162471503,1.0279372763339176,-0.3227321209990244,0.35716105300378564,-0.15639639286260154]"
10,3,9003,halton_prm,1,30,1,scene_002,2,5,clear,none,"{""difficulty"":""medium"",""obstacle_kind"":""point""}",137,"[1.0075096843396212,-0.41001328024971984,-0.04579821135638351,-1.365396529458779,-1.618045939770905,0.7289194655407472]","[0.03264309242939785,-0.3532775500232304,-0.07352878623958653]","[1.575649157855965,-1.7801594446100768,-0.1066332636582279,0.39050643819192565,-0.31099375994305833,-0.11930073153858922]",1000020,"[0.03264309242939785,-0.3532775500232304,-0.07352878623958653]",4294967295,False,False,target_outside_reachability_intersection,False,,0,0,2.051328,4.037248003442073,35,0,0.7291520000000001,262,4294967295,-1.0,-1.0,1.9945357324715232,-1.0,0,[],"[1.0075096843396212,-0.41001328024971984,-0.04579821135638351,-1.365396529458779,-1.618045939770905,0.7289194655407472]"
10,3,9003,halton_prm,1,30,1,scene_002,2,5,dynamic,point,"{""difficulty"":""medium"",""obstacle_kind"":""point""}",138,"[1.0075096843396212,-0.41001328024971984,-0.04579821135638351,-1.365396529458779,-1.618045939770905,0.7289194655407472]","[0.03264309242939785,-0.3532775500232304,-0.07352878623958653]","[1.575649157855965,-1.7801594446100768,-0.1066332636582279,0.39050643819192565,-0.31099375994305833,-0.11930073153858922]",1000020,"[0.03264309242939785,-0.3532775500232304,-0.07352878623958653]",4294967295,False,False,target_outside_reachability_intersection,False,,4,27,3.265504,5.122943999595009,35,0,0.730016,262,4294967295,-1.0,-1.0,1.9945357324715232,-1.0,0,[],"[1.0075096843396212,-0.41001328024971984,-0.04579821135638351,-1.365396529458779,-1.618045939770905,0.7289194655407472]"
11,3,9003,gng,2,31,1,scene_003,3,0,clear,none,"{""difficulty"":""medium"",""obstacle_kind"":""segment""}",115,"[1.0075096843396212,-0.41001328024971984,-0.04579821135638351,-1.365396529458779,-1.618045939770905,0.7289194655407472]","[0.03264309242939785,-0.3532775500232304,-0.07352878623958653]","[1.575649157855965,-1.7801594446100768,-0.1066332636582279,0.39050643819192565,-0.31099375994305833,-0.11930073153858922]",1000030,"[0.03264309242939785,-0.3532775500232304,-0.07352878623958653]",4294967295,False,False,target_outside_reachability_intersection,False,,0,0,1.75872,3.353183998115128,20,0,0.488736,314,4294967295,-1.0,-1.0,1.4311665875520085,-1.0,0,[],"[1.0075096843396212,-0.41001328024971984,-0.04579821135638351,-1.365396529458779,-1.618045939770905,0.7289194655407472]"
11,3,9003,gng,2,31,1,scene_003,3,0,dynamic,segment,"{""difficulty"":""medium"",""obstacle_kind"":""segment""}",116,"[1.0075096843396212,-0.41001328024971984,-0.04579821135638351,-1.365396529458779,-1.618045939770905,0.7289194655407472]","[0.03264309242939785,-0.3532775500232304,-0.07352878623958653]","[1.575649157855965,-1.7801594446100768,-0.1066332636582279,0.39050643819192565,-0.31099375994305833,-0.11930073153858922]",1000030,"[0.03264309242939785,-0.3532775500232304,-0.07352878623958653]",4294967295,False,False,target_outside_reachability_intersection,False,,25,255,16.355424,18.66617599807796,20,0,0.46758400000000006,314,4294967295,-1.0,-1.0,1.4311665875520085,-1.0,0,[],"[1.0075096843396212,-0.41001328024971984,-0.04579821135638351,-1.365396529458779,-1.618045939770905,0.7289194655407472]"
11,3,9003,gng,2,31,1,scene_004,4,1,clear,none,"{""difficulty"":""high"",""obstacle_kind"":""point""}",117,"[-2.1230190502539448,-1.4147414260453588,0.26437216882660053,1.2194913724220147,1.672180996987046,1.5886364397727109]","[-0.04611698697205266,-0.024969701214781266,0.2218060128781193]","[-0.8077631532677074,1.4835615271554126,-1.4581959606298902,0.3785138032566211,-1.4084514626399218,0.613324509477494]",1000040,"[-0.04611698697205266,-0.024969701214781266,0.2218060128781193]",1000040,True,True,path_ready_exact_validated_preview_only,False,,0,0,5.387104,7.9733120001037605,197,0,4.120415999999998,348,276,0.03977034312024976,10.512876574765762,1.0812373456309228,11.594113920396685,7,"[348,250,191,304,476,293,276]","[-2.1230190502539448,-1.4147414260453588,0.26437216882660053,1.2194913724220147,1.672180996987046,1.5886364397727109]"
11,3,9003,gng,2,31,1,scene_004,4,1,dynamic,point,"{""difficulty"":""high"",""obstacle_kind"":""point""}",118,"[-2.1230190502539448,-1.4147414260453588,0.26437216882660053,1.2194913724220147,1.672180996987046,1.5886364397727109]","[-0.04611698697205266,-0.024969701214781266,0.2218060128781193]","[-0.8077631532677074,1.4835615271554126,-1.4581959606298902,0.3785138032566211,-1.4084514626399218,0.613324509477494]",1000040,"[-0.04611698697205266,-0.024969701214781266,0.2218060128781193]",1000040,True,True,path_ready_exact_validated_preview_only,False,,20,303,9.031328,11.558144000446191,197,0,4.270528,348,276,0.03977034312024976,10.512876574765762,1.0812373456309228,11.594113920396685,7,"[348,250,191,304,476,293,276]","[-2.1230190502539448,-1.4147414260453588,0.26437216882660053,1.2194913724220147,1.672180996987046,1.5886364397727109]"
11,3,9003,gng,2,31,1,scene_005,5,2,clear,none,"{""difficulty"":""high"",""obstacle_kind"":""segment""}",119,"[-2.1230190502539448,-1.4147414260453588,0.26437216882660053,1.2194913724220147,1.672180996987046,1.5886364397727109]","[-0.04611698697205266,-0.024969701214781266,0.2218060128781193]","[-0.8077631532677074,1.4835615271554126,-1.4581959606298902,0.3785138032566211,-1.4084514626399218,0.613324509477494]",1000050,"[-0.04611698697205266,-0.024969701214781266,0.2218060128781193]",1000050,True,True,path_ready_exact_validated_preview_only,False,,0,0,5.456608,8.360704003280262,197,0,4.168,348,276,0.03977034312024976,10.512876574765762,1.0812373456309228,11.594113920396685,7,"[348,250,191,304,476,293,276]","[-2.1230190502539448,-1.4147414260453588,0.26437216882660053,1.2194913724220147,1.672180996987046,1.5886364397727109]"
11,3,9003,gng,2,31,1,scene_005,5,2,dynamic,segment,"{""difficulty"":""high"",""obstacle_kind"":""segment""}",120,"[-2.1230190502539448,-1.4147414260453588,0.26437216882660053,1.2194913724220147,1.672180996987046,1.5886364397727109]","[-0.04611698697205266,-0.024969701214781266,0.2218060128781193]","[-0.8077631532677074,1.4835615271554126,-1.4581959606298902,0.3785138032566211,-1.4084514626399218,0.613324509477494]",1000050,"[-0.04611698697205266,-0.024969701214781266,0.2218060128781193]",1000050,True,True,path_ready_exact_validated_preview_only,False,,33,437,18.934752,21.92656000261195,197,0,4.413568,348,276,0.03977034312024976,10.512876574765762,1.0812373456309228,11.594113920396685,7,"[348,250,191,304,476,293,276]","[-2.1230190502539448,-1.4147414260453588,0.26437216882660053,1.2194913724220147,1.672180996987046,1.5886364397727109]"
11,3,9003,gng,2,31,1,scene_000,0,3,clear,none,"{""difficulty"":""low"",""obstacle_kind"":""point""}",109,"[1.7752548523920488,1.6044041162471503,1.0279372763339176,-0.3227321209990244,0.35716105300378564,-0.15639639286260154]","[0.03565730003435841,0.13433292501929256,0.39428728874260277]","[2.327447000153411,0.4751231722522191,0.047371602575595695,-2.214765529834385,1.0009625543894802,-1.1074636880422513]",1000000,"[0.03565730003435841,0.13433292501929256,0.39428728874260277]",1000000,True,True,path_ready_exact_validated_preview_only,False,,0,0,6.056256,9.676448000391247,243,0,4.860192000000003,310,366,0.012190050524108296,13.715007785425879,0.8925915877042555,14.607599373130135,8,"[310,789,714,36,739,608,473,366]","[1.7752548523920488,1.6044041162471503,1.0279372763339176,-0.3227321209990244,0.35716105300378564,-0.15639639286260154]"
11,3,9003,gng,2,31,1,scene_000,0,3,dynamic,point,"{""difficulty"":""low"",""obstacle_kind"":""point""}",110,"[1.7752548523920488,1.6044041162471503,1.0279372763339176,-0.3227321209990244,0.35716105300378564,-0.15639639286260154]","[0.03565730003435841,0.13433292501929256,0.39428728874260277]","[2.327447000153411,0.4751231722522191,0.047371602575595695,-2.214765529834385,1.0009625543894802,-1.1074636880422513]",1000000,"[0.03565730003435841,0.13433292501929256,0.39428728874260277]",1000000,True,True,path_ready_exact_validated_preview_only,False,,15,175,10.11504,13.90819199878024,250,0,5.362879999999998,310,366,0.012190050524108296,14.36822262556472,0.8925915877042555,15.260814213268976,8,"[310,3,160,768,318,339,473,366]","[1.7752548523920488,1.6044041162471503,1.0279372763339176,-0.3227321209990244,0.35716105300378564,-0.15639639286260154]"
11,3,9003,gng,2,31,1,scene_001,1,4,clear,none,"{""difficulty"":""low"",""obstacle_kind"":""segment""}",111,"[1.7752548523920488,1.6044041162471503,1.0279372763339176,-0.3227321209990244,0.35716105300378564,-0.15639639286260154]","[0.03565730003435841,0.13433292501929256,0.39428728874260277]","[2.327447000153411,0.4751231722522191,0.047371602575595695,-2.214765529834385,1.0009625543894802,-1.1074636880422513]",1000010,"[0.03565730003435841,0.13433292501929256,0.39428728874260277]",1000010,True,True,path_ready_exact_validated_preview_only,False,,0,0,6.155488,8.861727998009883,243,0,4.891168000000001,310,366,0.012190050524108296,13.715007785425879,0.8925915877042555,14.607599373130135,8,"[310,789,714,36,739,608,473,366]","[1.7752548523920488,1.6044041162471503,1.0279372763339176,-0.3227321209990244,0.35716105300378564,-0.15639639286260154]"
11,3,9003,gng,2,31,1,scene_001,1,4,dynamic,segment,"{""difficulty"":""low"",""obstacle_kind"":""segment""}",112,"[1.7752548523920488,1.6044041162471503,1.0279372763339176,-0.3227321209990244,0.35716105300378564,-0.15639639286260154]","[0.03565730003435841,0.13433292501929256,0.39428728874260277]","[2.327447000153411,0.4751231722522191,0.047371602575595695,-2.214765529834385,1.0009625543894802,-1.1074636880422513]",1000010,"[0.03565730003435841,0.13433292501929256,0.39428728874260277]",1000010,True,True,path_ready_exact_validated_preview_only,False,,27,225,20.052544,22.38755199869047,250,0,5.347968000000001,310,366,0.012190050524108296,14.36822262556472,0.8925915877042555,15.260814213268976,8,"[310,3,160,768,318,339,473,366]","[1.7752548523920488,1.6044041162471503,1.0279372763339176,-0.3227321209990244,0.35716105300378564,-0.15639639286260154]"
11,3,9003,gng,2,31,1,scene_002,2,5,clear,none,"{""difficulty"":""medium"",""obstacle_kind"":""point""}",113,"[1.0075096843396212,-0.41001328024971984,-0.04579821135638351,-1.365396529458779,-1.618045939770905,0.7289194655407472]","[0.03264309242939785,-0.3532775500232304,-0.07352878623958653]","[1.575649157855965,-1.7801594446100768,-0.1066332636582279,0.39050643819192565,-0.31099375994305833,-0.11930073153858922]",1000020,"[0.03264309242939785,-0.3532775500232304,-0.07352878623958653]",4294967295,False,False,target_outside_reachability_intersection,False,,0,0,1.565248,2.68800000048941,20,0,0.4600639999999999,314,4294967295,-1.0,-1.0,1.4311665875520085,-1.0,0,[],"[1.0075096843396212,-0.41001328024971984,-0.04579821135638351,-1.365396529458779,-1.618045939770905,0.7289194655407472]"
11,3,9003,gng,2,31,1,scene_002,2,5,dynamic,point,"{""difficulty"":""medium"",""obstacle_kind"":""point""}",114,"[1.0075096843396212,-0.41001328024971984,-0.04579821135638351,-1.365396529458779,-1.618045939770905,0.7289194655407472]","[0.03264309242939785,-0.3532775500232304,-0.07352878623958653]","[1.575649157855965,-1.7801594446100768,-0.1066332636582279,0.39050643819192565,-0.31099375994305833,-0.11930073153858922]",1000020,"[0.03264309242939785,-0.3532775500232304,-0.07352878623958653]",4294967295,False,False,target_outside_reachability_intersection,False,,12,131,4.128736,5.255776002741186,20,0,0.45859199999999994,314,4294967295,-1.0,-1.0,1.4311665875520085,-1.0,0,[],"[1.0075096843396212,-0.41001328024971984,-0.04579821135638351,-1.365396529458779,-1.618045939770905,0.7289194655407472]"
12,4,9004,halton_prm,0,32,1,scene_004,4,0,clear,none,"{""difficulty"":""high"",""obstacle_kind"":""point""}",177,"[-2.1230190502539448,-1.4147414260453588,0.26437216882660053,1.2194913724220147,1.672180996987046,1.5886364397727109]","[-0.04611698697205266,-0.024969701214781266,0.2218060128781193]","[-0.8077631532677074,1.4835615271554126,-1.4581959606298902,0.3785138032566211,-1.4084514626399218,0.613324509477494]",1000040,"[-0.04611698697205266,-0.024969701214781266,0.2218060128781193]",1000040,True,True,path_ready_exact_validated_preview_only,False,,0,0,5.535072,8.205152000300586,220,0,4.339936,31,655,0.03591486426573091,12.252476341203407,1.919244371394414,14.171720712597821,6,"[31,630,775,716,98,655]","[-2.1230190502539448,-1.4147414260453588,0.26437216882660053,1.2194913724220147,1.672180996987046,1.5886364397727109]"
12,4,9004,halton_prm,0,32,1,scene_004,4,0,dynamic,point,"{""difficulty"":""high"",""obstacle_kind"":""point""}",178,"[-2.1230190502539448,-1.4147414260453588,0.26437216882660053,1.2194913724220147,1.672180996987046,1.5886364397727109]","[-0.04611698697205266,-0.024969701214781266,0.2218060128781193]","[-0.8077631532677074,1.4835615271554126,-1.4581959606298902,0.3785138032566211,-1.4084514626399218,0.613324509477494]",1000040,"[-0.04611698697205266,-0.024969701214781266,0.2218060128781193]",1000040,True,True,path_ready_exact_validated_preview_only,False,,7,179,10.129728,12.934752001456218,220,0,4.633119999999998,31,655,0.03591486426573091,12.252476341203407,1.919244371394414,14.171720712597821,6,"[31,630,775,716,98,655]","[-2.1230190502539448,-1.4147414260453588,0.26437216882660053,1.2194913724220147,1.672180996987046,1.5886364397727109]"
12,4,9004,halton_prm,0,32,1,scene_005,5,1,clear,none,"{""difficulty"":""high"",""obstacle_kind"":""segment""}",179,"[-2.1230190502539448,-1.4147414260453588,0.26437216882660053,1.2194913724220147,1.672180996987046,1.5886364397727109]","[-0.04611698697205266,-0.024969701214781266,0.2218060128781193]","[-0.8077631532677074,1.4835615271554126,-1.4581959606298902,0.3785138032566211,-1.4084514626399218,0.613324509477494]",1000050,"[-0.04611698697205266,-0.024969701214781266,0.2218060128781193]",1000050,True,True,path_ready_exact_validated_preview_only,False,,0,0,6.978624,9.295904001191957,220,0,5.5484160000000005,31,655,0.03591486426573091,12.252476341203407,1.919244371394414,14.171720712597821,6,"[31,630,775,716,98,655]","[-2.1230190502539448,-1.4147414260453588,0.26437216882660053,1.2194913724220147,1.672180996987046,1.5886364397727109]"
12,4,9004,halton_prm,0,32,1,scene_005,5,1,dynamic,segment,"{""difficulty"":""high"",""obstacle_kind"":""segment""}",180,"[-2.1230190502539448,-1.4147414260453588,0.26437216882660053,1.2194913724220147,1.672180996987046,1.5886364397727109]","[-0.04611698697205266,-0.024969701214781266,0.2218060128781193]","[-0.8077631532677074,1.4835615271554126,-1.4581959606298902,0.3785138032566211,-1.4084514626399218,0.613324509477494]",1000050,"[-0.04611698697205266,-0.024969701214781266,0.2218060128781193]",1000050,True,True,path_ready_exact_validated_preview_only,False,,27,459,24.115776,26.932223998301197,239,0,6.249760000000003,31,655,0.03591486426573091,13.101669624821872,1.919244371394414,15.020913996216287,6,"[31,630,461,546,243,655]","[-2.1230190502539448,-1.4147414260453588,0.26437216882660053,1.2194913724220147,1.672180996987046,1.5886364397727109]"
12,4,9004,halton_prm,0,32,1,scene_000,0,2,clear,none,"{""difficulty"":""low"",""obstacle_kind"":""point""}",169,"[1.7752548523920488,1.6044041162471503,1.0279372763339176,-0.3227321209990244,0.35716105300378564,-0.15639639286260154]","[0.03565730003435841,0.13433292501929256,0.39428728874260277]","[2.327447000153411,0.4751231722522191,0.047371602575595695,-2.214765529834385,1.0009625543894802,-1.1074636880422513]",1000000,"[0.03565730003435841,0.13433292501929256,0.39428728874260277]",1000000,True,True,path_ready_exact_validated_preview_only,False,,0,0,6.091232,8.913312001823215,176,0,5.029759999999996,692,211,0.027101254075604243,11.569836283482486,0.9973102201035122,12.567146503585999,7,"[692,253,580,369,306,110,211]","[1.7752548523920488,1.6044041162471503,1.0279372763339176,-0.3227321209990244,0.35716105300378564,-0.15639639286260154]"
12,4,9004,halton_prm,0,32,1,scene_000,0,2,dynamic,point,"{""difficulty"":""low"",""obstacle_kind"":""point""}",170,"[1.7752548523920488,1.6044041162471503,1.0279372763339176,-0.3227321209990244,0.35716105300378564,-0.15639639286260154]","[0.03565730003435841,0.13433292501929256,0.39428728874260277]","[2.327447000153411,0.4751231722522191,0.047371602575595695,-2.214765529834385,1.0009625543894802,-1.1074636880422513]",1000000,"[0.03565730003435841,0.13433292501929256,0.39428728874260277]",1000000,True,True,path_ready_exact_validated_preview_only,False,,10,42,7.138528,10.174847997404868,176,0,4.72864,692,211,0.027101254075604243,11.569836283482486,0.9973102201035122,12.567146503585999,7,"[692,253,580,369,306,110,211]","[1.7752548523920488,1.6044041162471503,1.0279372763339176,-0.3227321209990244,0.35716105300378564,-0.15639639286260154]"
12,4,9004,halton_prm,0,32,1,scene_001,1,3,clear,none,"{""difficulty"":""low"",""obstacle_kind"":""segment""}",171,"[1.7752548523920488,1.6044041162471503,1.0279372763339176,-0.3227321209990244,0.35716105300378564,-0.15639639286260154]","[0.03565730003435841,0.13433292501929256,0.39428728874260277]","[2.327447000153411,0.4751231722522191,0.047371602575595695,-2.214765529834385,1.0009625543894802,-1.1074636880422513]",1000010,"[0.03565730003435841,0.13433292501929256,0.39428728874260277]",1000010,True,True,path_ready_exact_validated_preview_only,False,,0,0,5.628128,8.687936002388597,176,0,4.636128000000001,692,211,0.027101254075604243,11.569836283482486,0.9973102201035122,12.567146503585999,7,"[692,253,580,369,306,110,211]","[1.7752548523920488,1.6044041162471503,1.0279372763339176,-0.3227321209990244,0.35716105300378564,-0.15639639286260154]"
12,4,9004,halton_prm,0,32,1,scene_001,1,3,dynamic,segment,"{""difficulty"":""low"",""obstacle_kind"":""segment""}",172,"[1.7752548523920488,1.6044041162471503,1.0279372763339176,-0.3227321209990244,0.35716105300378564,-0.15639639286260154]","[0.03565730003435841,0.13433292501929256,0.39428728874260277]","[2.327447000153411,0.4751231722522191,0.047371602575595695,-2.214765529834385,1.0009625543894802,-1.1074636880422513]",1000010,"[0.03565730003435841,0.13433292501929256,0.39428728874260277]",1000010,True,True,path_ready_exact_validated_preview_only,False,,12,52,15.353152,18.95734399658977,176,0,4.877312,692,211,0.027101254075604243,11.569836283482486,0.9973102201035122,12.567146503585999,7,"[692,253,580,369,306,110,211]","[1.7752548523920488,1.6044041162471503,1.0279372763339176,-0.3227321209990244,0.35716105300378564,-0.15639639286260154]"
12,4,9004,halton_prm,0,32,1,scene_002,2,4,clear,none,"{""difficulty"":""medium"",""obstacle_kind"":""point""}",173,"[1.0075096843396212,-0.41001328024971984,-0.04579821135638351,-1.365396529458779,-1.618045939770905,0.7289194655407472]","[0.03264309242939785,-0.3532775500232304,-0.07352878623958653]","[1.575649157855965,-1.7801594446100768,-0.1066332636582279,0.39050643819192565,-0.31099375994305833,-0.11930073153858922]",1000020,"[0.03264309242939785,-0.3532775500232304,-0.07352878623958653]",4294967295,False,False,target_outside_reachability_intersection,False,,0,0,1.387264,3.3575039997231215,16,0,0.40591999999999995,285,4294967295,-1.0,-1.0,1.0063654688905368,-1.0,0,[],"[1.0075096843396212,-0.41001328024971984,-0.04579821135638351,-1.365396529458779,-1.618045939770905,0.7289194655407472]"
12,4,9004,halton_prm,0,32,1,scene_002,2,4,dynamic,point,"{""difficulty"":""medium"",""obstacle_kind"":""point""}",174,"[1.0075096843396212,-0.41001328024971984,-0.04579821135638351,-1.365396529458779,-1.618045939770905,0.7289194655407472]","[0.03264309242939785,-0.3532775500232304,-0.07352878623958653]","[1.575649157855965,-1.7801594446100768,-0.1066332636582279,0.39050643819192565,-0.31099375994305833,-0.11930073153858922]",1000020,"[0.03264309242939785,-0.3532775500232304,-0.07352878623958653]",4294967295,False,False,target_outside_reachability_intersection,False,,4,40,2.939072,4.815840002265759,16,0,0.462144,285,4294967295,-1.0,-1.0,1.0063654688905368,-1.0,0,[],"[1.0075096843396212,-0.41001328024971984,-0.04579821135638351,-1.365396529458779,-1.618045939770905,0.7289194655407472]"
12,4,9004,halton_prm,0,32,1,scene_003,3,5,clear,none,"{""difficulty"":""medium"",""obstacle_kind"":""segment""}",175,"[1.0075096843396212,-0.41001328024971984,-0.04579821135638351,-1.365396529458779,-1.618045939770905,0.7289194655407472]","[0.03264309242939785,-0.3532775500232304,-0.07352878623958653]","[1.575649157855965,-1.7801594446100768,-0.1066332636582279,0.39050643819192565,-0.31099375994305833,-0.11930073153858922]",1000030,"[0.03264309242939785,-0.3532775500232304,-0.07352878623958653]",4294967295,False,False,target_outside_reachability_intersection,False,,0,0,1.528832,3.1534400004602503,16,0,0.506304,285,4294967295,-1.0,-1.0,1.0063654688905368,-1.0,0,[],"[1.0075096843396212,-0.41001328024971984,-0.04579821135638351,-1.365396529458779,-1.618045939770905,0.7289194655407472]"
12,4,9004,halton_prm,0,32,1,scene_003,3,5,dynamic,segment,"{""difficulty"":""medium"",""obstacle_kind"":""segment""}",176,"[1.0075096843396212,-0.41001328024971984,-0.04579821135638351,-1.365396529458779,-1.618045939770905,0.7289194655407472]","[0.03264309242939785,-0.3532775500232304,-0.07352878623958653]","[1.575649157855965,-1.7801594446100768,-0.1066332636582279,0.39050643819192565,-0.31099375994305833,-0.11930073153858922]",1000030,"[0.03264309242939785,-0.3532775500232304,-0.07352878623958653]",4294967295,False,False,target_outside_reachability_intersection,False,,13,80,10.948544,12.965023997821845,16,0,0.452992,285,4294967295,-1.0,-1.0,1.0063654688905368,-1.0,0,[],"[1.0075096843396212,-0.41001328024971984,-0.04579821135638351,-1.365396529458779,-1.618045939770905,0.7289194655407472]"
13,4,9004,gng,1,33,1,scene_004,4,0,clear,none,"{""difficulty"":""high"",""obstacle_kind"":""point""}",153,"[-2.1230190502539448,-1.4147414260453588,0.26437216882660053,1.2194913724220147,1.672180996987046,1.5886364397727109]","[-0.04611698697205266,-0.024969701214781266,0.2218060128781193]","[-0.8077631532677074,1.4835615271554126,-1.4581959606298902,0.3785138032566211,-1.4084514626399218,0.613324509477494]",1000040,"[-0.04611698697205266,-0.024969701214781266,0.2218060128781193]",4294967295,False,False,target_outside_reachability_intersection,False,,0,0,1.690976,3.502719999232795,19,0,0.39232,414,4294967295,-1.0,-1.0,1.3869877040460306,-1.0,0,[],"[-2.1230190502539448,-1.4147414260453588,0.26437216882660053,1.2194913724220147,1.672180996987046,1.5886364397727109]"
13,4,9004,gng,1,33,1,scene_004,4,0,dynamic,point,"{""difficulty"":""high"",""obstacle_kind"":""point""}",154,"[-2.1230190502539448,-1.4147414260453588,0.26437216882660053,1.2194913724220147,1.672180996987046,1.5886364397727109]","[-0.04611698697205266,-0.024969701214781266,0.2218060128781193]","[-0.8077631532677074,1.4835615271554126,-1.4581959606298902,0.3785138032566211,-1.4084514626399218,0.613324509477494]",1000040,"[-0.04611698697205266,-0.024969701214781266,0.2218060128781193]",4294967295,False,False,target_outside_reachability_intersection,False,,21,299,4.975008,6.507263999083079,19,0,0.40060799999999996,414,4294967295,-1.0,-1.0,1.3869877040460306,-1.0,0,[],"[-2.1230190502539448,-1.4147414260453588,0.26437216882660053,1.2194913724220147,1.672180996987046,1.5886364397727109]"
13,4,9004,gng,1,33,1,scene_005,5,1,clear,none,"{""difficulty"":""high"",""obstacle_kind"":""segment""}",155,"[-2.1230190502539448,-1.4147414260453588,0.26437216882660053,1.2194913724220147,1.672180996987046,1.5886364397727109]","[-0.04611698697205266,-0.024969701214781266,0.2218060128781193]","[-0.8077631532677074,1.4835615271554126,-1.4581959606298902,0.3785138032566211,-1.4084514626399218,0.613324509477494]",1000050,"[-0.04611698697205266,-0.024969701214781266,0.2218060128781193]",4294967295,False,False,target_outside_reachability_intersection,False,,0,0,1.907328,3.1275519977498334,19,0,0.49945599999999996,414,4294967295,-1.0,-1.0,1.3869877040460306,-1.0,0,[],"[-2.1230190502539448,-1.4147414260453588,0.26437216882660053,1.2194913724220147,1.672180996987046,1.5886364397727109]"
13,4,9004,gng,1,33,1,scene_005,5,1,dynamic,segment,"{""difficulty"":""high"",""obstacle_kind"":""segment""}",156,"[-2.1230190502539448,-1.4147414260453588,0.26437216882660053,1.2194913724220147,1.672180996987046,1.5886364397727109]","[-0.04611698697205266,-0.024969701214781266,0.2218060128781193]","[-0.8077631532677074,1.4835615271554126,-1.4581959606298902,0.3785138032566211,-1.4084514626399218,0.613324509477494]",1000050,"[-0.04611698697205266,-0.024969701214781266,0.2218060128781193]",4294967295,False,False,target_outside_reachability_intersection,False,,36,435,16.389056,18.2518080000591,19,0,0.435168,414,4294967295,-1.0,-1.0,1.3869877040460306,-1.0,0,[],"[-2.1230190502539448,-1.4147414260453588,0.26437216882660053,1.2194913724220147,1.672180996987046,1.5886364397727109]"
13,4,9004,gng,1,33,1,scene_000,0,2,clear,none,"{""difficulty"":""low"",""obstacle_kind"":""point""}",145,"[1.7752548523920488,1.6044041162471503,1.0279372763339176,-0.3227321209990244,0.35716105300378564,-0.15639639286260154]","[0.03565730003435841,0.13433292501929256,0.39428728874260277]","[2.327447000153411,0.4751231722522191,0.047371602575595695,-2.214765529834385,1.0009625543894802,-1.1074636880422513]",1000000,"[0.03565730003435841,0.13433292501929256,0.39428728874260277]",1000000,True,True,path_ready_exact_validated_preview_only,False,,0,0,3.849312,19.202464001864428,135,0,2.7359360000000006,433,22,0.02494064136894653,6.948656693969309,1.1884011327238393,8.137057826693148,7,"[433,557,757,175,409,220,22]","[1.7752548523920488,1.6044041162471503,1.0279372763339176,-0.3227321209990244,0.35716105300378564,-0.15639639286260154]"
13,4,9004,gng,1,33,1,scene_000,0,2,dynamic,point,"{""difficulty"":""low"",""obstacle_kind"":""point""}",146,"[1.7752548523920488,1.6044041162471503,1.0279372763339176,-0.3227321209990244,0.35716105300378564,-0.15639639286260154]","[0.03565730003435841,0.13433292501929256,0.39428728874260277]","[2.327447000153411,0.4751231722522191,0.047371602575595695,-2.214765529834385,1.0009625543894802,-1.1074636880422513]",1000000,"[0.03565730003435841,0.13433292501929256,0.39428728874260277]",1000000,True,True,path_ready_exact_validated_preview_only,False,,20,227,9.079552,11.803424000390805,135,0,3.477792000000001,433,22,0.02494064136894653,6.948656693969309,1.1884011327238393,8.137057826693148,7,"[433,557,757,175,409,220,22]","[1.7752548523920488,1.6044041162471503,1.0279372763339176,-0.3227321209990244,0.35716105300378564,-0.15639639286260154]"
13,4,9004,gng,1,33,1,scene_001,1,3,clear,none,"{""difficulty"":""low"",""obstacle_kind"":""segment""}",147,"[1.7752548523920488,1.6044041162471503,1.0279372763339176,-0.3227321209990244,0.35716105300378564,-0.15639639286260154]","[0.03565730003435841,0.13433292501929256,0.39428728874260277]","[2.327447000153411,0.4751231722522191,0.047371602575595695,-2.214765529834385,1.0009625543894802,-1.1074636880422513]",1000010,"[0.03565730003435841,0.13433292501929256,0.39428728874260277]",1000010,True,True,path_ready_exact_validated_preview_only,False,,0,0,4.011744,6.607039998925757,135,0,2.756416,433,22,0.02494064136894653,6.948656693969309,1.1884011327238393,8.137057826693148,7,"[433,557,757,175,409,220,22]","[1.7752548523920488,1.6044041162471503,1.0279372763339176,-0.3227321209990244,0.35716105300378564,-0.15639639286260154]"
13,4,9004,gng,1,33,1,scene_001,1,3,dynamic,segment,"{""difficulty"":""low"",""obstacle_kind"":""segment""}",148,"[1.7752548523920488,1.6044041162471503,1.0279372763339176,-0.3227321209990244,0.35716105300378564,-0.15639639286260154]","[0.03565730003435841,0.13433292501929256,0.39428728874260277]","[2.327447000153411,0.4751231722522191,0.047371602575595695,-2.214765529834385,1.0009625543894802,-1.1074636880422513]",1000010,"[0.03565730003435841,0.13433292501929256,0.39428728874260277]",1000010,True,True,path_ready_exact_validated_preview_only,False,,32,281,22.787168,25.41036799811991,135,0,3.1370239999999985,433,22,0.02494064136894653,6.948656693969309,1.1884011327238393,8.137057826693148,7,"[433,557,757,175,409,220,22]","[1.7752548523920488,1.6044041162471503,1.0279372763339176,-0.3227321209990244,0.35716105300378564,-0.15639639286260154]"
13,4,9004,gng,1,33,1,scene_002,2,4,clear,none,"{""difficulty"":""medium"",""obstacle_kind"":""point""}",149,"[1.0075096843396212,-0.41001328024971984,-0.04579821135638351,-1.365396529458779,-1.618045939770905,0.7289194655407472]","[0.03264309242939785,-0.3532775500232304,-0.07352878623958653]","[1.575649157855965,-1.7801594446100768,-0.1066332636582279,0.39050643819192565,-0.31099375994305833,-0.11930073153858922]",1000020,"[0.03264309242939785,-0.3532775500232304,-0.07352878623958653]",1000020,True,True,path_ready_exact_validated_preview_only,False,,0,0,5.768832,8.591519999754382,196,0,4.314207999999996,77,643,0.04194434835829205,11.261987548985847,1.10603285620621,12.368020405192057,7,"[77,449,216,732,464,310,643]","[1.0075096843396212,-0.41001328024971984,-0.04579821135638351,-1.365396529458779,-1.618045939770905,0.7289194655407472]"
13,4,9004,gng,1,33,1,scene_002,2,4,dynamic,point,"{""difficulty"":""medium"",""obstacle_kind"":""point""}",150,"[1.0075096843396212,-0.41001328024971984,-0.04579821135638351,-1.365396529458779,-1.618045939770905,0.7289194655407472]","[0.03264309242939785,-0.3532775500232304,-0.07352878623958653]","[1.575649157855965,-1.7801594446100768,-0.1066332636582279,0.39050643819192565,-0.31099375994305833,-0.11930073153858922]",1000020,"[0.03264309242939785,-0.3532775500232304,-0.07352878623958653]",1000020,True,True,path_ready_exact_validated_preview_only,False,,7,87,8.131456,10.587968001345871,196,0,4.21104,77,643,0.04194434835829205,11.261987548985847,1.10603285620621,12.368020405192057,7,"[77,449,216,732,464,310,643]","[1.0075096843396212,-0.41001328024971984,-0.04579821135638351,-1.365396529458779,-1.618045939770905,0.7289194655407472]"
13,4,9004,gng,1,33,1,scene_003,3,5,clear,none,"{""difficulty"":""medium"",""obstacle_kind"":""segment""}",151,"[1.0075096843396212,-0.41001328024971984,-0.04579821135638351,-1.365396529458779,-1.618045939770905,0.7289194655407472]","[0.03264309242939785,-0.3532775500232304,-0.07352878623958653]","[1.575649157855965,-1.7801594446100768,-0.1066332636582279,0.39050643819192565,-0.31099375994305833,-0.11930073153858922]",1000030,"[0.03264309242939785,-0.3532775500232304,-0.07352878623958653]",1000030,True,True,path_ready_exact_validated_preview_only,False,,0,0,5.681856,8.144512001308613,196,0,4.331167999999998,77,643,0.04194434835829205,11.261987548985847,1.10603285620621,12.368020405192057,7,"[77,449,216,732,464,310,643]","[1.0075096843396212,-0.41001328024971984,-0.04579821135638351,-1.365396529458779,-1.618045939770905,0.7289194655407472]"
13,4,9004,gng,1,33,1,scene_003,3,5,dynamic,segment,"{""difficulty"":""medium"",""obstacle_kind"":""segment""}",152,"[1.0075096843396212,-0.41001328024971984,-0.04579821135638351,-1.365396529458779,-1.618045939770905,0.7289194655407472]","[0.03264309242939785,-0.3532775500232304,-0.07352878623958653]","[1.575649157855965,-1.7801594446100768,-0.1066332636582279,0.39050643819192565,-0.31099375994305833,-0.11930073153858922]",1000030,"[0.03264309242939785,-0.3532775500232304,-0.07352878623958653]",4294967295,False,False,target_intersection_blocked_or_disconnected,False,,22,221,13.620864,15.704927998740459,14,0,0.310784,77,4294967295,-1.0,-1.0,1.10603285620621,-1.0,0,[],"[1.0075096843396212,-0.41001328024971984,-0.04579821135638351,-1.365396529458779,-1.618045939770905,0.7289194655407472]"
14,4,9004,guarded_gng,2,34,1,scene_004,4,0,clear,none,"{""difficulty"":""high"",""obstacle_kind"":""point""}",165,"[-2.1230190502539448,-1.4147414260453588,0.26437216882660053,1.2194913724220147,1.672180996987046,1.5886364397727109]","[-0.04611698697205266,-0.024969701214781266,0.2218060128781193]","[-0.8077631532677074,1.4835615271554126,-1.4581959606298902,0.3785138032566211,-1.4084514626399218,0.613324509477494]",1000040,"[-0.04611698697205266,-0.024969701214781266,0.2218060128781193]",4294967295,False,False,target_outside_reachability_intersection,False,,0,0,1.404128,16.299808001349447,15,0,0.339872,359,4294967295,-1.0,-1.0,1.0206700843973682,-1.0,0,[],"[-2.1230190502539448,-1.4147414260453588,0.26437216882660053,1.2194913724220147,1.672180996987046,1.5886364397727109]"
14,4,9004,guarded_gng,2,34,1,scene_004,4,0,dynamic,point,"{""difficulty"":""high"",""obstacle_kind"":""point""}",166,"[-2.1230190502539448,-1.4147414260453588,0.26437216882660053,1.2194913724220147,1.672180996987046,1.5886364397727109]","[-0.04611698697205266,-0.024969701214781266,0.2218060128781193]","[-0.8077631532677074,1.4835615271554126,-1.4581959606298902,0.3785138032566211,-1.4084514626399218,0.613324509477494]",1000040,"[-0.04611698697205266,-0.024969701214781266,0.2218060128781193]",4294967295,False,False,target_outside_reachability_intersection,False,,11,219,5.208864,7.772224002110306,15,0,0.35974399999999995,359,4294967295,-1.0,-1.0,1.0206700843973682,-1.0,0,[],"[-2.1230190502539448,-1.4147414260453588,0.26437216882660053,1.2194913724220147,1.672180996987046,1.5886364397727109]"
14,4,9004,guarded_gng,2,34,1,scene_005,5,1,clear,none,"{""difficulty"":""high"",""obstacle_kind"":""segment""}",167,"[-2.1230190502539448,-1.4147414260453588,0.26437216882660053,1.2194913724220147,1.672180996987046,1.5886364397727109]","[-0.04611698697205266,-0.024969701214781266,0.2218060128781193]","[-0.8077631532677074,1.4835615271554126,-1.4581959606298902,0.3785138032566211,-1.4084514626399218,0.613324509477494]",1000050,"[-0.04611698697205266,-0.024969701214781266,0.2218060128781193]",4294967295,False,False,target_outside_reachability_intersection,False,,0,0,1.438944,3.655232001619879,15,0,0.33184,359,4294967295,-1.0,-1.0,1.0206700843973682,-1.0,0,[],"[-2.1230190502539448,-1.4147414260453588,0.26437216882660053,1.2194913724220147,1.672180996987046,1.5886364397727109]"
14,4,9004,guarded_gng,2,34,1,scene_005,5,1,dynamic,segment,"{""difficulty"":""high"",""obstacle_kind"":""segment""}",168,"[-2.1230190502539448,-1.4147414260453588,0.26437216882660053,1.2194913724220147,1.672180996987046,1.5886364397727109]","[-0.04611698697205266,-0.024969701214781266,0.2218060128781193]","[-0.8077631532677074,1.4835615271554126,-1.4581959606298902,0.3785138032566211,-1.4084514626399218,0.613324509477494]",1000050,"[-0.04611698697205266,-0.024969701214781266,0.2218060128781193]",4294967295,False,False,target_outside_reachability_intersection,False,,28,430,15.275168,17.49062399903778,15,0,0.37648,359,4294967295,-1.0,-1.0,1.0206700843973682,-1.0,0,[],"[-2.1230190502539448,-1.4147414260453588,0.26437216882660053,1.2194913724220147,1.672180996987046,1.5886364397727109]"
14,4,9004,guarded_gng,2,34,1,scene_000,0,2,clear,none,"{""difficulty"":""low"",""obstacle_kind"":""point""}",157,"[1.7752548523920488,1.6044041162471503,1.0279372763339176,-0.3227321209990244,0.35716105300378564,-0.15639639286260154]","[0.03565730003435841,0.13433292501929256,0.39428728874260277]","[2.327447000153411,0.4751231722522191,0.047371602575595695,-2.214765529834385,1.0009625543894802,-1.1074636880422513]",1000000,"[0.03565730003435841,0.13433292501929256,0.39428728874260277]",1000000,True,True,path_ready_exact_validated_preview_only,False,,0,0,16.20128,18.862688000808703,315,0,14.975296000000002,130,22,0.03791256816742791,17.23798848589929,1.5777111080077522,18.81569959390704,8,"[130,298,231,374,175,127,628,22]","[1.7752548523920488,1.6044041162471503,1.0279372763339176,-0.3227321209990244,0.35716105300378564,-0.15639639286260154]"
14,4,9004,guarded_gng,2,34,1,scene_000,0,2,dynamic,point,"{""difficulty"":""low"",""obstacle_kind"":""point""}",158,"[1.7752548523920488,1.6044041162471503,1.0279372763339176,-0.3227321209990244,0.35716105300378564,-0.15639639286260154]","[0.03565730003435841,0.13433292501929256,0.39428728874260277]","[2.327447000153411,0.4751231722522191,0.047371602575595695,-2.214765529834385,1.0009625543894802,-1.1074636880422513]",1000000,"[0.03565730003435841,0.13433292501929256,0.39428728874260277]",1000000,True,True,path_ready_exact_validated_preview_only,False,,13,93,18.348384,21.029888001066865,315,0,15.444736000000002,130,22,0.03791256816742791,17.23798848589929,1.5777111080077522,18.81569959390704,8,"[130,298,231,374,175,127,628,22]","[1.7752548523920488,1.6044041162471503,1.0279372763339176,-0.3227321209990244,0.35716105300378564,-0.15639639286260154]"
14,4,9004,guarded_gng,2,34,1,scene_001,1,3,clear,none,"{""difficulty"":""low"",""obstacle_kind"":""segment""}",159,"[1.7752548523920488,1.6044041162471503,1.0279372763339176,-0.3227321209990244,0.35716105300378564,-0.15639639286260154]","[0.03565730003435841,0.13433292501929256,0.39428728874260277]","[2.327447000153411,0.4751231722522191,0.047371602575595695,-2.214765529834385,1.0009625543894802,-1.1074636880422513]",1000010,"[0.03565730003435841,0.13433292501929256,0.39428728874260277]",1000010,True,True,path_ready_exact_validated_preview_only,False,,0,0,16.556768,19.095072002528468,315,0,15.344287999999995,130,22,0.03791256816742791,17.23798848589929,1.5777111080077522,18.81569959390704,8,"[130,298,231,374,175,127,628,22]","[1.7752548523920488,1.6044041162471503,1.0279372763339176,-0.3227321209990244,0.35716105300378564,-0.15639639286260154]"
14,4,9004,guarded_gng,2,34,1,scene_001,1,3,dynamic,segment,"{""difficulty"":""low"",""obstacle_kind"":""segment""}",160,"[1.7752548523920488,1.6044041162471503,1.0279372763339176,-0.3227321209990244,0.35716105300378564,-0.15639639286260154]","[0.03565730003435841,0.13433292501929256,0.39428728874260277]","[2.327447000153411,0.4751231722522191,0.047371602575595695,-2.214765529834385,1.0009625543894802,-1.1074636880422513]",1000010,"[0.03565730003435841,0.13433292501929256,0.39428728874260277]",1000010,True,True,path_ready_exact_validated_preview_only,False,,21,140,26.548224,30.116800000541843,315,0,16.456832,130,22,0.03791256816742791,17.23798848589929,1.5777111080077522,18.81569959390704,8,"[130,298,231,374,175,127,628,22]","[1.7752548523920488,1.6044041162471503,1.0279372763339176,-0.3227321209990244,0.35716105300378564,-0.15639639286260154]"
14,4,9004,guarded_gng,2,34,1,scene_002,2,4,clear,none,"{""difficulty"":""medium"",""obstacle_kind"":""point""}",161,"[1.0075096843396212,-0.41001328024971984,-0.04579821135638351,-1.365396529458779,-1.618045939770905,0.7289194655407472]","[0.03264309242939785,-0.3532775500232304,-0.07352878623958653]","[1.575649157855965,-1.7801594446100768,-0.1066332636582279,0.39050643819192565,-0.31099375994305833,-0.11930073153858922]",1000020,"[0.03264309242939785,-0.3532775500232304,-0.07352878623958653]",1000020,True,True,path_ready_exact_validated_preview_only,False,,0,0,6.038752,9.059007999894675,236,0,4.871456000000003,243,681,0.030579289530677452,13.852866782525645,1.0063654688905368,14.85923225141618,7,"[243,248,754,106,187,261,681]","[1.0075096843396212,-0.41001328024971984,-0.04579821135638351,-1.365396529458779,-1.618045939770905,0.7289194655407472]"
14,4,9004,guarded_gng,2,34,1,scene_002,2,4,dynamic,point,"{""difficulty"":""medium"",""obstacle_kind"":""point""}",162,"[1.0075096843396212,-0.41001328024971984,-0.04579821135638351,-1.365396529458779,-1.618045939770905,0.7289194655407472]","[0.03264309242939785,-0.3532775500232304,-0.07352878623958653]","[1.575649157855965,-1.7801594446100768,-0.1066332636582279,0.39050643819192565,-0.31099375994305833,-0.11930073153858922]",1000020,"[0.03264309242939785,-0.3532775500232304,-0.07352878623958653]",1000020,True,True,path_ready_exact_validated_preview_only,False,,8,92,8.808288,11.376575999747729,234,0,5.369760000000002,243,681,0.030579289530677452,15.149260825173762,1.0063654688905368,16.155626294064298,9,"[243,565,2,84,498,131,494,261,681]","[1.0075096843396212,-0.41001328024971984,-0.04579821135638351,-1.365396529458779,-1.618045939770905,0.7289194655407472]"
14,4,9004,guarded_gng,2,34,1,scene_003,3,5,clear,none,"{""difficulty"":""medium"",""obstacle_kind"":""segment""}",163,"[1.0075096843396212,-0.41001328024971984,-0.04579821135638351,-1.365396529458779,-1.618045939770905,0.7289194655407472]","[0.03264309242939785,-0.3532775500232304,-0.07352878623958653]","[1.575649157855965,-1.7801594446100768,-0.1066332636582279,0.39050643819192565,-0.31099375994305833,-0.11930073153858922]",1000030,"[0.03264309242939785,-0.3532775500232304,-0.07352878623958653]",1000030,True,True,path_ready_exact_validated_preview_only,False,,0,0,5.840096,7.977952001965605,236,0,4.766784000000003,243,681,0.030579289530677452,13.852866782525645,1.0063654688905368,14.85923225141618,7,"[243,248,754,106,187,261,681]","[1.0075096843396212,-0.41001328024971984,-0.04579821135638351,-1.365396529458779,-1.618045939770905,0.7289194655407472]"
14,4,9004,guarded_gng,2,34,1,scene_003,3,5,dynamic,segment,"{""difficulty"":""medium"",""obstacle_kind"":""segment""}",164,"[1.0075096843396212,-0.41001328024971984,-0.04579821135638351,-1.365396529458779,-1.618045939770905,0.7289194655407472]","[0.03264309242939785,-0.3532775500232304,-0.07352878623958653]","[1.575649157855965,-1.7801594446100768,-0.1066332636582279,0.39050643819192565,-0.31099375994305833,-0.11930073153858922]",1000030,"[0.03264309242939785,-0.3532775500232304,-0.07352878623958653]",1000030,True,True,path_ready_exact_validated_preview_only,False,,21,183,16.630368,19.11763200041605,246,0,5.692896000000001,243,681,0.030579289530677452,15.55897171490364,1.0063654688905368,16.565337183794178,9,"[243,565,2,84,498,131,494,73,681]","[1.0075096843396212,-0.41001328024971984,-0.04579821135638351,-1.365396529458779,-1.618045939770905,0.7289194655407472]"
15,5,9005,halton_prm,0,35,1,scene_005,5,0,clear,none,"{""difficulty"":""high"",""obstacle_kind"":""segment""}",215,"[-2.1230190502539448,-1.4147414260453588,0.26437216882660053,1.2194913724220147,1.672180996987046,1.5886364397727109]","[-0.04611698697205266,-0.024969701214781266,0.2218060128781193]","[-0.8077631532677074,1.4835615271554126,-1.4581959606298902,0.3785138032566211,-1.4084514626399218,0.613324509477494]",1000050,"[-0.04611698697205266,-0.024969701214781266,0.2218060128781193]",1000050,True,True,path_ready_exact_validated_preview_only,False,,0,0,7.76592,10.4462080016674,336,0,6.671968000000001,295,176,0.02432855959813854,21.177138482230987,0.6592655334156637,21.83640401564665,10,"[295,353,659,525,236,768,170,339,369,176]","[-2.1230190502539448,-1.4147414260453588,0.26437216882660053,1.2194913724220147,1.672180996987046,1.5886364397727109]"
15,5,9005,halton_prm,0,35,1,scene_005,5,0,dynamic,segment,"{""difficulty"":""high"",""obstacle_kind"":""segment""}",216,"[-2.1230190502539448,-1.4147414260453588,0.26437216882660053,1.2194913724220147,1.672180996987046,1.5886364397727109]","[-0.04611698697205266,-0.024969701214781266,0.2218060128781193]","[-0.8077631532677074,1.4835615271554126,-1.4581959606298902,0.3785138032566211,-1.4084514626399218,0.613324509477494]",1000050,"[-0.04611698697205266,-0.024969701214781266,0.2218060128781193]",1000050,True,True,path_ready_exact_validated_preview_only,False,,25,412,23.7264,26.610815999447368,336,0,7.726367999999998,295,176,0.02432855959813854,21.177138482230987,0.6592655334156637,21.83640401564665,10,"[295,353,659,525,236,768,170,339,369,176]","[-2.1230190502539448,-1.4147414260453588,0.26437216882660053,1.2194913724220147,1.672180996987046,1.5886364397727109]"
15,5,9005,halton_prm,0,35,1,scene_000,0,1,clear,none,"{""difficulty"":""low"",""obstacle_kind"":""point""}",205,"[1.7752548523920488,1.6044041162471503,1.0279372763339176,-0.3227321209990244,0.35716105300378564,-0.15639639286260154]","[0.03565730003435841,0.13433292501929256,0.39428728874260277]","[2.327447000153411,0.4751231722522191,0.047371602575595695,-2.214765529834385,1.0009625543894802,-1.1074636880422513]",1000000,"[0.03565730003435841,0.13433292501929256,0.39428728874260277]",1000000,True,True,path_ready_exact_validated_preview_only,False,,0,0,6.360736,8.954431999882217,269,0,5.4001600000000005,424,159,0.013768496926653231,16.1306613180794,1.9733080729394823,18.103969391018882,11,"[424,342,696,755,233,389,661,305,139,475,159]","[1.7752548523920488,1.6044041162471503,1.0279372763339176,-0.3227321209990244,0.35716105300378564,-0.15639639286260154]"
15,5,9005,halton_prm,0,35,1,scene_000,0,1,dynamic,point,"{""difficulty"":""low"",""obstacle_kind"":""point""}",206,"[1.7752548523920488,1.6044041162471503,1.0279372763339176,-0.3227321209990244,0.35716105300378564,-0.15639639286260154]","[0.03565730003435841,0.13433292501929256,0.39428728874260277]","[2.327447000153411,0.4751231722522191,0.047371602575595695,-2.214765529834385,1.0009625543894802,-1.1074636880422513]",1000000,"[0.03565730003435841,0.13433292501929256,0.39428728874260277]",1000000,True,True,path_ready_exact_validated_preview_only,False,,7,24,7.61696,10.332543999538757,269,0,5.396831999999998,424,159,0.013768496926653231,16.1306613180794,1.9733080729394823,18.103969391018882,11,"[424,342,696,755,233,389,661,305,139,475,159]","[1.7752548523920488,1.6044041162471503,1.0279372763339176,-0.3227321209990244,0.35716105300378564,-0.15639639286260154]"
15,5,9005,halton_prm,0,35,1,scene_001,1,2,clear,none,"{""difficulty"":""low"",""obstacle_kind"":""segment""}",207,"[1.7752548523920488,1.6044041162471503,1.0279372763339176,-0.3227321209990244,0.35716105300378564,-0.15639639286260154]","[0.03565730003435841,0.13433292501929256,0.39428728874260277]","[2.327447000153411,0.4751231722522191,0.047371602575595695,-2.214765529834385,1.0009625543894802,-1.1074636880422513]",1000010,"[0.03565730003435841,0.13433292501929256,0.39428728874260277]",1000010,True,True,path_ready_exact_validated_preview_only,False,,0,0,6.977472,9.885023999231635,269,0,5.920960000000001,424,159,0.013768496926653231,16.1306613180794,1.9733080729394823,18.103969391018882,11,"[424,342,696,755,233,389,661,305,139,475,159]","[1.7752548523920488,1.6044041162471503,1.0279372763339176,-0.3227321209990244,0.35716105300378564,-0.15639639286260154]"
15,5,9005,halton_prm,0,35,1,scene_001,1,2,dynamic,segment,"{""difficulty"":""low"",""obstacle_kind"":""segment""}",208,"[1.7752548523920488,1.6044041162471503,1.0279372763339176,-0.3227321209990244,0.35716105300378564,-0.15639639286260154]","[0.03565730003435841,0.13433292501929256,0.39428728874260277]","[2.327447000153411,0.4751231722522191,0.047371602575595695,-2.214765529834385,1.0009625543894802,-1.1074636880422513]",1000010,"[0.03565730003435841,0.13433292501929256,0.39428728874260277]",1000010,True,True,path_ready_exact_validated_preview_only,False,,10,41,14.341024,17.864640001789667,269,0,5.507488,424,159,0.013768496926653231,16.1306613180794,1.9733080729394823,18.103969391018882,11,"[424,342,696,755,233,389,661,305,139,475,159]","[1.7752548523920488,1.6044041162471503,1.0279372763339176,-0.3227321209990244,0.35716105300378564,-0.15639639286260154]"
15,5,9005,halton_prm,0,35,1,scene_002,2,3,clear,none,"{""difficulty"":""medium"",""obstacle_kind"":""point""}",209,"[1.0075096843396212,-0.41001328024971984,-0.04579821135638351,-1.365396529458779,-1.618045939770905,0.7289194655407472]","[0.03264309242939785,-0.3532775500232304,-0.07352878623958653]","[1.575649157855965,-1.7801594446100768,-0.1066332636582279,0.39050643819192565,-0.31099375994305833,-0.11930073153858922]",1000020,"[0.03264309242939785,-0.3532775500232304,-0.07352878623958653]",4294967295,False,False,target_outside_reachability_intersection,False,,0,0,1.831072,3.7468160007847473,21,0,0.708288,526,4294967295,-1.0,-1.0,1.4124894884547787,-1.0,0,[],"[1.0075096843396212,-0.41001328024971984,-0.04579821135638351,-1.365396529458779,-1.618045939770905,0.7289194655407472]"
15,5,9005,halton_prm,0,35,1,scene_002,2,3,dynamic,point,"{""difficulty"":""medium"",""obstacle_kind"":""point""}",210,"[1.0075096843396212,-0.41001328024971984,-0.04579821135638351,-1.365396529458779,-1.618045939770905,0.7289194655407472]","[0.03264309242939785,-0.3532775500232304,-0.07352878623958653]","[1.575649157855965,-1.7801594446100768,-0.1066332636582279,0.39050643819192565,-0.31099375994305833,-0.11930073153858922]",1000020,"[0.03264309242939785,-0.3532775500232304,-0.07352878623958653]",4294967295,False,False,target_outside_reachability_intersection,False,,6,35,2.973408,4.661951999878511,21,0,0.7622079999999999,526,4294967295,-1.0,-1.0,1.4124894884547787,-1.0,0,[],"[1.0075096843396212,-0.41001328024971984,-0.04579821135638351,-1.365396529458779,-1.618045939770905,0.7289194655407472]"
15,5,9005,halton_prm,0,35,1,scene_003,3,4,clear,none,"{""difficulty"":""medium"",""obstacle_kind"":""segment""}",211,"[1.0075096843396212,-0.41001328024971984,-0.04579821135638351,-1.365396529458779,-1.618045939770905,0.7289194655407472]","[0.03264309242939785,-0.3532775500232304,-0.07352878623958653]","[1.575649157855965,-1.7801594446100768,-0.1066332636582279,0.39050643819192565,-0.31099375994305833,-0.11930073153858922]",1000030,"[0.03264309242939785,-0.3532775500232304,-0.07352878623958653]",4294967295,False,False,target_outside_reachability_intersection,False,,0,0,1.734272,3.5048320023634005,21,0,0.742144,526,4294967295,-1.0,-1.0,1.4124894884547787,-1.0,0,[],"[1.0075096843396212,-0.41001328024971984,-0.04579821135638351,-1.365396529458779,-1.618045939770905,0.7289194655407472]"
15,5,9005,halton_prm,0,35,1,scene_003,3,4,dynamic,segment,"{""difficulty"":""medium"",""obstacle_kind"":""segment""}",212,"[1.0075096843396212,-0.41001328024971984,-0.04579821135638351,-1.365396529458779,-1.618045939770905,0.7289194655407472]","[0.03264309242939785,-0.3532775500232304,-0.07352878623958653]","[1.575649157855965,-1.7801594446100768,-0.1066332636582279,0.39050643819192565,-0.31099375994305833,-0.11930073153858922]",1000030,"[0.03264309242939785,-0.3532775500232304,-0.07352878623958653]",4294967295,False,False,target_outside_reachability_intersection,False,,14,65,8.599424,10.494111997104483,21,0,0.7376960000000001,526,4294967295,-1.0,-1.0,1.4124894884547787,-1.0,0,[],"[1.0075096843396212,-0.41001328024971984,-0.04579821135638351,-1.365396529458779,-1.618045939770905,0.7289194655407472]"
15,5,9005,halton_prm,0,35,1,scene_004,4,5,clear,none,"{""difficulty"":""high"",""obstacle_kind"":""point""}",213,"[-2.1230190502539448,-1.4147414260453588,0.26437216882660053,1.2194913724220147,1.672180996987046,1.5886364397727109]","[-0.04611698697205266,-0.024969701214781266,0.2218060128781193]","[-0.8077631532677074,1.4835615271554126,-1.4581959606298902,0.3785138032566211,-1.4084514626399218,0.613324509477494]",1000040,"[-0.04611698697205266,-0.024969701214781266,0.2218060128781193]",1000040,True,True,path_ready_exact_validated_preview_only,False,,0,0,8.03296,11.774303999118274,336,0,7.113439999999995,295,176,0.02432855959813854,21.177138482230987,0.6592655334156637,21.83640401564665,10,"[295,353,659,525,236,768,170,339,369,176]","[-2.1230190502539448,-1.4147414260453588,0.26437216882660053,1.2194913724220147,1.672180996987046,1.5886364397727109]"
15,5,9005,halton_prm,0,35,1,scene_004,4,5,dynamic,point,"{""difficulty"":""high"",""obstacle_kind"":""point""}",214,"[-2.1230190502539448,-1.4147414260453588,0.26437216882660053,1.2194913724220147,1.672180996987046,1.5886364397727109]","[-0.04611698697205266,-0.024969701214781266,0.2218060128781193]","[-0.8077631532677074,1.4835615271554126,-1.4581959606298902,0.3785138032566211,-1.4084514626399218,0.613324509477494]",1000040,"[-0.04611698697205266,-0.024969701214781266,0.2218060128781193]",1000040,True,True,path_ready_exact_validated_preview_only,False,,11,207,13.433408,17.308671998762293,336,0,8.493727999999997,295,176,0.02432855959813854,21.177138482230987,0.6592655334156637,21.83640401564665,10,"[295,353,659,525,236,768,170,339,369,176]","[-2.1230190502539448,-1.4147414260453588,0.26437216882660053,1.2194913724220147,1.672180996987046,1.5886364397727109]"
16,5,9005,guarded_gng,1,36,1,scene_005,5,0,clear,none,"{""difficulty"":""high"",""obstacle_kind"":""segment""}",203,"[-2.1230190502539448,-1.4147414260453588,0.26437216882660053,1.2194913724220147,1.672180996987046,1.5886364397727109]","[-0.04611698697205266,-0.024969701214781266,0.2218060128781193]","[-0.8077631532677074,1.4835615271554126,-1.4581959606298902,0.3785138032566211,-1.4084514626399218,0.613324509477494]",1000050,"[-0.04611698697205266,-0.024969701214781266,0.2218060128781193]",1000050,True,True,path_ready_exact_validated_preview_only,False,,0,0,8.985056,12.14723200246226,210,0,7.569568000000002,378,426,0.032270040087871786,13.560765461058987,1.682270106614771,15.243035567673758,7,"[378,366,345,304,587,779,426]","[-2.1230190502539448,-1.4147414260453588,0.26437216882660053,1.2194913724220147,1.672180996987046,1.5886364397727109]"
16,5,9005,guarded_gng,1,36,1,scene_005,5,0,dynamic,segment,"{""difficulty"":""high"",""obstacle_kind"":""segment""}",204,"[-2.1230190502539448,-1.4147414260453588,0.26437216882660053,1.2194913724220147,1.672180996987046,1.5886364397727109]","[-0.04611698697205266,-0.024969701214781266,0.2218060128781193]","[-0.8077631532677074,1.4835615271554126,-1.4581959606298902,0.3785138032566211,-1.4084514626399218,0.613324509477494]",1000050,"[-0.04611698697205266,-0.024969701214781266,0.2218060128781193]",1000050,True,True,path_ready_exact_validated_preview_only,False,,31,450,25.948064,29.41120000105002,231,0,6.431487999999998,378,426,0.032270040087871786,15.059636435279106,1.682270106614771,16.741906541893876,7,"[378,607,528,675,228,204,426]","[-2.1230190502539448,-1.4147414260453588,0.26437216882660053,1.2194913724220147,1.672180996987046,1.5886364397727109]"
16,5,9005,guarded_gng,1,36,1,scene_000,0,1,clear,none,"{""difficulty"":""low"",""obstacle_kind"":""point""}",193,"[1.7752548523920488,1.6044041162471503,1.0279372763339176,-0.3227321209990244,0.35716105300378564,-0.15639639286260154]","[0.03565730003435841,0.13433292501929256,0.39428728874260277]","[2.327447000153411,0.4751231722522191,0.047371602575595695,-2.214765529834385,1.0009625543894802,-1.1074636880422513]",1000000,"[0.03565730003435841,0.13433292501929256,0.39428728874260277]",1000000,True,True,path_ready_exact_validated_preview_only,False,,0,0,7.83328,10.668704002455343,291,0,6.745088000000003,513,53,0.03387410465485326,17.65464407960704,0.72428517175494,18.378929251361978,10,"[513,486,221,277,20,684,24,3,724,53]","[1.7752548523920488,1.6044041162471503,1.0279372763339176,-0.3227321209990244,0.35716105300378564,-0.15639639286260154]"
16,5,9005,guarded_gng,1,36,1,scene_000,0,1,dynamic,point,"{""difficulty"":""low"",""obstacle_kind"":""point""}",194,"[1.7752548523920488,1.6044041162471503,1.0279372763339176,-0.3227321209990244,0.35716105300378564,-0.15639639286260154]","[0.03565730003435841,0.13433292501929256,0.39428728874260277]","[2.327447000153411,0.4751231722522191,0.047371602575595695,-2.214765529834385,1.0009625543894802,-1.1074636880422513]",1000000,"[0.03565730003435841,0.13433292501929256,0.39428728874260277]",1000000,True,True,path_ready_exact_validated_preview_only,False,,3,45,9.594304,12.44211200173595,291,0,6.5542399999999965,513,53,0.03387410465485326,17.65464407960704,0.72428517175494,18.378929251361978,10,"[513,486,221,277,20,684,24,3,724,53]","[1.7752548523920488,1.6044041162471503,1.0279372763339176,-0.3227321209990244,0.35716105300378564,-0.15639639286260154]"
16,5,9005,guarded_gng,1,36,1,scene_001,1,2,clear,none,"{""difficulty"":""low"",""obstacle_kind"":""segment""}",195,"[1.7752548523920488,1.6044041162471503,1.0279372763339176,-0.3227321209990244,0.35716105300378564,-0.15639639286260154]","[0.03565730003435841,0.13433292501929256,0.39428728874260277]","[2.327447000153411,0.4751231722522191,0.047371602575595695,-2.214765529834385,1.0009625543894802,-1.1074636880422513]",1000010,"[0.03565730003435841,0.13433292501929256,0.39428728874260277]",1000010,True,True,path_ready_exact_validated_preview_only,False,,0,0,8.169344,11.147199998958968,291,0,7.057215999999997,513,53,0.03387410465485326,17.65464407960704,0.72428517175494,18.378929251361978,10,"[513,486,221,277,20,684,24,3,724,53]","[1.7752548523920488,1.6044041162471503,1.0279372763339176,-0.3227321209990244,0.35716105300378564,-0.15639639286260154]"
16,5,9005,guarded_gng,1,36,1,scene_001,1,2,dynamic,segment,"{""difficulty"":""low"",""obstacle_kind"":""segment""}",196,"[1.7752548523920488,1.6044041162471503,1.0279372763339176,-0.3227321209990244,0.35716105300378564,-0.15639639286260154]","[0.03565730003435841,0.13433292501929256,0.39428728874260277]","[2.327447000153411,0.4751231722522191,0.047371602575595695,-2.214765529834385,1.0009625543894802,-1.1074636880422513]",1000010,"[0.03565730003435841,0.13433292501929256,0.39428728874260277]",1000010,True,True,path_ready_exact_validated_preview_only,False,,9,76,17.74224,20.53449600134627,291,0,6.373951999999999,513,53,0.03387410465485326,17.65464407960704,0.72428517175494,18.378929251361978,10,"[513,486,221,277,20,684,24,3,724,53]","[1.7752548523920488,1.6044041162471503,1.0279372763339176,-0.3227321209990244,0.35716105300378564,-0.15639639286260154]"
16,5,9005,guarded_gng,1,36,1,scene_002,2,3,clear,none,"{""difficulty"":""medium"",""obstacle_kind"":""point""}",197,"[1.0075096843396212,-0.41001328024971984,-0.04579821135638351,-1.365396529458779,-1.618045939770905,0.7289194655407472]","[0.03264309242939785,-0.3532775500232304,-0.07352878623958653]","[1.575649157855965,-1.7801594446100768,-0.1066332636582279,0.39050643819192565,-0.31099375994305833,-0.11930073153858922]",1000020,"[0.03264309242939785,-0.3532775500232304,-0.07352878623958653]",1000020,True,True,path_ready_exact_validated_preview_only,False,,0,0,9.82304,12.693248001596658,313,0,8.393759999999999,279,693,0.013253716970409049,19.859627340799882,1.4124894884547783,21.27211682925466,11,"[279,396,166,326,157,465,282,417,599,57,693]","[1.0075096843396212,-0.41001328024971984,-0.04579821135638351,-1.365396529458779,-1.618045939770905,0.7289194655407472]"
16,5,9005,guarded_gng,1,36,1,scene_002,2,3,dynamic,point,"{""difficulty"":""medium"",""obstacle_kind"":""point""}",198,"[1.0075096843396212,-0.41001328024971984,-0.04579821135638351,-1.365396529458779,-1.618045939770905,0.7289194655407472]","[0.03264309242939785,-0.3532775500232304,-0.07352878623958653]","[1.575649157855965,-1.7801594446100768,-0.1066332636582279,0.39050643819192565,-0.31099375994305833,-0.11930073153858922]",1000020,"[0.03264309242939785,-0.3532775500232304,-0.07352878623958653]",1000020,True,True,path_ready_exact_validated_preview_only,False,,6,67,10.283712,13.188863998948364,332,0,7.3792319999999965,279,693,0.013253716970409049,20.41458151861772,1.4124894884547783,21.827071007072497,11,"[279,396,166,326,273,757,670,592,46,96,693]","[1.0075096843396212,-0.41001328024971984,-0.04579821135638351,-1.365396529458779,-1.618045939770905,0.7289194655407472]"
16,5,9005,guarded_gng,1,36,1,scene_003,3,4,clear,none,"{""difficulty"":""medium"",""obstacle_kind"":""segment""}",199,"[1.0075096843396212,-0.41001328024971984,-0.04579821135638351,-1.365396529458779,-1.618045939770905,0.7289194655407472]","[0.03264309242939785,-0.3532775500232304,-0.07352878623958653]","[1.575649157855965,-1.7801594446100768,-0.1066332636582279,0.39050643819192565,-0.31099375994305833,-0.11930073153858922]",1000030,"[0.03264309242939785,-0.3532775500232304,-0.07352878623958653]",1000030,True,True,path_ready_exact_validated_preview_only,False,,0,0,9.405472,12.089951997040771,313,0,8.134432000000004,279,693,0.013253716970409049,19.859627340799882,1.4124894884547783,21.27211682925466,11,"[279,396,166,326,157,465,282,417,599,57,693]","[1.0075096843396212,-0.41001328024971984,-0.04579821135638351,-1.365396529458779,-1.618045939770905,0.7289194655407472]"
16,5,9005,guarded_gng,1,36,1,scene_003,3,4,dynamic,segment,"{""difficulty"":""medium"",""obstacle_kind"":""segment""}",200,"[1.0075096843396212,-0.41001328024971984,-0.04579821135638351,-1.365396529458779,-1.618045939770905,0.7289194655407472]","[0.03264309242939785,-0.3532775500232304,-0.07352878623958653]","[1.575649157855965,-1.7801594446100768,-0.1066332636582279,0.39050643819192565,-0.31099375994305833,-0.11930073153858922]",1000030,"[0.03264309242939785,-0.3532775500232304,-0.07352878623958653]",1000030,True,True,path_ready_exact_validated_preview_only,False,,17,113,18.503616,21.616895999613917,332,0,8.471551999999994,279,693,0.013253716970409049,20.41458151861772,1.4124894884547783,21.827071007072497,11,"[279,396,166,326,273,757,670,592,46,96,693]","[1.0075096843396212,-0.41001328024971984,-0.04579821135638351,-1.365396529458779,-1.618045939770905,0.7289194655407472]"
16,5,9005,guarded_gng,1,36,1,scene_004,4,5,clear,none,"{""difficulty"":""high"",""obstacle_kind"":""point""}",201,"[-2.1230190502539448,-1.4147414260453588,0.26437216882660053,1.2194913724220147,1.672180996987046,1.5886364397727109]","[-0.04611698697205266,-0.024969701214781266,0.2218060128781193]","[-0.8077631532677074,1.4835615271554126,-1.4581959606298902,0.3785138032566211,-1.4084514626399218,0.613324509477494]",1000040,"[-0.04611698697205266,-0.024969701214781266,0.2218060128781193]",1000040,True,True,path_ready_exact_validated_preview_only,False,,0,0,8.968672,11.740416000975529,210,0,7.666687999999996,378,426,0.032270040087871786,13.560765461058987,1.682270106614771,15.243035567673758,7,"[378,366,345,304,587,779,426]","[-2.1230190502539448,-1.4147414260453588,0.26437216882660053,1.2194913724220147,1.672180996987046,1.5886364397727109]"
16,5,9005,guarded_gng,1,36,1,scene_004,4,5,dynamic,point,"{""difficulty"":""high"",""obstacle_kind"":""point""}",202,"[-2.1230190502539448,-1.4147414260453588,0.26437216882660053,1.2194913724220147,1.672180996987046,1.5886364397727109]","[-0.04611698697205266,-0.024969701214781266,0.2218060128781193]","[-0.8077631532677074,1.4835615271554126,-1.4581959606298902,0.3785138032566211,-1.4084514626399218,0.613324509477494]",1000040,"[-0.04611698697205266,-0.024969701214781266,0.2218060128781193]",1000040,True,True,path_ready_exact_validated_preview_only,False,,18,255,14.588864,17.43593599894666,210,0,7.778592000000003,378,426,0.032270040087871786,13.560765461058987,1.682270106614771,15.243035567673758,7,"[378,366,345,304,587,779,426]","[-2.1230190502539448,-1.4147414260453588,0.26437216882660053,1.2194913724220147,1.672180996987046,1.5886364397727109]"
17,5,9005,gng,2,37,1,scene_005,5,0,clear,none,"{""difficulty"":""high"",""obstacle_kind"":""segment""}",191,"[-2.1230190502539448,-1.4147414260453588,0.26437216882660053,1.2194913724220147,1.672180996987046,1.5886364397727109]","[-0.04611698697205266,-0.024969701214781266,0.2218060128781193]","[-0.8077631532677074,1.4835615271554126,-1.4581959606298902,0.3785138032566211,-1.4084514626399218,0.613324509477494]",1000050,"[-0.04611698697205266,-0.024969701214781266,0.2218060128781193]",4294967295,False,False,target_outside_reachability_intersection,False,,0,0,3.58944,5.708607997803483,20,0,1.0350079999999997,92,4294967295,-1.0,-1.0,1.4318660000256254,-1.0,0,[],"[-2.1230190502539448,-1.4147414260453588,0.26437216882660053,1.2194913724220147,1.672180996987046,1.5886364397727109]"
17,5,9005,gng,2,37,1,scene_005,5,0,dynamic,segment,"{""difficulty"":""high"",""obstacle_kind"":""segment""}",192,"[-2.1230190502539448,-1.4147414260453588,0.26437216882660053,1.2194913724220147,1.672180996987046,1.5886364397727109]","[-0.04611698697205266,-0.024969701214781266,0.2218060128781193]","[-0.8077631532677074,1.4835615271554126,-1.4581959606298902,0.3785138032566211,-1.4084514626399218,0.613324509477494]",1000050,"[-0.04611698697205266,-0.024969701214781266,0.2218060128781193]",4294967295,False,False,target_outside_reachability_intersection,False,,19,320,14.83984,16.877440000826027,20,0,0.474688,92,4294967295,-1.0,-1.0,1.4318660000256254,-1.0,0,[],"[-2.1230190502539448,-1.4147414260453588,0.26437216882660053,1.2194913724220147,1.672180996987046,1.5886364397727109]"
17,5,9005,gng,2,37,1,scene_000,0,1,clear,none,"{""difficulty"":""low"",""obstacle_kind"":""point""}",181,"[1.7752548523920488,1.6044041162471503,1.0279372763339176,-0.3227321209990244,0.35716105300378564,-0.15639639286260154]","[0.03565730003435841,0.13433292501929256,0.39428728874260277]","[2.327447000153411,0.4751231722522191,0.047371602575595695,-2.214765529834385,1.0009625543894802,-1.1074636880422513]",1000000,"[0.03565730003435841,0.13433292501929256,0.39428728874260277]",1000000,True,True,path_ready_exact_validated_preview_only,False,,0,0,5.760544,8.411359998717671,195,0,4.275807999999998,291,378,0.03362410095525227,9.630855631068588,1.3426485221249593,10.973504153193547,8,"[291,606,496,696,270,532,791,378]","[1.7752548523920488,1.6044041162471503,1.0279372763339176,-0.3227321209990244,0.35716105300378564,-0.15639639286260154]"
17,5,9005,gng,2,37,1,scene_000,0,1,dynamic,point,"{""difficulty"":""low"",""obstacle_kind"":""point""}",182,"[1.7752548523920488,1.6044041162471503,1.0279372763339176,-0.3227321209990244,0.35716105300378564,-0.15639639286260154]","[0.03565730003435841,0.13433292501929256,0.39428728874260277]","[2.327447000153411,0.4751231722522191,0.047371602575595695,-2.214765529834385,1.0009625543894802,-1.1074636880422513]",1000000,"[0.03565730003435841,0.13433292501929256,0.39428728874260277]",1000000,True,True,path_ready_exact_validated_preview_only,False,,11,137,11.348992,14.818784002272878,242,0,5.814016000000001,291,378,0.03362410095525227,14.016727689600605,1.3426485221249593,15.359376211725564,8,"[291,528,523,392,418,618,32,378]","[1.7752548523920488,1.6044041162471503,1.0279372763339176,-0.3227321209990244,0.35716105300378564,-0.15639639286260154]"
17,5,9005,gng,2,37,1,scene_001,1,2,clear,none,"{""difficulty"":""low"",""obstacle_kind"":""segment""}",183,"[1.7752548523920488,1.6044041162471503,1.0279372763339176,-0.3227321209990244,0.35716105300378564,-0.15639639286260154]","[0.03565730003435841,0.13433292501929256,0.39428728874260277]","[2.327447000153411,0.4751231722522191,0.047371602575595695,-2.214765529834385,1.0009625543894802,-1.1074636880422513]",1000010,"[0.03565730003435841,0.13433292501929256,0.39428728874260277]",1000010,True,True,path_ready_exact_validated_preview_only,False,,0,0,6.291936,9.125119999225717,195,0,4.960896000000001,291,378,0.03362410095525227,9.630855631068588,1.3426485221249593,10.973504153193547,8,"[291,606,496,696,270,532,791,378]","[1.7752548523920488,1.6044041162471503,1.0279372763339176,-0.3227321209990244,0.35716105300378564,-0.15639639286260154]"
17,5,9005,gng,2,37,1,scene_001,1,2,dynamic,segment,"{""difficulty"":""low"",""obstacle_kind"":""segment""}",184,"[1.7752548523920488,1.6044041162471503,1.0279372763339176,-0.3227321209990244,0.35716105300378564,-0.15639639286260154]","[0.03565730003435841,0.13433292501929256,0.39428728874260277]","[2.327447000153411,0.4751231722522191,0.047371602575595695,-2.214765529834385,1.0009625543894802,-1.1074636880422513]",1000010,"[0.03565730003435841,0.13433292501929256,0.39428728874260277]",1000010,True,True,path_ready_exact_validated_preview_only,False,,21,205,25.54656,29.136447999917436,242,0,5.764255999999998,291,378,0.03362410095525227,14.016727689600605,1.3426485221249593,15.359376211725564,8,"[291,528,523,392,418,618,32,378]","[1.7752548523920488,1.6044041162471503,1.0279372763339176,-0.3227321209990244,0.35716105300378564,-0.15639639286260154]"
17,5,9005,gng,2,37,1,scene_002,2,3,clear,none,"{""difficulty"":""medium"",""obstacle_kind"":""point""}",185,"[1.0075096843396212,-0.41001328024971984,-0.04579821135638351,-1.365396529458779,-1.618045939770905,0.7289194655407472]","[0.03264309242939785,-0.3532775500232304,-0.07352878623958653]","[1.575649157855965,-1.7801594446100768,-0.1066332636582279,0.39050643819192565,-0.31099375994305833,-0.11930073153858922]",1000020,"[0.03264309242939785,-0.3532775500232304,-0.07352878623958653]",4294967295,False,False,target_outside_reachability_intersection,False,,0,0,1.588736,3.5496320015226956,13,0,0.33433599999999997,712,4294967295,-1.0,-1.0,1.0528931090271016,-1.0,0,[],"[1.0075096843396212,-0.41001328024971984,-0.04579821135638351,-1.365396529458779,-1.618045939770905,0.7289194655407472]"
17,5,9005,gng,2,37,1,scene_002,2,3,dynamic,point,"{""difficulty"":""medium"",""obstacle_kind"":""point""}",186,"[1.0075096843396212,-0.41001328024971984,-0.04579821135638351,-1.365396529458779,-1.618045939770905,0.7289194655407472]","[0.03264309242939785,-0.3532775500232304,-0.07352878623958653]","[1.575649157855965,-1.7801594446100768,-0.1066332636582279,0.39050643819192565,-0.31099375994305833,-0.11930073153858922]",1000020,"[0.03264309242939785,-0.3532775500232304,-0.07352878623958653]",4294967295,False,False,target_outside_reachability_intersection,False,,13,116,4.38272,6.502751999505563,13,0,0.32467199999999996,712,4294967295,-1.0,-1.0,1.0528931090271016,-1.0,0,[],"[1.0075096843396212,-0.41001328024971984,-0.04579821135638351,-1.365396529458779,-1.618045939770905,0.7289194655407472]"
17,5,9005,gng,2,37,1,scene_003,3,4,clear,none,"{""difficulty"":""medium"",""obstacle_kind"":""segment""}",187,"[1.0075096843396212,-0.41001328024971984,-0.04579821135638351,-1.365396529458779,-1.618045939770905,0.7289194655407472]","[0.03264309242939785,-0.3532775500232304,-0.07352878623958653]","[1.575649157855965,-1.7801594446100768,-0.1066332636582279,0.39050643819192565,-0.31099375994305833,-0.11930073153858922]",1000030,"[0.03264309242939785,-0.3532775500232304,-0.07352878623958653]",4294967295,False,False,target_outside_reachability_intersection,False,,0,0,1.47408,3.236799999285722,13,0,0.33376,712,4294967295,-1.0,-1.0,1.0528931090271016,-1.0,0,[],"[1.0075096843396212,-0.41001328024971984,-0.04579821135638351,-1.365396529458779,-1.618045939770905,0.7289194655407472]"
17,5,9005,gng,2,37,1,scene_003,3,4,dynamic,segment,"{""difficulty"":""medium"",""obstacle_kind"":""segment""}",188,"[1.0075096843396212,-0.41001328024971984,-0.04579821135638351,-1.365396529458779,-1.618045939770905,0.7289194655407472]","[0.03264309242939785,-0.3532775500232304,-0.07352878623958653]","[1.575649157855965,-1.7801594446100768,-0.1066332636582279,0.39050643819192565,-0.31099375994305833,-0.11930073153858922]",1000030,"[0.03264309242939785,-0.3532775500232304,-0.07352878623958653]",4294967295,False,False,target_outside_reachability_intersection,False,,27,228,14.332064,16.540384000109043,13,0,0.32780800000000004,712,4294967295,-1.0,-1.0,1.0528931090271016,-1.0,0,[],"[1.0075096843396212,-0.41001328024971984,-0.04579821135638351,-1.365396529458779,-1.618045939770905,0.7289194655407472]"
17,5,9005,gng,2,37,1,scene_004,4,5,clear,none,"{""difficulty"":""high"",""obstacle_kind"":""point""}",189,"[-2.1230190502539448,-1.4147414260453588,0.26437216882660053,1.2194913724220147,1.672180996987046,1.5886364397727109]","[-0.04611698697205266,-0.024969701214781266,0.2218060128781193]","[-0.8077631532677074,1.4835615271554126,-1.4581959606298902,0.3785138032566211,-1.4084514626399218,0.613324509477494]",1000040,"[-0.04611698697205266,-0.024969701214781266,0.2218060128781193]",4294967295,False,False,target_outside_reachability_intersection,False,,0,0,1.783424,3.6262079993321095,20,0,0.50288,92,4294967295,-1.0,-1.0,1.4318660000256254,-1.0,0,[],"[-2.1230190502539448,-1.4147414260453588,0.26437216882660053,1.2194913724220147,1.672180996987046,1.5886364397727109]"
17,5,9005,gng,2,37,1,scene_004,4,5,dynamic,point,"{""difficulty"":""high"",""obstacle_kind"":""point""}",190,"[-2.1230190502539448,-1.4147414260453588,0.26437216882660053,1.2194913724220147,1.672180996987046,1.5886364397727109]","[-0.04611698697205266,-0.024969701214781266,0.2218060128781193]","[-0.8077631532677074,1.4835615271554126,-1.4581959606298902,0.3785138032566211,-1.4084514626399218,0.613324509477494]",1000040,"[-0.04611698697205266,-0.024969701214781266,0.2218060128781193]",4294967295,False,False,target_outside_reachability_intersection,False,,7,157,5.762464,7.755263999570161,20,0,0.5210560000000001,92,4294967295,-1.0,-1.0,1.4318660000256254,-1.0,0,[],"[-2.1230190502539448,-1.4147414260453588,0.26437216882660053,1.2194913724220147,1.672180996987046,1.5886364397727109]"
